respondent_id,origin_country,destination_country,migration_reason,migration_type,age_group,gender,education_level,year_of_migration,marital_status,monthly_income_usd,sends_remittance
1,Pakistan,Italy,Business/Investment,Work,45-54,Male,Secondary,2010,Divorced,1169,No
2,Sri Lanka,France,Skilled Worker Visa,Work,18-24,Male,PhD,2016,Divorced,1295,Yes
3,Bangladesh,South Korea,Business/Investment,Work,18-24,Female,Bachelor's,2018,Married,1068,Yes
4,Bangladesh,Saudi Arabia,Employment,Work,25-34,Male,Primary,2024,Divorced,1488,No
5,Nepal,Norway,Business/Investment,Work,45-54,Male,Bachelor's,2025,Divorced,465,Yes
6,Pakistan,New Zealand,Employment,Work,35-44,Female,Bachelor's,2017,Single,1241,No
7,Nepal,Oman,Skilled Worker Visa,Work,25-34,Male,Master's,2017,Married,2329,Yes
8,India,France,Economic Hardship,Permanent,25-34,Female,Secondary,2021,Married,1385,Yes
9,Pakistan,Germany,Economic Hardship,Permanent,18-24,Male,Master's,2022,Divorced,1063,Yes
10,Pakistan,Oman,Employment,Work,25-34,Female,Vocational/Technical,2008,Single,600,No
11,Nepal,Qatar,Skilled Worker Visa,Work,45-54,Male,Vocational/Technical,2020,Divorced,1521,Yes
12,Sri Lanka,Canada,Family Reunification,Permanent,18-24,Male,Bachelor's,2021,Married,243,No
13,Nepal,Germany,Family Reunification,Permanent,18-24,Male,PhD,2015,Single,675,Yes
14,Pakistan,Saudi Arabia,Employment,Work,25-34,Male,Bachelor's,2007,Married,1233,Yes
15,Nepal,Italy,Higher Education,Permanent,35-44,Male,Bachelor's,2002,Divorced,3731,Yes
16,India,Norway,Marriage/Spouse,Permanent,18-24,Female,Bachelor's,2022,Divorced,270,Yes
17,Pakistan,South Korea,Higher Education,Permanent,25-34,Male,Bachelor's,2022,Married,1078,Yes
18,Nepal,New Zealand,Marriage/Spouse,Permanent,45-54,Female,Secondary,2025,Married,3171,No
19,India,Saudi Arabia,Employment,Work,35-44,Male,Bachelor's,2018,Single,2648,Yes
20,Nepal,Germany,Skilled Worker Visa,Work,18-24,Male,Master's,2006,Married,708,No
21,Pakistan,New Zealand,Refugee/Asylum,Permanent,18-24,Male,Vocational/Technical,2008,Married,3186,No
22,Sri Lanka,Saudi Arabia,Employment,Work,25-34,Male,Primary,2018,Married,1398,Yes
23,Pakistan,South Korea,Higher Education,Permanent,25-34,Male,Vocational/Technical,2024,Divorced,9582,Yes
24,Bangladesh,Malaysia,Permanent Residency,Permanent,45-54,Male,Secondary,2013,Divorced,2001,Yes
25,Pakistan,Italy,Employment,Work,55+,Male,Secondary,2007,Single,1135,Yes
26,Pakistan,Japan,Family Reunification,Permanent,25-34,Male,Secondary,2015,Single,596,Yes
27,Nepal,South Korea,Permanent Residency,Permanent,25-34,Female,Primary,2018,Married,922,Yes
28,India,UAE,Better Quality of Life,Permanent,35-44,Male,Secondary,2020,Divorced,9143,Yes
29,India,New Zealand,Economic Hardship,Permanent,55+,Female,Bachelor's,2025,Single,2629,Yes
30,Sri Lanka,France,Family Reunification,Permanent,45-54,Male,Bachelor's,2010,Divorced,410,Yes
31,Nepal,Japan,Skilled Worker Visa,Work,18-24,Female,Bachelor's,2021,Single,565,Yes
32,Nepal,Germany,Better Quality of Life,Permanent,25-34,Male,Vocational/Technical,2017,Divorced,538,Yes
33,Bangladesh,Oman,Skilled Worker Visa,Work,35-44,Male,Secondary,2024,Married,5097,Yes
34,Pakistan,Norway,Family Reunification,Permanent,45-54,Female,Master's,2024,Divorced,287,Yes
35,India,Saudi Arabia,Family Reunification,Permanent,45-54,Female,Master's,2000,Married,976,Yes
36,India,Canada,Higher Education,Permanent,18-24,Male,PhD,2005,Married,908,Yes
37,Nepal,New Zealand,Family Reunification,Permanent,45-54,Male,Vocational/Technical,2014,Single,689,No
38,India,Australia,Business/Investment,Work,25-34,Male,Vocational/Technical,2021,Married,2223,Yes
39,Bangladesh,Malaysia,Marriage/Spouse,Permanent,25-34,Male,Secondary,2021,Divorced,730,Yes
40,Bangladesh,France,Business/Investment,Work,25-34,Male,Bachelor's,2008,Single,900,Yes
41,Nepal,Italy,Higher Education,Permanent,35-44,Female,Vocational/Technical,2024,Divorced,541,Yes
42,Bangladesh,UAE,Skilled Worker Visa,Work,18-24,Female,Bachelor's,2011,Married,3198,Yes
43,Sri Lanka,Italy,Permanent Residency,Permanent,35-44,Male,Master's,2025,Married,1398,Yes
44,Bangladesh,United Kingdom,Employment,Work,45-54,Male,Vocational/Technical,2008,Single,437,Yes
45,Nepal,Japan,Skilled Worker Visa,Work,35-44,Female,Secondary,2012,Married,789,Yes
46,Sri Lanka,Italy,Higher Education,Permanent,25-34,Male,Bachelor's,2013,Married,218,No
47,Bangladesh,France,Higher Education,Permanent,45-54,Male,Bachelor's,2010,Single,1764,Yes
48,Nepal,Germany,Skilled Worker Visa,Work,45-54,Female,Vocational/Technical,2019,Married,362,No
49,India,Oman,Better Quality of Life,Permanent,35-44,Female,Vocational/Technical,2020,Divorced,309,Yes
50,Nepal,Canada,Permanent Residency,Permanent,25-34,Male,Vocational/Technical,2017,Divorced,6979,Yes
51,Nepal,Qatar,Business/Investment,Work,55+,Male,Master's,2007,Divorced,1641,No
52,India,Canada,Business/Investment,Work,25-34,Male,Bachelor's,2009,Single,790,Yes
53,Nepal,Saudi Arabia,Family Reunification,Permanent,45-54,Male,Primary,2020,Married,932,Yes
54,Pakistan,United States,Marriage/Spouse,Permanent,35-44,Male,PhD,2013,Single,2283,Yes
55,Sri Lanka,Qatar,Employment,Work,25-34,Male,Vocational/Technical,2010,Single,1491,No
56,India,Germany,Family Reunification,Permanent,55+,Female,Master's,2006,Single,578,Yes
57,Nepal,Australia,Higher Education,Permanent,25-34,Male,Vocational/Technical,2025,Married,2093,Yes
58,Bangladesh,Germany,Family Reunification,Permanent,25-34,Female,Bachelor's,2012,Married,449,Yes
59,Bangladesh,France,Skilled Worker Visa,Work,18-24,Male,Master's,2018,Married,680,No
60,Nepal,New Zealand,Marriage/Spouse,Permanent,25-34,Female,Primary,2003,Divorced,1945,No
61,Sri Lanka,Norway,Employment,Work,25-34,Male,Primary,2015,Single,4149,Yes
62,Pakistan,New Zealand,Better Quality of Life,Permanent,55+,Male,Master's,2013,Married,323,Yes
63,Bangladesh,Japan,Higher Education,Permanent,25-34,Male,Secondary,2007,Married,502,No
64,Sri Lanka,UAE,Permanent Residency,Permanent,25-34,Male,Vocational/Technical,2013,Married,1194,Yes
65,Nepal,United States,Marriage/Spouse,Permanent,35-44,Male,Bachelor's,2016,Single,7284,Yes
66,Pakistan,Oman,Employment,Work,25-34,Male,Bachelor's,2011,Single,3803,Yes
67,Pakistan,Malaysia,Better Quality of Life,Permanent,35-44,Female,PhD,2017,Single,297,Yes
68,Pakistan,Oman,Employment,Work,35-44,Male,Bachelor's,2011,Divorced,1159,Yes
69,India,Norway,Business/Investment,Work,25-34,Female,Bachelor's,2005,Single,207,Yes
70,India,Australia,Refugee/Asylum,Permanent,35-44,Male,Bachelor's,2012,Divorced,535,Yes
71,India,New Zealand,Marriage/Spouse,Permanent,25-34,Female,Master's,2020,Married,289,No
72,Pakistan,Norway,Skilled Worker Visa,Work,25-34,Female,Vocational/Technical,2005,Divorced,502,No
73,Bangladesh,Australia,Business/Investment,Work,55+,Male,Bachelor's,2021,Divorced,1897,No
74,India,New Zealand,Family Reunification,Permanent,18-24,Female,Primary,2018,Single,858,No
75,Sri Lanka,Saudi Arabia,Employment,Work,25-34,Male,Bachelor's,2022,Married,9963,Yes
76,Sri Lanka,Japan,Marriage/Spouse,Permanent,45-54,Male,Secondary,2018,Single,9837,No
77,India,Italy,Employment,Work,25-34,Male,Master's,2020,Married,6481,Yes
78,Sri Lanka,Oman,Economic Hardship,Permanent,25-34,Male,Bachelor's,2002,Divorced,907,Yes
79,Sri Lanka,South Korea,Skilled Worker Visa,Work,35-44,Female,Master's,2022,Divorced,1175,No
80,Nepal,New Zealand,Skilled Worker Visa,Work,55+,Male,Bachelor's,2023,Married,584,Yes
81,Sri Lanka,Malaysia,Marriage/Spouse,Permanent,35-44,Female,Bachelor's,2023,Single,841,Yes
82,India,Japan,Family Reunification,Permanent,35-44,Male,Vocational/Technical,2007,Married,1068,No
83,Pakistan,Japan,Higher Education,Permanent,18-24,Male,Vocational/Technical,2022,Divorced,1071,No
84,India,Norway,Employment,Work,18-24,Male,Secondary,2016,Single,10173,Yes
85,Sri Lanka,Japan,Employment,Work,25-34,Female,Bachelor's,2014,Single,1017,Yes
86,Nepal,New Zealand,Employment,Work,55+,Male,Primary,2008,Divorced,357,Yes
87,Pakistan,Japan,Employment,Work,45-54,Female,Secondary,2016,Divorced,2458,Yes
88,Nepal,Japan,Refugee/Asylum,Permanent,25-34,Male,Bachelor's,2015,Married,306,No
89,Bangladesh,Oman,Marriage/Spouse,Permanent,25-34,Male,Vocational/Technical,2019,Married,925,Yes
90,Nepal,France,Skilled Worker Visa,Work,55+,Female,Vocational/Technical,2025,Divorced,1198,Yes
91,Bangladesh,South Korea,Permanent Residency,Permanent,45-54,Female,Primary,2015,Single,8426,No
92,Pakistan,Italy,Family Reunification,Permanent,55+,Male,Vocational/Technical,2011,Single,311,Yes
93,Nepal,France,Skilled Worker Visa,Work,35-44,Male,Master's,2012,Single,9691,No
94,Pakistan,South Korea,Family Reunification,Permanent,45-54,Male,Master's,2022,Married,3780,Yes
95,Pakistan,Japan,Higher Education,Permanent,55+,Male,Bachelor's,2019,Divorced,670,No
96,Sri Lanka,Canada,Higher Education,Permanent,45-54,Female,Master's,2016,Married,579,Yes
97,Bangladesh,Saudi Arabia,Employment,Work,25-34,Female,Bachelor's,2025,Single,1190,Yes
98,Bangladesh,United Kingdom,Refugee/Asylum,Permanent,45-54,Male,Primary,2011,Divorced,378,Yes
99,Pakistan,South Korea,Skilled Worker Visa,Work,25-34,Male,Secondary,2009,Married,666,Yes
100,Nepal,UAE,Employment,Work,55+,Female,Master's,2016,Single,755,No
101,Pakistan,Qatar,Employment,Work,35-44,Male,Bachelor's,2017,Married,352,No
102,Pakistan,Qatar,Economic Hardship,Permanent,18-24,Male,Vocational/Technical,2010,Divorced,8087,No
103,Bangladesh,Kuwait,Marriage/Spouse,Permanent,35-44,Male,Bachelor's,2020,Divorced,663,Yes
104,Bangladesh,New Zealand,Family Reunification,Permanent,45-54,Male,Primary,2020,Single,1076,Yes
105,Sri Lanka,South Korea,Economic Hardship,Permanent,45-54,Male,Vocational/Technical,2012,Single,6279,Yes
106,Pakistan,United States,Better Quality of Life,Permanent,25-34,Male,Secondary,2024,Divorced,1434,Yes
107,Sri Lanka,Germany,Family Reunification,Permanent,25-34,Male,Primary,2015,Married,1222,No
108,Sri Lanka,Oman,Better Quality of Life,Permanent,25-34,Male,Vocational/Technical,2021,Married,481,Yes
109,India,Kuwait,Employment,Work,25-34,Male,Bachelor's,2023,Single,340,Yes
110,Sri Lanka,Italy,Employment,Work,25-34,Female,Bachelor's,2016,Married,1990,Yes
111,Pakistan,New Zealand,Higher Education,Permanent,25-34,Female,Bachelor's,2013,Single,2606,No
112,Nepal,Oman,Employment,Work,55+,Male,Master's,2025,Single,2027,Yes
113,India,South Korea,Skilled Worker Visa,Work,25-34,Female,Bachelor's,2000,Divorced,200,Yes
114,Bangladesh,Canada,Family Reunification,Permanent,45-54,Male,Bachelor's,2006,Single,1370,No
115,Pakistan,Malaysia,Employment,Work,25-34,Male,Vocational/Technical,2017,Divorced,1311,Yes
116,Pakistan,United States,Higher Education,Permanent,18-24,Male,Primary,2002,Divorced,639,Yes
117,Pakistan,Saudi Arabia,Employment,Work,45-54,Male,Vocational/Technical,2024,Married,2939,Yes
118,Pakistan,United Kingdom,Employment,Work,25-34,Female,Bachelor's,2006,Single,597,Yes
119,Sri Lanka,Australia,Skilled Worker Visa,Work,25-34,Male,PhD,2005,Single,300,Yes
120,Pakistan,New Zealand,Family Reunification,Permanent,45-54,Male,Secondary,2019,Divorced,8005,Yes
121,Sri Lanka,Italy,Business/Investment,Work,25-34,Male,Bachelor's,2025,Single,698,No
122,India,Italy,Employment,Work,35-44,Male,Primary,2012,Married,550,No
123,Sri Lanka,South Korea,Business/Investment,Work,25-34,Female,Primary,2020,Divorced,3660,No
124,Bangladesh,Canada,Employment,Work,25-34,Female,Bachelor's,2017,Married,3932,Yes
125,Pakistan,United States,Business/Investment,Work,35-44,Male,Bachelor's,2012,Married,3695,Yes
126,India,Italy,Family Reunification,Permanent,25-34,Female,Master's,2021,Single,3654,Yes
127,Sri Lanka,South Korea,Skilled Worker Visa,Work,18-24,Female,Master's,2019,Divorced,779,Yes
128,Pakistan,France,Employment,Work,25-34,Male,Bachelor's,2022,Divorced,401,Yes
129,Bangladesh,South Korea,Marriage/Spouse,Permanent,18-24,Female,Secondary,2025,Married,261,No
130,Sri Lanka,United Kingdom,Economic Hardship,Permanent,45-54,Female,Primary,2020,Single,590,Yes
131,Sri Lanka,Italy,Employment,Work,45-54,Male,Master's,2025,Single,595,Yes
132,Pakistan,Qatar,Economic Hardship,Permanent,18-24,Female,Bachelor's,2008,Married,281,Yes
133,India,Oman,Marriage/Spouse,Permanent,55+,Male,Secondary,2018,Divorced,1430,Yes
134,India,Malaysia,Permanent Residency,Permanent,55+,Female,Secondary,2009,Single,3638,Yes
135,Sri Lanka,France,Employment,Work,35-44,Male,Bachelor's,2024,Married,2831,Yes
136,Sri Lanka,Japan,Economic Hardship,Permanent,35-44,Male,Secondary,2022,Divorced,917,Yes
137,Pakistan,Oman,Economic Hardship,Permanent,25-34,Male,Secondary,2011,Divorced,226,Yes
138,Bangladesh,France,Family Reunification,Permanent,25-34,Male,Secondary,2010,Single,1076,No
139,Sri Lanka,United States,Permanent Residency,Permanent,35-44,Male,Secondary,2012,Divorced,356,Yes
140,Bangladesh,Japan,Marriage/Spouse,Permanent,55+,Male,PhD,2015,Divorced,1088,No
141,Bangladesh,United Kingdom,Higher Education,Permanent,18-24,Male,Bachelor's,2009,Divorced,3264,Yes
142,Nepal,France,Higher Education,Permanent,35-44,Male,Vocational/Technical,2019,Single,606,Yes
143,Sri Lanka,Japan,Employment,Work,45-54,Female,PhD,2009,Single,9148,Yes
144,Nepal,Canada,Business/Investment,Work,25-34,Female,Vocational/Technical,2017,Single,2127,Yes
145,Sri Lanka,France,Better Quality of Life,Permanent,25-34,Male,Secondary,2020,Single,1315,Yes
146,Pakistan,Germany,Family Reunification,Permanent,55+,Male,Vocational/Technical,2022,Married,1052,Yes
147,Bangladesh,Australia,Economic Hardship,Permanent,35-44,Male,Master's,2010,Single,1346,Yes
148,Nepal,Australia,Employment,Work,45-54,Female,Secondary,2010,Single,3815,Yes
149,Bangladesh,Saudi Arabia,Skilled Worker Visa,Work,35-44,Female,Master's,2014,Divorced,292,Yes
150,Bangladesh,Norway,Employment,Work,18-24,Male,Master's,2010,Married,1040,Yes
151,Bangladesh,Saudi Arabia,Employment,Work,25-34,Female,Master's,2022,Married,7523,No
152,Nepal,Germany,Permanent Residency,Permanent,18-24,Male,Bachelor's,2012,Divorced,365,Yes
153,India,Kuwait,Permanent Residency,Permanent,25-34,Male,Secondary,2020,Divorced,1453,Yes
154,Pakistan,Italy,Permanent Residency,Permanent,55+,Female,Bachelor's,2024,Single,1969,No
155,Bangladesh,Germany,Higher Education,Permanent,18-24,Female,Secondary,2014,Married,1360,Yes
156,Pakistan,UAE,Employment,Work,35-44,Male,Master's,2023,Divorced,1267,Yes
157,Pakistan,Germany,Higher Education,Permanent,45-54,Male,Master's,2009,Married,835,Yes
158,Sri Lanka,Italy,Employment,Work,35-44,Female,Vocational/Technical,2012,Married,2587,Yes
159,Nepal,Oman,Family Reunification,Permanent,35-44,Female,Bachelor's,2017,Married,1367,Yes
160,Bangladesh,Japan,Business/Investment,Work,55+,Male,Master's,2011,Divorced,1008,No
161,Pakistan,Japan,Higher Education,Permanent,25-34,Male,Bachelor's,2019,Divorced,261,Yes
162,Nepal,United Kingdom,Higher Education,Permanent,18-24,Female,Secondary,2016,Married,1289,Yes
163,Pakistan,Saudi Arabia,Permanent Residency,Permanent,35-44,Male,Primary,2016,Single,4375,No
164,Nepal,Italy,Higher Education,Permanent,55+,Male,Secondary,2019,Married,341,Yes
165,Sri Lanka,Malaysia,Business/Investment,Work,55+,Male,Secondary,2021,Divorced,398,Yes
166,Pakistan,Australia,Higher Education,Permanent,25-34,Male,Master's,2013,Divorced,1428,Yes
167,Nepal,France,Marriage/Spouse,Permanent,25-34,Male,Bachelor's,2017,Divorced,3149,Yes
168,Sri Lanka,Malaysia,Higher Education,Permanent,25-34,Male,Master's,2014,Married,2282,No
169,Sri Lanka,Norway,Business/Investment,Work,25-34,Male,Bachelor's,2005,Single,1395,Yes
170,Sri Lanka,Oman,Economic Hardship,Permanent,25-34,Male,Secondary,2023,Single,673,No
171,Nepal,UAE,Employment,Work,25-34,Male,Bachelor's,2003,Married,1118,Yes
172,Pakistan,Saudi Arabia,Economic Hardship,Permanent,25-34,Male,Vocational/Technical,2009,Divorced,309,Yes
173,Sri Lanka,Oman,Employment,Work,35-44,Male,Secondary,2023,Single,1188,Yes
174,Sri Lanka,South Korea,Marriage/Spouse,Permanent,35-44,Male,Bachelor's,2005,Married,300,No
175,Bangladesh,Canada,Better Quality of Life,Permanent,45-54,Female,Vocational/Technical,2017,Single,315,No
176,Pakistan,Germany,Employment,Work,45-54,Male,Secondary,2017,Married,305,Yes
177,Bangladesh,United Kingdom,Business/Investment,Work,45-54,Female,Vocational/Technical,2006,Married,1231,No
178,Bangladesh,United Kingdom,Higher Education,Permanent,35-44,Female,Bachelor's,2023,Married,9677,Yes
179,Bangladesh,Canada,Political Instability,Permanent,18-24,Male,Master's,2022,Divorced,3112,No
180,Bangladesh,Kuwait,Economic Hardship,Permanent,35-44,Male,Primary,2016,Single,1329,No
181,Bangladesh,Germany,Higher Education,Permanent,18-24,Male,PhD,2017,Single,209,No
182,Bangladesh,Malaysia,Family Reunification,Permanent,25-34,Female,Secondary,2023,Divorced,4394,Yes
183,Sri Lanka,Italy,Marriage/Spouse,Permanent,35-44,Male,Bachelor's,2010,Divorced,10495,No
184,Nepal,Saudi Arabia,Employment,Work,35-44,Male,Secondary,2016,Married,1494,Yes
185,Bangladesh,Germany,Higher Education,Permanent,25-34,Male,Master's,2024,Married,1494,Yes
186,India,United Kingdom,Permanent Residency,Permanent,25-34,Male,Bachelor's,2020,Divorced,2366,Yes
187,India,Japan,Higher Education,Permanent,35-44,Male,Bachelor's,2013,Single,3771,No
188,Sri Lanka,South Korea,Higher Education,Permanent,35-44,Male,Bachelor's,2025,Single,375,Yes
189,Sri Lanka,Qatar,Employment,Work,18-24,Male,Bachelor's,2008,Married,3224,Yes
190,Sri Lanka,Germany,Family Reunification,Permanent,35-44,Female,Primary,2010,Single,348,Yes
191,India,Australia,Healthcare,Permanent,55+,Male,Secondary,2005,Divorced,3133,Yes
192,India,Japan,Refugee/Asylum,Permanent,55+,Male,Primary,2024,Divorced,377,Yes
193,India,Saudi Arabia,Higher Education,Permanent,18-24,Female,Primary,2025,Married,11704,Yes
194,Pakistan,South Korea,Political Instability,Permanent,55+,Male,Bachelor's,2012,Married,1063,Yes
195,Pakistan,France,Permanent Residency,Permanent,35-44,Female,Secondary,2012,Single,998,No
196,Sri Lanka,UAE,Skilled Worker Visa,Work,25-34,Male,Bachelor's,2012,Married,703,Yes
197,India,Qatar,Skilled Worker Visa,Work,45-54,Male,Bachelor's,2020,Divorced,614,Yes
198,Pakistan,United States,Marriage/Spouse,Permanent,25-34,Female,Primary,2018,Single,1530,Yes
199,Nepal,United States,Employment,Work,25-34,Male,Bachelor's,2001,Divorced,2677,Yes
200,Pakistan,France,Permanent Residency,Permanent,25-34,Male,Master's,2024,Married,762,Yes
201,Sri Lanka,Italy,Higher Education,Permanent,25-34,Male,Master's,2023,Single,1742,Yes
202,India,France,Higher Education,Permanent,25-34,Male,Bachelor's,2024,Divorced,3047,No
203,Pakistan,Japan,Refugee/Asylum,Permanent,18-24,Male,Bachelor's,2012,Single,3945,No
204,Sri Lanka,France,Family Reunification,Permanent,25-34,Male,Bachelor's,2021,Divorced,205,No
205,Bangladesh,Saudi Arabia,Business/Investment,Work,25-34,Male,Vocational/Technical,2014,Married,2384,Yes
206,Bangladesh,Germany,Employment,Work,25-34,Male,Bachelor's,2003,Married,325,Yes
207,Nepal,UAE,Employment,Work,45-54,Male,Bachelor's,2015,Single,571,No
208,Nepal,Norway,Refugee/Asylum,Permanent,25-34,Female,Vocational/Technical,2007,Married,558,Yes
209,Pakistan,France,Business/Investment,Work,25-34,Male,Bachelor's,2012,Divorced,1160,Yes
210,Bangladesh,Saudi Arabia,Better Quality of Life,Permanent,45-54,Male,Primary,2024,Married,416,Yes
211,Pakistan,France,Employment,Work,45-54,Male,Secondary,2019,Married,1911,Yes
212,India,United Kingdom,Higher Education,Permanent,18-24,Female,Secondary,2013,Single,1089,Yes
213,Bangladesh,UAE,Skilled Worker Visa,Work,25-34,Male,Master's,2023,Married,1062,Yes
214,Pakistan,United Kingdom,Employment,Work,18-24,Male,Secondary,2002,Divorced,3263,No
215,Sri Lanka,Norway,Political Instability,Permanent,25-34,Male,Bachelor's,2024,Divorced,2205,Yes
216,India,Qatar,Employment,Work,18-24,Female,Bachelor's,2012,Married,3316,Yes
217,Pakistan,Australia,Better Quality of Life,Permanent,18-24,Male,Bachelor's,2024,Single,1457,Yes
218,Nepal,Kuwait,Family Reunification,Permanent,25-34,Male,PhD,2017,Divorced,691,Yes
219,India,Japan,Employment,Work,35-44,Male,Secondary,2020,Single,3068,No
220,Pakistan,Qatar,Economic Hardship,Permanent,45-54,Male,Vocational/Technical,2022,Single,739,No
221,India,Qatar,Employment,Work,25-34,Female,Primary,2003,Divorced,5518,Yes
222,Pakistan,Oman,Permanent Residency,Permanent,25-34,Male,Bachelor's,2016,Single,3750,No
223,Bangladesh,France,Refugee/Asylum,Permanent,35-44,Female,Vocational/Technical,2015,Divorced,932,Yes
224,India,United States,Employment,Work,18-24,Female,Secondary,2017,Divorced,271,Yes
225,Sri Lanka,France,Marriage/Spouse,Permanent,45-54,Male,Secondary,2023,Divorced,11300,Yes
226,Bangladesh,Germany,Refugee/Asylum,Permanent,55+,Male,Vocational/Technical,2020,Divorced,1720,Yes
227,Pakistan,Kuwait,Business/Investment,Work,55+,Male,Bachelor's,2020,Divorced,1238,Yes
228,Pakistan,Norway,Marriage/Spouse,Permanent,25-34,Male,Secondary,2022,Divorced,265,No
229,Nepal,United Kingdom,Employment,Work,35-44,Female,Secondary,2024,Single,1179,Yes
230,India,UAE,Skilled Worker Visa,Work,25-34,Male,Secondary,2000,Single,359,Yes
231,Bangladesh,Norway,Employment,Work,25-34,Female,Bachelor's,2015,Divorced,589,Yes
232,Nepal,France,Higher Education,Permanent,25-34,Male,Primary,2021,Single,1965,Yes
233,Pakistan,Saudi Arabia,Employment,Work,25-34,Male,Master's,2009,Married,926,Yes
234,Pakistan,Oman,Business/Investment,Work,25-34,Male,Primary,2010,Single,631,Yes
235,Bangladesh,Oman,Business/Investment,Work,35-44,Male,Master's,2020,Married,10299,Yes
236,Bangladesh,South Korea,Political Instability,Permanent,45-54,Female,Master's,2021,Divorced,968,Yes
237,India,Canada,Employment,Work,45-54,Male,Vocational/Technical,2007,Married,448,Yes
238,Nepal,Kuwait,Employment,Work,25-34,Male,Bachelor's,2013,Divorced,951,Yes
239,Nepal,Oman,Employment,Work,18-24,Male,Master's,2017,Married,2613,Yes
240,India,Oman,Employment,Work,25-34,Female,Secondary,2024,Divorced,627,No
241,Nepal,UAE,Employment,Work,25-34,Male,PhD,2012,Single,11822,Yes
242,Sri Lanka,Canada,Employment,Work,18-24,Male,Master's,2020,Single,1071,Yes
243,India,Japan,Employment,Work,25-34,Male,Secondary,2020,Married,1279,Yes
244,Sri Lanka,Germany,Employment,Work,55+,Male,Bachelor's,2023,Divorced,892,No
245,Bangladesh,South Korea,Skilled Worker Visa,Work,45-54,Male,Secondary,2015,Divorced,2366,Yes
246,Nepal,South Korea,Employment,Work,18-24,Female,Bachelor's,2020,Single,869,Yes
247,Bangladesh,Norway,Higher Education,Permanent,25-34,Male,Master's,2022,Divorced,6725,Yes
248,Nepal,New Zealand,Employment,Work,35-44,Female,Secondary,2015,Single,2895,Yes
249,Pakistan,Canada,Marriage/Spouse,Permanent,55+,Male,Secondary,2024,Single,876,Yes
250,India,Italy,Family Reunification,Permanent,55+,Female,Master's,2015,Single,932,No
251,Nepal,Japan,Employment,Work,25-34,Male,Master's,2015,Married,1430,Yes
252,Sri Lanka,Germany,Permanent Residency,Permanent,45-54,Female,Vocational/Technical,2024,Single,9968,Yes
253,India,South Korea,Family Reunification,Permanent,25-34,Female,Master's,2021,Divorced,224,Yes
254,Bangladesh,Japan,Family Reunification,Permanent,25-34,Male,Master's,2007,Divorced,482,Yes
255,Bangladesh,United Kingdom,Employment,Work,55+,Female,Primary,2013,Single,1182,No
256,Bangladesh,Canada,Employment,Work,35-44,Female,Vocational/Technical,2006,Divorced,917,Yes
257,Bangladesh,New Zealand,Family Reunification,Permanent,45-54,Male,Vocational/Technical,2015,Married,432,Yes
258,Bangladesh,Malaysia,Skilled Worker Visa,Work,35-44,Male,Secondary,2011,Single,278,Yes
259,Pakistan,Norway,Higher Education,Permanent,25-34,Female,Secondary,2018,Single,204,Yes
260,Sri Lanka,Saudi Arabia,Employment,Work,25-34,Male,Master's,2014,Divorced,518,Yes
261,Bangladesh,UAE,Employment,Work,18-24,Male,Master's,2024,Divorced,690,No
262,Nepal,Japan,Permanent Residency,Permanent,25-34,Male,Vocational/Technical,2012,Divorced,687,Yes
263,Pakistan,Malaysia,Higher Education,Permanent,45-54,Male,PhD,2024,Divorced,1289,Yes
264,Bangladesh,New Zealand,Employment,Work,35-44,Male,Bachelor's,2018,Single,1015,Yes
265,Nepal,South Korea,Employment,Work,35-44,Male,PhD,2023,Married,462,No
266,Pakistan,Malaysia,Family Reunification,Permanent,25-34,Female,Bachelor's,2025,Divorced,2370,Yes
267,Sri Lanka,New Zealand,Marriage/Spouse,Permanent,35-44,Male,Secondary,2024,Single,685,No
268,Bangladesh,Kuwait,Employment,Work,55+,Male,Master's,2017,Divorced,1440,Yes
269,Sri Lanka,Oman,Family Reunification,Permanent,25-34,Male,Vocational/Technical,2013,Single,473,Yes
270,India,Canada,Employment,Work,25-34,Male,Primary,2023,Divorced,2957,Yes
271,Sri Lanka,United States,Skilled Worker Visa,Work,35-44,Male,Secondary,2019,Divorced,9003,Yes
272,India,Qatar,Employment,Work,25-34,Male,Primary,2016,Divorced,8412,Yes
273,India,United Kingdom,Permanent Residency,Permanent,25-34,Male,Master's,2019,Married,289,Yes
274,Bangladesh,Oman,Employment,Work,25-34,Male,Secondary,2008,Divorced,450,Yes
275,Sri Lanka,Australia,Higher Education,Permanent,18-24,Male,Master's,2025,Married,3611,Yes
276,Nepal,Saudi Arabia,Economic Hardship,Permanent,35-44,Male,Secondary,2009,Divorced,5534,Yes
277,Sri Lanka,Italy,Higher Education,Permanent,25-34,Female,Secondary,2008,Single,248,No
278,Bangladesh,United States,Higher Education,Permanent,25-34,Male,Primary,2012,Married,2290,No
279,Nepal,Canada,Permanent Residency,Permanent,25-34,Male,Vocational/Technical,2024,Married,443,Yes
280,India,New Zealand,Employment,Work,35-44,Male,Bachelor's,2004,Divorced,618,Yes
281,India,Kuwait,Skilled Worker Visa,Work,25-34,Male,Primary,2018,Married,548,Yes
282,Bangladesh,Oman,Family Reunification,Permanent,25-34,Male,Bachelor's,2002,Married,2779,No
283,Pakistan,Qatar,Employment,Work,25-34,Female,Master's,2015,Married,902,Yes
284,Pakistan,Norway,Higher Education,Permanent,45-54,Female,Secondary,2005,Married,394,Yes
285,Pakistan,Norway,Higher Education,Permanent,45-54,Male,Master's,2022,Married,1992,Yes
286,Sri Lanka,Saudi Arabia,Political Instability,Permanent,25-34,Male,Primary,2025,Married,1237,Yes
287,Nepal,Norway,Employment,Work,25-34,Male,Vocational/Technical,2010,Divorced,403,Yes
288,Bangladesh,Oman,Employment,Work,55+,Male,Bachelor's,2013,Single,395,Yes
289,Pakistan,Germany,Marriage/Spouse,Permanent,25-34,Male,Bachelor's,2004,Divorced,440,No
290,India,Qatar,Economic Hardship,Permanent,35-44,Female,Bachelor's,2016,Divorced,1365,No
291,Pakistan,Norway,Permanent Residency,Permanent,35-44,Female,Secondary,2013,Single,3292,No
292,Nepal,Oman,Employment,Work,25-34,Male,Secondary,2014,Married,1002,Yes
293,India,Oman,Employment,Work,35-44,Female,Primary,2021,Divorced,957,No
294,India,Malaysia,Higher Education,Permanent,25-34,Female,Vocational/Technical,2010,Single,496,Yes
295,Nepal,Germany,Marriage/Spouse,Permanent,25-34,Female,Vocational/Technical,2014,Married,4119,Yes
296,Pakistan,Qatar,Economic Hardship,Permanent,25-34,Male,Vocational/Technical,2022,Divorced,1798,Yes
297,Sri Lanka,Japan,Employment,Work,25-34,Female,PhD,2023,Single,3192,Yes
298,Bangladesh,Germany,Family Reunification,Permanent,18-24,Male,Bachelor's,2015,Single,7857,Yes
299,India,Norway,Higher Education,Permanent,55+,Female,Secondary,2025,Single,731,Yes
300,Nepal,New Zealand,Family Reunification,Permanent,18-24,Male,Bachelor's,2018,Single,363,No
301,Nepal,Kuwait,Marriage/Spouse,Permanent,45-54,Male,Secondary,2007,Married,6717,Yes
302,Bangladesh,Kuwait,Employment,Work,35-44,Male,Master's,2022,Married,395,Yes
303,Bangladesh,New Zealand,Business/Investment,Work,18-24,Female,Bachelor's,2025,Single,1006,Yes
304,Pakistan,United Kingdom,Skilled Worker Visa,Work,35-44,Male,Bachelor's,2014,Married,7000,Yes
305,Sri Lanka,Australia,Permanent Residency,Permanent,25-34,Male,Secondary,2025,Single,861,No
306,Pakistan,Canada,Higher Education,Permanent,25-34,Female,Bachelor's,2010,Married,259,Yes
307,India,New Zealand,Skilled Worker Visa,Work,25-34,Male,Vocational/Technical,2024,Divorced,8750,Yes
308,Sri Lanka,Kuwait,Business/Investment,Work,25-34,Female,Secondary,2020,Single,2191,Yes
309,India,Norway,Employment,Work,25-34,Male,Bachelor's,2004,Married,1556,Yes
310,Nepal,Malaysia,Family Reunification,Permanent,35-44,Male,Secondary,2023,Single,212,Yes
311,Bangladesh,Germany,Marriage/Spouse,Permanent,25-34,Female,Master's,2024,Divorced,918,No
312,Sri Lanka,Canada,Higher Education,Permanent,25-34,Male,Bachelor's,2011,Single,1104,Yes
313,Nepal,United Kingdom,Refugee/Asylum,Permanent,45-54,Male,Secondary,2005,Single,1495,No
314,Bangladesh,Kuwait,Skilled Worker Visa,Work,45-54,Male,Secondary,2018,Divorced,1459,No
315,India,Qatar,Employment,Work,25-34,Female,Bachelor's,2023,Married,3727,Yes
316,Pakistan,Qatar,Economic Hardship,Permanent,35-44,Male,PhD,2023,Married,8257,Yes
317,India,Germany,Permanent Residency,Permanent,25-34,Male,Vocational/Technical,2016,Divorced,291,Yes
318,India,Norway,Better Quality of Life,Permanent,25-34,Female,Master's,2008,Single,507,Yes
319,Sri Lanka,Oman,Employment,Work,25-34,Male,Secondary,2013,Single,923,Yes
320,Pakistan,France,Better Quality of Life,Permanent,35-44,Male,Master's,2002,Single,333,Yes
321,Sri Lanka,Oman,Family Reunification,Permanent,25-34,Male,Bachelor's,2022,Divorced,1198,No
322,Nepal,Canada,Political Instability,Permanent,55+,Male,Master's,2025,Divorced,1195,No
323,Sri Lanka,UAE,Economic Hardship,Permanent,25-34,Male,Bachelor's,2021,Married,1264,No
324,Pakistan,Oman,Refugee/Asylum,Permanent,25-34,Female,Vocational/Technical,2022,Married,1494,Yes
325,Sri Lanka,Oman,Employment,Work,25-34,Male,Bachelor's,2022,Divorced,2118,Yes
326,Bangladesh,United States,Business/Investment,Work,25-34,Female,Primary,2013,Single,3377,No
327,Bangladesh,Malaysia,Higher Education,Permanent,18-24,Female,Master's,2014,Divorced,518,Yes
328,Sri Lanka,Norway,Family Reunification,Permanent,25-34,Female,Bachelor's,2023,Married,2704,Yes
329,Bangladesh,Japan,Employment,Work,35-44,Female,Bachelor's,2023,Single,234,Yes
330,Nepal,Qatar,Skilled Worker Visa,Work,55+,Male,Bachelor's,2016,Married,2667,Yes
331,Pakistan,UAE,Employment,Work,35-44,Male,Bachelor's,2021,Divorced,245,No
332,India,France,Higher Education,Permanent,35-44,Male,Secondary,2022,Single,983,Yes
333,Sri Lanka,United States,Better Quality of Life,Permanent,25-34,Male,Vocational/Technical,2010,Married,360,Yes
334,India,UAE,Political Instability,Permanent,25-34,Male,Bachelor's,2017,Divorced,1434,Yes
335,Nepal,Norway,Employment,Work,35-44,Male,Bachelor's,2016,Single,500,Yes
336,Sri Lanka,Saudi Arabia,Employment,Work,25-34,Male,Vocational/Technical,2017,Married,1129,Yes
337,Pakistan,South Korea,Business/Investment,Work,25-34,Male,Bachelor's,2022,Single,646,No
338,Sri Lanka,Japan,Employment,Work,25-34,Female,Master's,2025,Married,2807,No
339,Sri Lanka,Australia,Marriage/Spouse,Permanent,45-54,Male,Secondary,2015,Divorced,405,Yes
340,Nepal,Japan,Refugee/Asylum,Permanent,18-24,Male,Bachelor's,2017,Married,1022,No
341,Sri Lanka,Canada,Healthcare,Permanent,25-34,Male,PhD,2025,Single,3635,Yes
342,Pakistan,Oman,Family Reunification,Permanent,18-24,Female,Bachelor's,2025,Single,269,No
343,India,Italy,Skilled Worker Visa,Work,25-34,Male,Bachelor's,2015,Single,1375,Yes
344,Pakistan,Canada,Marriage/Spouse,Permanent,45-54,Male,Bachelor's,2014,Divorced,213,Yes
345,Bangladesh,Canada,Better Quality of Life,Permanent,18-24,Male,Bachelor's,2011,Divorced,10038,Yes
346,Nepal,UAE,Economic Hardship,Permanent,25-34,Male,Primary,2011,Married,637,Yes
347,Bangladesh,Australia,Skilled Worker Visa,Work,35-44,Female,Bachelor's,2017,Married,1792,Yes
348,Sri Lanka,Kuwait,Employment,Work,18-24,Male,Bachelor's,2020,Single,2137,Yes
349,Bangladesh,Kuwait,Skilled Worker Visa,Work,55+,Male,Vocational/Technical,2024,Single,11297,Yes
350,Sri Lanka,Canada,Higher Education,Permanent,18-24,Male,Secondary,2013,Married,372,Yes
351,Pakistan,Australia,Family Reunification,Permanent,45-54,Male,Primary,2021,Married,353,Yes
352,Nepal,Qatar,Employment,Work,18-24,Male,Primary,2022,Married,218,Yes
353,Pakistan,Norway,Higher Education,Permanent,25-34,Male,Vocational/Technical,2023,Divorced,538,Yes
354,Nepal,Australia,Higher Education,Permanent,35-44,Female,Vocational/Technical,2019,Divorced,1385,Yes
355,Sri Lanka,Saudi Arabia,Employment,Work,25-34,Female,Vocational/Technical,2020,Divorced,264,Yes
356,India,Italy,Family Reunification,Permanent,35-44,Male,Secondary,2013,Divorced,1992,No
357,India,France,Political Instability,Permanent,55+,Male,Vocational/Technical,2016,Single,292,No
358,Pakistan,United States,Family Reunification,Permanent,25-34,Female,Secondary,2009,Married,3959,Yes
359,Nepal,Saudi Arabia,Skilled Worker Visa,Work,45-54,Male,Bachelor's,2011,Married,1382,Yes
360,Nepal,United Kingdom,Higher Education,Permanent,35-44,Female,Bachelor's,2025,Divorced,902,Yes
361,Sri Lanka,France,Family Reunification,Permanent,25-34,Male,Master's,2024,Single,2355,No
362,Pakistan,Saudi Arabia,Skilled Worker Visa,Work,35-44,Male,Vocational/Technical,2013,Divorced,1143,Yes
363,Sri Lanka,UAE,Economic Hardship,Permanent,25-34,Male,Bachelor's,2003,Single,1017,Yes
364,Pakistan,Germany,Family Reunification,Permanent,55+,Female,Secondary,2019,Single,2287,Yes
365,India,New Zealand,Employment,Work,35-44,Female,Bachelor's,2019,Married,438,Yes
366,Pakistan,United States,Permanent Residency,Permanent,25-34,Male,Bachelor's,2023,Married,993,Yes
367,Pakistan,Italy,Political Instability,Permanent,25-34,Female,Primary,2024,Divorced,820,Yes
368,India,Canada,Skilled Worker Visa,Work,25-34,Female,Bachelor's,2017,Single,1736,Yes
369,Pakistan,United States,Skilled Worker Visa,Work,25-34,Male,PhD,2011,Divorced,9306,Yes
370,Bangladesh,Germany,Economic Hardship,Permanent,25-34,Female,Master's,2014,Single,1260,Yes
371,Bangladesh,Italy,Political Instability,Permanent,35-44,Male,Master's,2011,Single,506,No
372,Bangladesh,Qatar,Marriage/Spouse,Permanent,55+,Female,Primary,2003,Divorced,412,Yes
373,Sri Lanka,Malaysia,Permanent Residency,Permanent,25-34,Male,Master's,2009,Divorced,1433,Yes
374,India,UAE,Employment,Work,25-34,Male,Bachelor's,2025,Married,2815,Yes
375,Bangladesh,South Korea,Skilled Worker Visa,Work,35-44,Male,Master's,2021,Divorced,1626,No
376,Pakistan,Norway,Permanent Residency,Permanent,35-44,Female,Bachelor's,2024,Single,1463,Yes
377,Bangladesh,South Korea,Employment,Work,25-34,Male,Vocational/Technical,2013,Divorced,1185,Yes
378,Sri Lanka,Kuwait,Employment,Work,25-34,Male,Bachelor's,2025,Single,1656,No
379,Nepal,New Zealand,Employment,Work,18-24,Male,Secondary,2020,Married,972,Yes
380,Pakistan,Qatar,Business/Investment,Work,55+,Male,Master's,2010,Married,1387,Yes
381,Bangladesh,UAE,Better Quality of Life,Permanent,25-34,Male,Bachelor's,2023,Single,882,Yes
382,India,Italy,Employment,Work,25-34,Male,PhD,2024,Married,221,Yes
383,India,Kuwait,Family Reunification,Permanent,45-54,Male,Master's,2010,Single,6846,Yes
384,Bangladesh,Australia,Higher Education,Permanent,25-34,Female,Bachelor's,2017,Single,1300,Yes
385,India,Norway,Skilled Worker Visa,Work,25-34,Male,Secondary,2011,Married,1331,No
386,Pakistan,Norway,Permanent Residency,Permanent,18-24,Male,Secondary,2020,Married,731,Yes
387,Nepal,UAE,Employment,Work,25-34,Male,Secondary,2012,Divorced,2391,Yes
388,Sri Lanka,Oman,Employment,Work,35-44,Male,Vocational/Technical,2017,Divorced,8054,Yes
389,Bangladesh,United Kingdom,Employment,Work,35-44,Male,Primary,2022,Divorced,1251,Yes
390,Nepal,New Zealand,Family Reunification,Permanent,25-34,Male,Vocational/Technical,2016,Single,9749,Yes
391,Pakistan,UAE,Employment,Work,18-24,Male,Vocational/Technical,2020,Single,1248,Yes
392,Sri Lanka,Kuwait,Employment,Work,35-44,Male,Secondary,2025,Divorced,6202,Yes
393,Pakistan,Norway,Family Reunification,Permanent,45-54,Male,Master's,2021,Single,1306,No
394,Sri Lanka,Germany,Refugee/Asylum,Permanent,45-54,Female,Primary,2024,Single,3674,Yes
395,Sri Lanka,Canada,Employment,Work,25-34,Female,Secondary,2011,Single,570,Yes
396,Bangladesh,Japan,Higher Education,Permanent,25-34,Female,Bachelor's,2019,Divorced,864,Yes
397,India,Saudi Arabia,Marriage/Spouse,Permanent,55+,Male,Bachelor's,2017,Married,633,Yes
398,Pakistan,Norway,Refugee/Asylum,Permanent,25-34,Female,Vocational/Technical,2021,Married,1338,No
399,Pakistan,Oman,Employment,Work,35-44,Male,Bachelor's,2019,Single,480,No
400,India,South Korea,Higher Education,Permanent,35-44,Female,Master's,2004,Married,606,Yes
401,Bangladesh,United States,Skilled Worker Visa,Work,35-44,Female,Master's,2022,Divorced,1485,Yes
402,Pakistan,Oman,Skilled Worker Visa,Work,25-34,Male,Master's,2009,Divorced,1151,Yes
403,India,Saudi Arabia,Higher Education,Permanent,45-54,Male,Secondary,2022,Single,1369,Yes
404,Sri Lanka,Kuwait,Skilled Worker Visa,Work,25-34,Male,Primary,2017,Married,452,No
405,Sri Lanka,France,Permanent Residency,Permanent,35-44,Female,Secondary,2018,Married,587,Yes
406,Sri Lanka,Malaysia,Business/Investment,Work,55+,Male,Primary,2022,Divorced,2861,Yes
407,Bangladesh,Saudi Arabia,Employment,Work,25-34,Male,Master's,2012,Single,617,Yes
408,Pakistan,Canada,Higher Education,Permanent,45-54,Female,Master's,2008,Married,2403,Yes
409,India,Italy,Refugee/Asylum,Permanent,35-44,Male,Master's,2022,Married,8189,No
410,Sri Lanka,United Kingdom,Family Reunification,Permanent,18-24,Male,Primary,2000,Married,1493,No
411,Pakistan,United Kingdom,Marriage/Spouse,Permanent,45-54,Male,Primary,2002,Divorced,3272,No
412,India,Canada,Political Instability,Permanent,25-34,Female,Master's,2019,Divorced,2391,Yes
413,Sri Lanka,United States,Marriage/Spouse,Permanent,25-34,Male,Master's,2024,Divorced,860,Yes
414,Sri Lanka,Italy,Marriage/Spouse,Permanent,18-24,Male,Secondary,2017,Married,3517,No
415,Bangladesh,Malaysia,Employment,Work,25-34,Female,Master's,2019,Divorced,398,Yes
416,Sri Lanka,Saudi Arabia,Skilled Worker Visa,Work,35-44,Male,Vocational/Technical,2011,Single,271,Yes
417,Pakistan,France,Family Reunification,Permanent,55+,Male,PhD,2019,Single,1334,Yes
418,India,Oman,Employment,Work,25-34,Female,Vocational/Technical,2020,Divorced,545,Yes
419,Nepal,UAE,Skilled Worker Visa,Work,45-54,Female,Bachelor's,2008,Divorced,1052,Yes
420,Nepal,France,Employment,Work,25-34,Female,Vocational/Technical,2025,Single,468,No
421,India,United States,Better Quality of Life,Permanent,25-34,Male,Vocational/Technical,2016,Divorced,8286,No
422,Nepal,Malaysia,Marriage/Spouse,Permanent,55+,Male,Vocational/Technical,2019,Single,2085,Yes
423,Bangladesh,Norway,Employment,Work,55+,Male,Bachelor's,2002,Married,1312,No
424,India,Japan,Marriage/Spouse,Permanent,25-34,Female,Secondary,2020,Married,3182,Yes
425,Pakistan,Canada,Family Reunification,Permanent,25-34,Male,PhD,2022,Divorced,930,Yes
426,Pakistan,Japan,Marriage/Spouse,Permanent,45-54,Female,Bachelor's,2021,Married,852,Yes
427,Pakistan,United Kingdom,Higher Education,Permanent,25-34,Male,Bachelor's,2017,Married,340,Yes
428,Sri Lanka,Germany,Marriage/Spouse,Permanent,45-54,Male,Vocational/Technical,2012,Married,402,Yes
429,Nepal,United Kingdom,Higher Education,Permanent,18-24,Male,Vocational/Technical,2008,Single,7948,No
430,Nepal,Japan,Higher Education,Permanent,25-34,Female,Master's,2025,Married,837,Yes
431,Sri Lanka,Qatar,Employment,Work,55+,Male,Bachelor's,2022,Single,6416,Yes
432,Bangladesh,United Kingdom,Higher Education,Permanent,35-44,Female,Secondary,2010,Divorced,636,No
433,Nepal,South Korea,Family Reunification,Permanent,25-34,Female,Master's,2023,Married,11480,No
434,Pakistan,Norway,Business/Investment,Work,25-34,Male,Master's,2007,Divorced,314,Yes
435,Sri Lanka,UAE,Higher Education,Permanent,35-44,Male,Bachelor's,2021,Single,1055,No
436,Bangladesh,New Zealand,Marriage/Spouse,Permanent,18-24,Male,Vocational/Technical,2025,Married,1560,No
437,India,Italy,Permanent Residency,Permanent,25-34,Male,Vocational/Technical,2010,Married,790,Yes
438,India,Saudi Arabia,Employment,Work,25-34,Male,Bachelor's,2021,Single,2970,Yes
439,Pakistan,Qatar,Employment,Work,18-24,Male,Bachelor's,2010,Married,1414,No
440,Pakistan,Italy,Marriage/Spouse,Permanent,25-34,Male,Master's,2024,Single,318,Yes
441,Bangladesh,France,Employment,Work,45-54,Female,Vocational/Technical,2016,Single,1446,Yes
442,Bangladesh,United States,Higher Education,Permanent,25-34,Male,Bachelor's,2015,Divorced,672,Yes
443,Nepal,New Zealand,Permanent Residency,Permanent,55+,Male,Master's,2019,Divorced,873,Yes
444,Sri Lanka,Canada,Higher Education,Permanent,45-54,Male,Secondary,2024,Married,3515,Yes
445,India,United States,Employment,Work,25-34,Male,Secondary,2020,Divorced,961,Yes
446,Bangladesh,Australia,Permanent Residency,Permanent,55+,Male,Primary,2023,Divorced,425,Yes
447,Nepal,Malaysia,Family Reunification,Permanent,45-54,Male,PhD,2025,Single,428,Yes
448,India,UAE,Employment,Work,45-54,Male,Bachelor's,2018,Divorced,9560,No
449,India,Germany,Business/Investment,Work,45-54,Male,Secondary,2014,Divorced,318,Yes
450,Sri Lanka,Oman,Employment,Work,25-34,Male,PhD,2024,Single,1046,No
451,Pakistan,Japan,Economic Hardship,Permanent,18-24,Female,Master's,2013,Single,3539,Yes
452,India,France,Family Reunification,Permanent,55+,Female,Bachelor's,2024,Divorced,1160,Yes
453,India,Qatar,Employment,Work,25-34,Female,Secondary,2005,Divorced,529,Yes
454,Nepal,Germany,Higher Education,Permanent,35-44,Female,Bachelor's,2020,Single,4939,Yes
455,Nepal,Australia,Family Reunification,Permanent,55+,Male,Bachelor's,2006,Single,971,No
456,Bangladesh,Saudi Arabia,Employment,Work,45-54,Male,Secondary,2021,Divorced,315,Yes
457,India,Australia,Marriage/Spouse,Permanent,18-24,Female,Bachelor's,2022,Single,3832,Yes
458,India,New Zealand,Family Reunification,Permanent,25-34,Male,Bachelor's,2006,Single,314,Yes
459,India,Kuwait,Business/Investment,Work,25-34,Male,Secondary,2013,Divorced,352,No
460,Sri Lanka,Saudi Arabia,Employment,Work,45-54,Male,Primary,2000,Married,513,Yes
461,Pakistan,Japan,Business/Investment,Work,55+,Male,Master's,2019,Divorced,461,Yes
462,Pakistan,New Zealand,Better Quality of Life,Permanent,35-44,Male,Secondary,2023,Divorced,877,Yes
463,India,France,Political Instability,Permanent,25-34,Male,Master's,2004,Single,3747,No
464,Bangladesh,Oman,Higher Education,Permanent,25-34,Male,Master's,2014,Divorced,2710,Yes
465,India,France,Marriage/Spouse,Permanent,45-54,Female,Vocational/Technical,2021,Married,574,Yes
466,Nepal,Italy,Employment,Work,45-54,Male,Bachelor's,2025,Single,347,Yes
467,Pakistan,Australia,Political Instability,Permanent,45-54,Male,Bachelor's,2023,Single,1333,Yes
468,Sri Lanka,Malaysia,Skilled Worker Visa,Work,45-54,Female,Secondary,2025,Married,509,No
469,Sri Lanka,Norway,Family Reunification,Permanent,45-54,Male,Master's,2010,Divorced,636,Yes
470,Pakistan,Kuwait,Higher Education,Permanent,25-34,Male,Secondary,2015,Married,1881,Yes
471,Pakistan,United States,Refugee/Asylum,Permanent,35-44,Male,Bachelor's,2015,Single,1201,Yes
472,Sri Lanka,UAE,Employment,Work,55+,Male,Secondary,2016,Divorced,3764,Yes
473,Nepal,United Kingdom,Family Reunification,Permanent,18-24,Male,Secondary,2012,Divorced,282,Yes
474,Bangladesh,Japan,Higher Education,Permanent,25-34,Male,Secondary,2014,Married,429,Yes
475,India,Italy,Family Reunification,Permanent,18-24,Male,PhD,2012,Divorced,590,No
476,Nepal,Qatar,Skilled Worker Visa,Work,45-54,Male,Secondary,2017,Married,565,Yes
477,Pakistan,Germany,Employment,Work,25-34,Female,Master's,2019,Single,2919,No
478,Nepal,Australia,Skilled Worker Visa,Work,25-34,Male,Master's,2025,Single,661,No
479,Nepal,Italy,Better Quality of Life,Permanent,45-54,Female,Secondary,2020,Single,1295,Yes
480,Sri Lanka,South Korea,Employment,Work,25-34,Male,Primary,2011,Divorced,1253,Yes
481,Bangladesh,Malaysia,Permanent Residency,Permanent,18-24,Male,Vocational/Technical,2019,Divorced,8596,No
482,Pakistan,Saudi Arabia,Skilled Worker Visa,Work,25-34,Male,Primary,2020,Single,5916,Yes
483,India,South Korea,Business/Investment,Work,25-34,Female,Bachelor's,2024,Single,817,Yes
484,India,UAE,Higher Education,Permanent,25-34,Male,Bachelor's,2021,Single,685,Yes
485,India,France,Employment,Work,35-44,Female,PhD,2020,Single,2948,Yes
486,Nepal,Norway,Better Quality of Life,Permanent,25-34,Male,Bachelor's,2023,Divorced,498,Yes
487,Sri Lanka,Italy,Higher Education,Permanent,35-44,Female,PhD,2024,Married,540,Yes
488,Nepal,Italy,Employment,Work,18-24,Male,Vocational/Technical,2001,Single,3752,No
489,Nepal,Japan,Employment,Work,18-24,Female,Bachelor's,2018,Single,1197,Yes
490,Sri Lanka,Norway,Marriage/Spouse,Permanent,25-34,Female,Master's,2015,Married,3344,Yes
491,Bangladesh,UAE,Employment,Work,35-44,Male,Vocational/Technical,2012,Married,1717,No
492,Sri Lanka,Oman,Employment,Work,25-34,Male,Master's,2023,Divorced,3259,Yes
493,Bangladesh,South Korea,Employment,Work,25-34,Male,Master's,2023,Divorced,1152,No
494,Bangladesh,Italy,Family Reunification,Permanent,55+,Female,Secondary,2016,Divorced,551,Yes
495,Bangladesh,Canada,Business/Investment,Work,25-34,Female,Vocational/Technical,2006,Divorced,565,Yes
496,Bangladesh,Canada,Higher Education,Permanent,35-44,Male,Primary,2023,Divorced,357,No
497,Sri Lanka,Canada,Permanent Residency,Permanent,35-44,Female,Vocational/Technical,2012,Married,951,No
498,Sri Lanka,Australia,Higher Education,Permanent,25-34,Female,Secondary,2002,Divorced,1436,Yes
499,India,Japan,Employment,Work,25-34,Male,PhD,2014,Single,3353,Yes
500,Bangladesh,France,Permanent Residency,Permanent,18-24,Female,Bachelor's,2014,Married,4213,Yes
501,Nepal,France,Family Reunification,Permanent,25-34,Female,Master's,2003,Single,3765,Yes
502,Sri Lanka,Australia,Business/Investment,Work,25-34,Female,Bachelor's,2023,Married,1263,No
503,India,Saudi Arabia,Economic Hardship,Permanent,55+,Male,Master's,2019,Divorced,3366,Yes
504,India,United Kingdom,Family Reunification,Permanent,18-24,Male,Secondary,2025,Married,384,No
505,Sri Lanka,Saudi Arabia,Employment,Work,18-24,Male,Secondary,2007,Married,1084,No
506,Pakistan,Canada,Permanent Residency,Permanent,45-54,Female,Master's,2016,Single,11916,Yes
507,Nepal,Australia,Employment,Work,25-34,Female,Bachelor's,2018,Divorced,2423,Yes
508,India,Qatar,Better Quality of Life,Permanent,18-24,Male,Master's,2019,Married,1554,Yes
509,Nepal,Germany,Higher Education,Permanent,35-44,Male,Secondary,2016,Single,472,Yes
510,India,Canada,Employment,Work,35-44,Female,Master's,2022,Married,378,Yes
511,India,South Korea,Family Reunification,Permanent,25-34,Female,Secondary,2024,Married,665,Yes
512,Nepal,New Zealand,Family Reunification,Permanent,25-34,Male,Secondary,2021,Divorced,1274,Yes
513,Nepal,Japan,Employment,Work,25-34,Male,Vocational/Technical,2017,Divorced,476,Yes
514,Pakistan,Australia,Higher Education,Permanent,25-34,Female,Master's,2010,Single,3442,Yes
515,Bangladesh,Oman,Employment,Work,18-24,Male,Primary,2025,Divorced,11374,No
516,Sri Lanka,New Zealand,Higher Education,Permanent,35-44,Male,Secondary,2009,Divorced,1407,No
517,Bangladesh,Malaysia,Family Reunification,Permanent,55+,Female,Vocational/Technical,2021,Single,3463,Yes
518,Bangladesh,United Kingdom,Marriage/Spouse,Permanent,35-44,Male,Primary,2024,Married,507,No
519,India,South Korea,Family Reunification,Permanent,35-44,Male,Master's,2011,Married,1440,Yes
520,Sri Lanka,Qatar,Higher Education,Permanent,35-44,Male,Bachelor's,2024,Married,3333,Yes
521,Bangladesh,Qatar,Economic Hardship,Permanent,25-34,Female,Primary,2025,Divorced,5963,Yes
522,Bangladesh,United Kingdom,Marriage/Spouse,Permanent,35-44,Male,Master's,2006,Married,1301,Yes
523,Pakistan,UAE,Skilled Worker Visa,Work,55+,Female,Bachelor's,2023,Divorced,759,No
524,Bangladesh,South Korea,Marriage/Spouse,Permanent,25-34,Male,Vocational/Technical,2020,Married,495,No
525,Pakistan,UAE,Employment,Work,18-24,Male,Secondary,2014,Divorced,7583,Yes
526,India,Saudi Arabia,Employment,Work,35-44,Male,Primary,2023,Divorced,1411,Yes
527,Pakistan,South Korea,Higher Education,Permanent,25-34,Male,Master's,2021,Single,1249,Yes
528,India,Qatar,Skilled Worker Visa,Work,25-34,Male,Primary,2024,Single,350,Yes
529,Sri Lanka,South Korea,Family Reunification,Permanent,25-34,Female,Master's,2022,Married,241,Yes
530,Bangladesh,Australia,Better Quality of Life,Permanent,25-34,Male,Primary,2024,Single,238,No
531,Pakistan,Japan,Permanent Residency,Permanent,45-54,Male,Bachelor's,2012,Married,605,Yes
532,Pakistan,Canada,Higher Education,Permanent,45-54,Male,Secondary,2010,Divorced,3060,No
533,Nepal,Germany,Employment,Work,25-34,Male,Vocational/Technical,2005,Divorced,3781,No
534,India,Australia,Family Reunification,Permanent,18-24,Male,Secondary,2020,Divorced,439,Yes
535,Bangladesh,France,Higher Education,Permanent,25-34,Female,Secondary,2019,Divorced,3137,Yes
536,Pakistan,Qatar,Skilled Worker Visa,Work,45-54,Male,Bachelor's,2019,Divorced,1009,No
537,India,Oman,Employment,Work,18-24,Female,Primary,2020,Single,349,Yes
538,India,Australia,Family Reunification,Permanent,25-34,Female,Bachelor's,2017,Divorced,968,Yes
539,Pakistan,South Korea,Marriage/Spouse,Permanent,45-54,Male,Bachelor's,2011,Divorced,2304,Yes
540,Nepal,New Zealand,Permanent Residency,Permanent,25-34,Male,Secondary,2017,Divorced,520,No
541,Sri Lanka,Qatar,Employment,Work,45-54,Male,Master's,2016,Married,246,Yes
542,Pakistan,Australia,Refugee/Asylum,Permanent,25-34,Male,Bachelor's,2002,Divorced,1728,Yes
543,Pakistan,Qatar,Family Reunification,Permanent,55+,Male,Bachelor's,2017,Single,245,No
544,Nepal,United States,Higher Education,Permanent,35-44,Male,Vocational/Technical,2016,Divorced,1330,No
545,Pakistan,Malaysia,Business/Investment,Work,18-24,Female,Primary,2006,Single,759,Yes
546,India,Saudi Arabia,Better Quality of Life,Permanent,25-34,Male,Bachelor's,2020,Single,602,Yes
547,Sri Lanka,Italy,Better Quality of Life,Permanent,25-34,Male,Bachelor's,2020,Married,396,Yes
548,Sri Lanka,Italy,Employment,Work,25-34,Male,Primary,2010,Married,2225,Yes
549,Sri Lanka,UAE,Family Reunification,Permanent,18-24,Female,Primary,2018,Divorced,1657,Yes
550,Nepal,Norway,Employment,Work,25-34,Male,PhD,2024,Single,2513,Yes
551,India,United States,Family Reunification,Permanent,35-44,Male,Master's,2014,Divorced,1997,No
552,Bangladesh,United Kingdom,Refugee/Asylum,Permanent,55+,Male,Master's,2020,Married,2085,Yes
553,Sri Lanka,Kuwait,Business/Investment,Work,18-24,Male,Master's,2020,Married,6937,Yes
554,Sri Lanka,United Kingdom,Higher Education,Permanent,25-34,Male,PhD,2003,Single,4779,No
555,India,France,Skilled Worker Visa,Work,45-54,Male,Bachelor's,2024,Divorced,307,No
556,India,New Zealand,Higher Education,Permanent,35-44,Male,Bachelor's,2022,Divorced,1217,Yes
557,Nepal,United Kingdom,Family Reunification,Permanent,45-54,Male,Bachelor's,2014,Single,335,Yes
558,Bangladesh,Australia,Employment,Work,25-34,Male,Bachelor's,2022,Married,2011,Yes
559,India,New Zealand,Higher Education,Permanent,18-24,Female,Bachelor's,2018,Single,1239,No
560,Sri Lanka,France,Employment,Work,18-24,Male,Secondary,2023,Divorced,1416,No
561,Bangladesh,New Zealand,Skilled Worker Visa,Work,25-34,Male,PhD,2024,Married,1391,Yes
562,Bangladesh,Qatar,Higher Education,Permanent,25-34,Male,Bachelor's,2024,Married,448,Yes
563,Bangladesh,Germany,Employment,Work,25-34,Female,Primary,2022,Married,3422,No
564,Nepal,United Kingdom,Economic Hardship,Permanent,25-34,Female,Master's,2003,Single,243,Yes
565,Nepal,UAE,Family Reunification,Permanent,35-44,Male,Primary,2003,Divorced,1181,Yes
566,Bangladesh,Germany,Employment,Work,35-44,Female,Vocational/Technical,2022,Divorced,977,Yes
567,Sri Lanka,Kuwait,Economic Hardship,Permanent,25-34,Male,Bachelor's,2022,Single,657,Yes
568,Bangladesh,Qatar,Employment,Work,25-34,Male,Secondary,2015,Married,5182,Yes
569,India,Malaysia,Permanent Residency,Permanent,45-54,Female,Vocational/Technical,2025,Divorced,938,Yes
570,Nepal,New Zealand,Better Quality of Life,Permanent,45-54,Female,Bachelor's,2022,Single,371,Yes
571,Bangladesh,Kuwait,Business/Investment,Work,25-34,Male,Primary,2013,Divorced,2474,Yes
572,Nepal,United States,Higher Education,Permanent,18-24,Male,Bachelor's,2023,Divorced,847,Yes
573,Sri Lanka,France,Family Reunification,Permanent,18-24,Male,Master's,2023,Married,2360,Yes
574,Bangladesh,United States,Permanent Residency,Permanent,25-34,Male,Master's,2020,Married,289,No
575,Bangladesh,Qatar,Political Instability,Permanent,18-24,Male,Bachelor's,2012,Single,594,No
576,India,Oman,Economic Hardship,Permanent,35-44,Male,Vocational/Technical,2016,Single,1265,No
577,Bangladesh,Australia,Employment,Work,25-34,Male,Bachelor's,2023,Divorced,9044,No
578,Sri Lanka,United States,Permanent Residency,Permanent,25-34,Female,Bachelor's,2011,Married,404,Yes
579,Sri Lanka,United Kingdom,Higher Education,Permanent,25-34,Male,Bachelor's,2009,Divorced,1282,Yes
580,Nepal,South Korea,Family Reunification,Permanent,25-34,Male,Secondary,2021,Divorced,3098,Yes
581,Sri Lanka,Canada,Higher Education,Permanent,55+,Male,Bachelor's,2014,Married,744,Yes
582,Sri Lanka,South Korea,Family Reunification,Permanent,18-24,Male,Vocational/Technical,2021,Married,450,Yes
583,Nepal,Norway,Family Reunification,Permanent,18-24,Male,Primary,2014,Divorced,3197,Yes
584,India,Canada,Skilled Worker Visa,Work,25-34,Male,Master's,2016,Married,319,No
585,India,United Kingdom,Higher Education,Permanent,35-44,Male,Secondary,2001,Single,1405,Yes
586,Pakistan,Kuwait,Better Quality of Life,Permanent,18-24,Male,Primary,2018,Married,3322,No
587,India,South Korea,Higher Education,Permanent,35-44,Male,Secondary,2017,Married,10096,No
588,India,Qatar,Skilled Worker Visa,Work,35-44,Male,Master's,2023,Divorced,924,Yes
589,Sri Lanka,UAE,Employment,Work,45-54,Male,Master's,2009,Divorced,717,No
590,India,Japan,Skilled Worker Visa,Work,35-44,Male,Bachelor's,2012,Divorced,475,Yes
591,Pakistan,Germany,Political Instability,Permanent,55+,Male,Primary,2015,Married,1461,Yes
592,Sri Lanka,Kuwait,Higher Education,Permanent,35-44,Male,Bachelor's,2020,Married,392,Yes
593,Pakistan,Australia,Family Reunification,Permanent,25-34,Female,Secondary,2024,Married,343,Yes
594,Bangladesh,United States,Skilled Worker Visa,Work,25-34,Male,Bachelor's,2005,Married,1650,Yes
595,Bangladesh,Kuwait,Better Quality of Life,Permanent,35-44,Male,Master's,2023,Married,1462,No
596,Nepal,UAE,Healthcare,Permanent,18-24,Male,Secondary,2015,Divorced,1142,Yes
597,Nepal,Malaysia,Employment,Work,45-54,Female,Bachelor's,2020,Single,11749,No
598,Sri Lanka,Kuwait,Employment,Work,25-34,Male,Secondary,2009,Divorced,2837,Yes
599,Pakistan,France,Family Reunification,Permanent,45-54,Female,Primary,2020,Divorced,456,Yes
600,Nepal,Malaysia,Refugee/Asylum,Permanent,18-24,Male,Bachelor's,2013,Married,2624,Yes
601,Pakistan,Italy,Employment,Work,18-24,Male,PhD,2020,Single,403,No
602,Sri Lanka,Malaysia,Employment,Work,45-54,Male,Secondary,2016,Divorced,219,Yes
603,Sri Lanka,Kuwait,Skilled Worker Visa,Work,55+,Male,Master's,2003,Married,1346,Yes
604,Bangladesh,Germany,Higher Education,Permanent,35-44,Female,Secondary,2014,Married,1136,Yes
605,Bangladesh,UAE,Family Reunification,Permanent,25-34,Male,Master's,2003,Single,7659,No
606,Pakistan,Qatar,Employment,Work,45-54,Female,Secondary,2020,Single,1289,No
607,Sri Lanka,UAE,Employment,Work,45-54,Male,Master's,2011,Single,489,Yes
608,Pakistan,UAE,Employment,Work,45-54,Male,Vocational/Technical,2019,Single,3355,Yes
609,Pakistan,United States,Permanent Residency,Permanent,18-24,Male,Bachelor's,2017,Single,1877,Yes
610,Nepal,South Korea,Higher Education,Permanent,45-54,Male,Primary,2023,Married,357,Yes
611,Sri Lanka,UAE,Marriage/Spouse,Permanent,25-34,Male,Master's,2025,Divorced,1928,Yes
612,India,Malaysia,Family Reunification,Permanent,35-44,Male,Bachelor's,2006,Divorced,344,Yes
613,Nepal,Saudi Arabia,Employment,Work,18-24,Male,Master's,2017,Married,1212,Yes
614,Bangladesh,Kuwait,Employment,Work,25-34,Male,Master's,2011,Married,283,Yes
615,Nepal,South Korea,Skilled Worker Visa,Work,35-44,Female,Secondary,2020,Married,1212,Yes
616,Pakistan,Saudi Arabia,Marriage/Spouse,Permanent,25-34,Male,Secondary,2018,Single,3408,Yes
617,Bangladesh,Norway,Family Reunification,Permanent,25-34,Female,Bachelor's,2020,Single,233,Yes
618,Nepal,Italy,Healthcare,Permanent,35-44,Female,Secondary,2021,Divorced,2075,Yes
619,Nepal,UAE,Higher Education,Permanent,55+,Female,Bachelor's,2023,Divorced,1417,Yes
620,Pakistan,Australia,Marriage/Spouse,Permanent,55+,Male,Master's,2020,Divorced,2587,Yes
621,Pakistan,Germany,Employment,Work,25-34,Female,Bachelor's,2007,Married,2841,Yes
622,Nepal,South Korea,Business/Investment,Work,25-34,Male,Master's,2018,Married,3667,Yes
623,Sri Lanka,Australia,Skilled Worker Visa,Work,35-44,Male,Secondary,2020,Divorced,285,No
624,Bangladesh,Malaysia,Skilled Worker Visa,Work,35-44,Male,Bachelor's,2005,Married,2141,Yes
625,Pakistan,Japan,Permanent Residency,Permanent,45-54,Male,Master's,2016,Single,1041,Yes
626,Nepal,United States,Permanent Residency,Permanent,25-34,Female,Bachelor's,2017,Single,225,Yes
627,Bangladesh,South Korea,Marriage/Spouse,Permanent,25-34,Male,Vocational/Technical,2018,Single,2526,No
628,India,Australia,Employment,Work,55+,Male,Master's,2005,Married,368,Yes
629,India,Oman,Family Reunification,Permanent,25-34,Female,Primary,2008,Married,3070,No
630,Sri Lanka,UAE,Employment,Work,18-24,Male,Bachelor's,2010,Married,754,Yes
631,Sri Lanka,France,Employment,Work,35-44,Male,Master's,2020,Divorced,493,No
632,India,United States,Permanent Residency,Permanent,35-44,Female,Bachelor's,2021,Divorced,9082,Yes
633,Bangladesh,Italy,Marriage/Spouse,Permanent,35-44,Male,Primary,2004,Married,216,No
634,Nepal,France,Higher Education,Permanent,55+,Male,Master's,2011,Married,1963,Yes
635,India,Oman,Permanent Residency,Permanent,45-54,Male,Vocational/Technical,2023,Divorced,1108,Yes
636,Sri Lanka,Germany,Higher Education,Permanent,35-44,Female,Bachelor's,2013,Divorced,522,Yes
637,Sri Lanka,Japan,Healthcare,Permanent,25-34,Male,Bachelor's,2007,Married,641,Yes
638,Pakistan,United States,Employment,Work,25-34,Female,Master's,2020,Married,3499,Yes
639,Nepal,United Kingdom,Employment,Work,25-34,Female,Master's,2009,Single,2322,Yes
640,Sri Lanka,Oman,Employment,Work,25-34,Male,Secondary,2022,Single,1392,Yes
641,Nepal,Qatar,Employment,Work,45-54,Male,Secondary,2019,Divorced,2450,Yes
642,Bangladesh,Germany,Marriage/Spouse,Permanent,18-24,Male,Bachelor's,2023,Married,380,Yes
643,Pakistan,UAE,Permanent Residency,Permanent,25-34,Male,Bachelor's,2016,Single,834,Yes
644,Pakistan,United States,Employment,Work,18-24,Male,Vocational/Technical,2021,Single,7565,Yes
645,India,Malaysia,Employment,Work,45-54,Male,Bachelor's,2025,Single,2652,Yes
646,India,Oman,Skilled Worker Visa,Work,35-44,Male,PhD,2011,Single,884,Yes
647,Nepal,South Korea,Higher Education,Permanent,25-34,Female,Vocational/Technical,2015,Married,461,Yes
648,Nepal,Saudi Arabia,Business/Investment,Work,45-54,Male,Bachelor's,2005,Divorced,911,No
649,Nepal,Saudi Arabia,Family Reunification,Permanent,35-44,Male,Bachelor's,2009,Divorced,227,Yes
650,Pakistan,New Zealand,Employment,Work,25-34,Male,Secondary,2000,Single,951,Yes
651,Nepal,Saudi Arabia,Skilled Worker Visa,Work,25-34,Male,Bachelor's,2021,Married,768,Yes
652,Bangladesh,Qatar,Skilled Worker Visa,Work,45-54,Male,Primary,2022,Divorced,1370,No
653,Sri Lanka,Oman,Marriage/Spouse,Permanent,25-34,Male,Vocational/Technical,2008,Divorced,8076,Yes
654,Pakistan,Norway,Family Reunification,Permanent,18-24,Male,Bachelor's,2025,Married,1210,Yes
655,Pakistan,UAE,Employment,Work,25-34,Male,Secondary,2017,Single,1161,Yes
656,Bangladesh,Norway,Family Reunification,Permanent,35-44,Male,Primary,2013,Divorced,2120,Yes
657,Bangladesh,UAE,Family Reunification,Permanent,35-44,Male,Secondary,2019,Divorced,1018,Yes
658,Bangladesh,United States,Family Reunification,Permanent,45-54,Male,Master's,2018,Single,1263,Yes
659,India,Australia,Employment,Work,35-44,Male,Bachelor's,2013,Single,1013,Yes
660,Pakistan,Japan,Permanent Residency,Permanent,18-24,Male,Vocational/Technical,2022,Divorced,509,No
661,Bangladesh,Malaysia,Employment,Work,25-34,Female,Bachelor's,2015,Single,571,Yes
662,Sri Lanka,United States,Permanent Residency,Permanent,55+,Male,Bachelor's,2003,Married,1054,Yes
663,Sri Lanka,Qatar,Skilled Worker Visa,Work,35-44,Male,Master's,2017,Divorced,715,Yes
664,India,South Korea,Higher Education,Permanent,55+,Female,Master's,2022,Divorced,998,No
665,Sri Lanka,Kuwait,Family Reunification,Permanent,18-24,Male,Bachelor's,2005,Married,6495,Yes
666,Pakistan,Canada,Business/Investment,Work,18-24,Male,Bachelor's,2014,Divorced,1325,Yes
667,India,Australia,Higher Education,Permanent,18-24,Male,Master's,2002,Single,303,Yes
668,India,Kuwait,Family Reunification,Permanent,18-24,Male,Bachelor's,2010,Single,301,Yes
669,Nepal,UAE,Employment,Work,25-34,Male,Bachelor's,2022,Married,355,No
670,Bangladesh,Saudi Arabia,Family Reunification,Permanent,25-34,Male,Bachelor's,2022,Divorced,936,Yes
671,Sri Lanka,Australia,Marriage/Spouse,Permanent,55+,Female,Bachelor's,2025,Married,1696,Yes
672,Sri Lanka,Kuwait,Skilled Worker Visa,Work,25-34,Male,Bachelor's,2022,Married,1020,Yes
673,India,New Zealand,Family Reunification,Permanent,25-34,Male,Master's,2023,Divorced,478,No
674,Nepal,Canada,Employment,Work,55+,Male,Master's,2013,Single,2253,Yes
675,Pakistan,United Kingdom,Marriage/Spouse,Permanent,55+,Female,Vocational/Technical,2024,Divorced,1503,Yes
676,Sri Lanka,Japan,Employment,Work,25-34,Male,Bachelor's,2010,Married,552,No
677,Pakistan,Malaysia,Employment,Work,35-44,Male,Primary,2010,Married,2760,Yes
678,Nepal,Japan,Employment,Work,25-34,Male,Master's,2021,Divorced,508,No
679,Sri Lanka,Japan,Employment,Work,25-34,Female,Master's,2007,Single,2117,Yes
680,Bangladesh,Kuwait,Employment,Work,25-34,Female,Master's,2025,Married,489,Yes
681,Bangladesh,Kuwait,Skilled Worker Visa,Work,45-54,Male,Master's,2025,Married,1536,Yes
682,Nepal,South Korea,Higher Education,Permanent,18-24,Male,Master's,2010,Single,535,No
683,Nepal,New Zealand,Skilled Worker Visa,Work,35-44,Male,Secondary,2010,Single,419,Yes
684,Nepal,South Korea,Permanent Residency,Permanent,45-54,Male,Primary,2024,Divorced,2052,Yes
685,Bangladesh,Australia,Economic Hardship,Permanent,18-24,Male,Master's,2008,Single,2998,Yes
686,India,Canada,Skilled Worker Visa,Work,25-34,Male,Vocational/Technical,2012,Single,3709,No
687,Nepal,France,Higher Education,Permanent,55+,Female,Bachelor's,2022,Married,1338,Yes
688,Nepal,New Zealand,Better Quality of Life,Permanent,35-44,Male,Master's,2014,Married,427,Yes
689,Pakistan,Qatar,Employment,Work,45-54,Male,Bachelor's,2019,Single,1901,Yes
690,India,United Kingdom,Employment,Work,25-34,Female,Vocational/Technical,2020,Single,2601,Yes
691,India,France,Business/Investment,Work,35-44,Female,Secondary,2021,Married,9440,Yes
692,Nepal,Italy,Marriage/Spouse,Permanent,25-34,Male,Primary,2025,Divorced,434,Yes
693,Nepal,Australia,Employment,Work,25-34,Male,Bachelor's,2023,Single,1443,Yes
694,Nepal,France,Employment,Work,55+,Male,Master's,2025,Single,8650,No
695,Pakistan,Qatar,Employment,Work,35-44,Male,Master's,2015,Single,325,Yes
696,Sri Lanka,Norway,Economic Hardship,Permanent,25-34,Male,Bachelor's,2016,Married,3377,Yes
697,Bangladesh,New Zealand,Employment,Work,45-54,Female,Secondary,2022,Married,950,Yes
698,India,Malaysia,Family Reunification,Permanent,35-44,Female,Master's,2016,Divorced,3841,No
699,Pakistan,Malaysia,Permanent Residency,Permanent,25-34,Male,Secondary,2016,Single,1118,No
700,Sri Lanka,Japan,Employment,Work,55+,Female,Master's,2024,Single,2072,Yes
701,India,UAE,Family Reunification,Permanent,18-24,Male,PhD,2008,Married,1309,Yes
702,Sri Lanka,Malaysia,Business/Investment,Work,55+,Male,PhD,2023,Married,1082,Yes
703,Pakistan,Australia,Business/Investment,Work,45-54,Female,Secondary,2008,Divorced,4446,Yes
704,India,Saudi Arabia,Employment,Work,25-34,Male,Primary,2008,Married,1106,Yes
705,Pakistan,Oman,Employment,Work,35-44,Male,Secondary,2020,Single,386,Yes
706,Bangladesh,Italy,Permanent Residency,Permanent,18-24,Female,PhD,2024,Single,3779,Yes
707,India,Saudi Arabia,Better Quality of Life,Permanent,45-54,Male,Secondary,2014,Single,513,No
708,India,Canada,Higher Education,Permanent,25-34,Male,Bachelor's,2013,Divorced,3364,Yes
709,Nepal,New Zealand,Marriage/Spouse,Permanent,55+,Female,Bachelor's,2023,Single,2570,No
710,Nepal,Oman,Family Reunification,Permanent,25-34,Male,Vocational/Technical,2009,Married,531,No
711,Nepal,Australia,Refugee/Asylum,Permanent,25-34,Male,Secondary,2005,Single,300,Yes
712,Nepal,Oman,Employment,Work,45-54,Male,Bachelor's,2025,Married,1000,No
713,Bangladesh,UAE,Family Reunification,Permanent,55+,Male,Secondary,2019,Single,1191,No
714,India,United States,Skilled Worker Visa,Work,35-44,Male,Secondary,2023,Divorced,989,Yes
715,India,France,Healthcare,Permanent,25-34,Male,Bachelor's,2015,Single,559,Yes
716,Sri Lanka,United States,Employment,Work,45-54,Female,Bachelor's,2020,Divorced,473,No
717,Bangladesh,Australia,Employment,Work,25-34,Male,Bachelor's,2020,Divorced,711,Yes
718,Pakistan,Qatar,Employment,Work,25-34,Male,Master's,2025,Married,342,Yes
719,Bangladesh,Qatar,Skilled Worker Visa,Work,35-44,Female,Secondary,2007,Married,623,Yes
720,Nepal,United States,Marriage/Spouse,Permanent,35-44,Male,Secondary,2023,Married,961,Yes
721,Nepal,UAE,Permanent Residency,Permanent,55+,Male,Master's,2018,Married,3549,Yes
722,India,South Korea,Family Reunification,Permanent,25-34,Male,Bachelor's,2022,Single,999,Yes
723,Sri Lanka,Japan,Family Reunification,Permanent,25-34,Female,Bachelor's,2018,Married,3586,No
724,Bangladesh,Malaysia,Permanent Residency,Permanent,55+,Female,Secondary,2007,Divorced,11939,Yes
725,Nepal,United States,Permanent Residency,Permanent,18-24,Male,Master's,2013,Married,5606,No
726,Bangladesh,Norway,Skilled Worker Visa,Work,25-34,Female,Master's,2024,Single,3316,Yes
727,Nepal,Kuwait,Employment,Work,25-34,Male,Vocational/Technical,2008,Divorced,314,No
728,India,UAE,Employment,Work,18-24,Male,Secondary,2016,Single,1329,Yes
729,Bangladesh,New Zealand,Employment,Work,25-34,Male,Master's,2020,Divorced,7987,No
730,Nepal,Australia,Family Reunification,Permanent,25-34,Male,Bachelor's,2018,Single,3874,No
731,Sri Lanka,UAE,Skilled Worker Visa,Work,25-34,Male,Bachelor's,2010,Divorced,804,Yes
732,Pakistan,Qatar,Employment,Work,45-54,Female,Bachelor's,2016,Divorced,9800,Yes
733,Sri Lanka,Norway,Higher Education,Permanent,25-34,Male,Bachelor's,2022,Divorced,691,Yes
734,Bangladesh,Qatar,Employment,Work,35-44,Female,Master's,2022,Married,3100,No
735,Pakistan,UAE,Employment,Work,35-44,Female,Secondary,2006,Single,473,No
736,Sri Lanka,South Korea,Family Reunification,Permanent,25-34,Female,Vocational/Technical,2016,Married,497,No
737,India,Italy,Healthcare,Permanent,55+,Female,Primary,2009,Married,7734,Yes
738,India,Japan,Permanent Residency,Permanent,45-54,Female,Master's,2024,Single,466,Yes
739,Bangladesh,UAE,Permanent Residency,Permanent,35-44,Male,Primary,2025,Single,3943,Yes
740,India,Italy,Higher Education,Permanent,25-34,Male,Bachelor's,2023,Married,499,Yes
741,India,Saudi Arabia,Employment,Work,55+,Male,Bachelor's,2013,Married,317,Yes
742,Nepal,Saudi Arabia,Marriage/Spouse,Permanent,25-34,Male,Vocational/Technical,2023,Married,2507,No
743,Pakistan,Qatar,Skilled Worker Visa,Work,18-24,Female,Bachelor's,2008,Divorced,3038,Yes
744,Pakistan,New Zealand,Employment,Work,18-24,Female,Primary,2019,Divorced,2214,Yes
745,Sri Lanka,Qatar,Employment,Work,35-44,Male,Secondary,2016,Single,1615,Yes
746,Sri Lanka,Malaysia,Skilled Worker Visa,Work,35-44,Male,Vocational/Technical,2007,Married,891,Yes
747,Pakistan,France,Employment,Work,25-34,Male,Master's,2024,Divorced,1038,Yes
748,Nepal,Germany,Family Reunification,Permanent,45-54,Male,Secondary,2004,Single,848,No
749,India,Malaysia,Employment,Work,25-34,Male,Bachelor's,2018,Married,252,No
750,Bangladesh,Saudi Arabia,Employment,Work,35-44,Male,Master's,2024,Single,2903,Yes
751,India,Qatar,Employment,Work,55+,Male,Master's,2021,Married,2336,Yes
752,Sri Lanka,Italy,Economic Hardship,Permanent,25-34,Male,Master's,2010,Married,10660,Yes
753,Bangladesh,New Zealand,Higher Education,Permanent,45-54,Male,Master's,2022,Single,3317,Yes
754,Pakistan,Saudi Arabia,Employment,Work,35-44,Male,PhD,2011,Divorced,3832,Yes
755,Sri Lanka,France,Business/Investment,Work,55+,Female,Primary,2018,Divorced,720,No
756,Nepal,Italy,Employment,Work,25-34,Male,PhD,2005,Single,1695,Yes
757,Bangladesh,UAE,Employment,Work,25-34,Male,Master's,2025,Divorced,414,Yes
758,Pakistan,Japan,Employment,Work,35-44,Male,Bachelor's,2019,Single,2491,Yes
759,India,Australia,Family Reunification,Permanent,25-34,Female,Vocational/Technical,2025,Married,3436,Yes
760,Nepal,Kuwait,Better Quality of Life,Permanent,25-34,Male,Bachelor's,2019,Divorced,3229,No
761,Nepal,United States,Family Reunification,Permanent,25-34,Female,Bachelor's,2018,Single,983,Yes
762,Nepal,Germany,Employment,Work,35-44,Male,PhD,2025,Divorced,449,Yes
763,Nepal,Canada,Employment,Work,25-34,Male,Primary,2010,Married,587,Yes
764,Sri Lanka,Canada,Higher Education,Permanent,35-44,Female,PhD,2006,Divorced,1804,Yes
765,Pakistan,Germany,Refugee/Asylum,Permanent,25-34,Male,Primary,2025,Divorced,2123,Yes
766,Nepal,South Korea,Family Reunification,Permanent,45-54,Female,Secondary,2022,Married,5738,No
767,Nepal,South Korea,Higher Education,Permanent,45-54,Male,Secondary,2001,Married,279,Yes
768,India,Qatar,Business/Investment,Work,18-24,Male,Secondary,2020,Divorced,7760,Yes
769,Nepal,Japan,Permanent Residency,Permanent,25-34,Male,Vocational/Technical,2020,Divorced,718,Yes
770,Sri Lanka,United Kingdom,Refugee/Asylum,Permanent,18-24,Male,Secondary,2013,Married,10302,Yes
771,Bangladesh,UAE,Economic Hardship,Permanent,18-24,Male,Master's,2015,Married,903,Yes
772,India,Japan,Family Reunification,Permanent,35-44,Female,PhD,2024,Divorced,1390,Yes
773,Bangladesh,Australia,Family Reunification,Permanent,25-34,Female,Bachelor's,2024,Married,522,Yes
774,Pakistan,France,Employment,Work,18-24,Male,Vocational/Technical,2013,Divorced,1026,Yes
775,Sri Lanka,Norway,Economic Hardship,Permanent,55+,Female,Bachelor's,2023,Divorced,209,Yes
776,Sri Lanka,Norway,Economic Hardship,Permanent,25-34,Female,Vocational/Technical,2002,Divorced,260,Yes
777,India,New Zealand,Marriage/Spouse,Permanent,25-34,Female,Primary,2014,Married,2587,No
778,Sri Lanka,UAE,Marriage/Spouse,Permanent,35-44,Male,Master's,2022,Divorced,1181,Yes
779,Nepal,Germany,Permanent Residency,Permanent,25-34,Male,Bachelor's,2017,Married,1848,Yes
780,Sri Lanka,France,Refugee/Asylum,Permanent,18-24,Male,Vocational/Technical,2023,Married,850,Yes
781,Sri Lanka,Italy,Higher Education,Permanent,35-44,Male,Bachelor's,2020,Single,2043,No
782,India,Malaysia,Family Reunification,Permanent,18-24,Female,Master's,2013,Married,1041,No
783,Sri Lanka,Australia,Employment,Work,35-44,Female,Bachelor's,2011,Married,1460,Yes
784,Sri Lanka,Canada,Family Reunification,Permanent,55+,Male,Bachelor's,2021,Single,3185,Yes
785,Pakistan,Germany,Employment,Work,55+,Female,Bachelor's,2021,Single,501,Yes
786,Pakistan,Australia,Higher Education,Permanent,45-54,Male,Vocational/Technical,2024,Married,3887,Yes
787,Bangladesh,South Korea,Higher Education,Permanent,45-54,Female,Master's,2023,Married,2342,Yes
788,Sri Lanka,New Zealand,Employment,Work,45-54,Male,Bachelor's,2015,Married,2777,Yes
789,Nepal,Saudi Arabia,Higher Education,Permanent,25-34,Male,Bachelor's,2019,Single,1238,Yes
790,Pakistan,France,Skilled Worker Visa,Work,18-24,Female,Bachelor's,2020,Divorced,8950,No
791,Sri Lanka,Canada,Skilled Worker Visa,Work,35-44,Female,Secondary,2011,Married,3389,Yes
792,Sri Lanka,Oman,Employment,Work,35-44,Male,Master's,2023,Divorced,462,Yes
793,Sri Lanka,UAE,Skilled Worker Visa,Work,35-44,Male,Vocational/Technical,2018,Divorced,2687,Yes
794,Bangladesh,United States,Business/Investment,Work,18-24,Male,Master's,2010,Single,462,Yes
795,India,United Kingdom,Higher Education,Permanent,55+,Female,Bachelor's,2005,Single,400,No
796,Bangladesh,Norway,Better Quality of Life,Permanent,35-44,Female,Secondary,2022,Married,1396,Yes
797,Bangladesh,Canada,Family Reunification,Permanent,45-54,Male,Bachelor's,2017,Married,304,Yes
798,Bangladesh,Italy,Family Reunification,Permanent,25-34,Male,Secondary,2021,Single,700,Yes
799,Sri Lanka,Oman,Employment,Work,25-34,Male,Master's,2021,Single,2725,Yes
800,Pakistan,UAE,Skilled Worker Visa,Work,45-54,Male,Vocational/Technical,2020,Single,923,Yes
801,Sri Lanka,New Zealand,Better Quality of Life,Permanent,55+,Female,Vocational/Technical,2005,Single,1261,Yes
802,India,Japan,Marriage/Spouse,Permanent,25-34,Male,Primary,2017,Single,1577,Yes
803,Sri Lanka,Canada,Family Reunification,Permanent,25-34,Female,Master's,2005,Married,2191,Yes
804,Pakistan,Germany,Skilled Worker Visa,Work,35-44,Female,Secondary,2018,Divorced,2546,Yes
805,India,United Kingdom,Higher Education,Permanent,25-34,Female,Secondary,2022,Married,399,Yes
806,Bangladesh,Germany,Family Reunification,Permanent,45-54,Female,Secondary,2023,Married,7565,Yes
807,Bangladesh,Germany,Skilled Worker Visa,Work,25-34,Female,Master's,2015,Divorced,588,Yes
808,Nepal,Italy,Higher Education,Permanent,18-24,Male,Vocational/Technical,2012,Divorced,566,Yes
809,India,Oman,Employment,Work,35-44,Male,Secondary,2006,Married,993,Yes
810,Bangladesh,UAE,Family Reunification,Permanent,25-34,Male,Bachelor's,2011,Married,331,Yes
811,India,France,Skilled Worker Visa,Work,25-34,Male,Bachelor's,2024,Divorced,6043,Yes
812,Nepal,Kuwait,Employment,Work,35-44,Male,Secondary,2014,Single,413,Yes
813,Sri Lanka,Qatar,Employment,Work,18-24,Male,Master's,2013,Divorced,690,Yes
814,Bangladesh,Malaysia,Business/Investment,Work,55+,Male,Bachelor's,2010,Divorced,1889,Yes
815,Bangladesh,Australia,Higher Education,Permanent,45-54,Male,Bachelor's,2015,Married,1345,Yes
816,India,Italy,Refugee/Asylum,Permanent,18-24,Male,Secondary,2025,Married,1135,Yes
817,Bangladesh,France,Family Reunification,Permanent,25-34,Female,Bachelor's,2010,Divorced,801,Yes
818,Sri Lanka,Japan,Permanent Residency,Permanent,18-24,Male,Vocational/Technical,2014,Married,2415,No
819,India,Italy,Family Reunification,Permanent,35-44,Female,Bachelor's,2014,Divorced,553,Yes
820,India,Japan,Family Reunification,Permanent,55+,Male,Secondary,2013,Married,980,Yes
821,Bangladesh,Oman,Employment,Work,45-54,Male,Secondary,2015,Single,549,Yes
822,Bangladesh,United States,Employment,Work,25-34,Female,Bachelor's,2025,Divorced,1205,Yes
823,Bangladesh,Italy,Higher Education,Permanent,18-24,Male,Secondary,2025,Divorced,10512,Yes
824,Pakistan,Malaysia,Family Reunification,Permanent,35-44,Female,Bachelor's,2021,Divorced,249,Yes
825,India,Saudi Arabia,Family Reunification,Permanent,25-34,Male,Primary,2017,Divorced,1251,Yes
826,Nepal,United Kingdom,Employment,Work,18-24,Male,Bachelor's,2008,Divorced,1943,Yes
827,India,Kuwait,Employment,Work,25-34,Male,Primary,2019,Single,2360,Yes
828,Bangladesh,Norway,Marriage/Spouse,Permanent,25-34,Male,Secondary,2010,Divorced,1364,Yes
829,India,UAE,Better Quality of Life,Permanent,18-24,Female,Secondary,2022,Married,465,Yes
830,Bangladesh,Japan,Better Quality of Life,Permanent,25-34,Female,Master's,2000,Divorced,259,Yes
831,Bangladesh,Germany,Higher Education,Permanent,25-34,Male,Bachelor's,2024,Married,583,Yes
832,Sri Lanka,Saudi Arabia,Higher Education,Permanent,25-34,Male,Master's,2015,Married,552,Yes
833,Nepal,New Zealand,Permanent Residency,Permanent,35-44,Male,Master's,2002,Single,334,Yes
834,Pakistan,Australia,Marriage/Spouse,Permanent,25-34,Male,Vocational/Technical,2023,Single,1080,Yes
835,India,South Korea,Employment,Work,25-34,Male,Vocational/Technical,2013,Divorced,357,Yes
836,Bangladesh,Australia,Permanent Residency,Permanent,45-54,Female,Master's,2000,Married,1487,Yes
837,Bangladesh,Germany,Skilled Worker Visa,Work,35-44,Male,PhD,2014,Divorced,2279,Yes
838,Sri Lanka,United Kingdom,Skilled Worker Visa,Work,45-54,Female,Master's,2020,Single,2461,Yes
839,India,Oman,Employment,Work,35-44,Male,Master's,2019,Married,300,Yes
840,India,Italy,Employment,Work,25-34,Male,Master's,2018,Single,2646,Yes
841,India,United Kingdom,Family Reunification,Permanent,45-54,Female,Bachelor's,2014,Divorced,554,Yes
842,Sri Lanka,Qatar,Employment,Work,35-44,Male,Primary,2004,Divorced,498,No
843,Sri Lanka,Qatar,Employment,Work,45-54,Male,Secondary,2023,Divorced,338,Yes
844,India,United Kingdom,Marriage/Spouse,Permanent,45-54,Female,Bachelor's,2020,Divorced,935,No
845,Bangladesh,Australia,Marriage/Spouse,Permanent,35-44,Male,Bachelor's,2007,Divorced,3137,Yes
846,Sri Lanka,Japan,Better Quality of Life,Permanent,25-34,Male,Secondary,2013,Married,1501,Yes
847,India,Oman,Family Reunification,Permanent,35-44,Male,Primary,2021,Single,251,Yes
848,Sri Lanka,UAE,Higher Education,Permanent,18-24,Female,Bachelor's,2014,Married,814,Yes
849,Sri Lanka,Oman,Employment,Work,18-24,Male,Secondary,2024,Married,2852,Yes
850,Bangladesh,UAE,Employment,Work,35-44,Male,Bachelor's,2017,Single,5358,Yes
851,Pakistan,Norway,Better Quality of Life,Permanent,18-24,Male,Bachelor's,2020,Single,2424,Yes
852,Bangladesh,Saudi Arabia,Skilled Worker Visa,Work,18-24,Male,Secondary,2022,Divorced,733,No
853,Bangladesh,Germany,Employment,Work,45-54,Male,Primary,2014,Single,9323,No
854,India,Malaysia,Higher Education,Permanent,35-44,Male,Bachelor's,2018,Single,864,Yes
855,Pakistan,Norway,Political Instability,Permanent,35-44,Male,Bachelor's,2002,Divorced,339,Yes
856,India,Oman,Employment,Work,35-44,Male,Bachelor's,2012,Divorced,448,Yes
857,Nepal,Malaysia,Employment,Work,25-34,Male,Secondary,2019,Single,464,Yes
858,Nepal,Italy,Refugee/Asylum,Permanent,35-44,Female,Bachelor's,2010,Single,583,Yes
859,India,Malaysia,Family Reunification,Permanent,25-34,Female,Bachelor's,2015,Divorced,1149,Yes
860,Bangladesh,Norway,Political Instability,Permanent,18-24,Male,Master's,2005,Married,401,Yes
861,India,Malaysia,Healthcare,Permanent,45-54,Female,Master's,2014,Divorced,5346,Yes
862,Pakistan,Germany,Permanent Residency,Permanent,25-34,Female,Primary,2014,Married,322,Yes
863,India,UAE,Higher Education,Permanent,18-24,Male,Master's,2022,Married,2837,Yes
864,Bangladesh,United States,Better Quality of Life,Permanent,18-24,Male,Master's,2018,Divorced,608,Yes
865,Nepal,UAE,Better Quality of Life,Permanent,25-34,Male,Bachelor's,2009,Single,573,No
866,Nepal,Italy,Employment,Work,25-34,Male,PhD,2022,Single,1049,Yes
867,India,Oman,Employment,Work,25-34,Male,Secondary,2011,Divorced,1177,No
868,Nepal,Qatar,Economic Hardship,Permanent,35-44,Male,Bachelor's,2010,Married,3184,Yes
869,Nepal,South Korea,Family Reunification,Permanent,25-34,Female,Master's,2025,Married,1048,Yes
870,India,United Kingdom,Skilled Worker Visa,Work,25-34,Female,Primary,2025,Married,555,Yes
871,Nepal,New Zealand,Permanent Residency,Permanent,55+,Female,Vocational/Technical,2005,Married,1210,Yes
872,India,United Kingdom,Higher Education,Permanent,25-34,Male,Bachelor's,2019,Married,901,Yes
873,India,Italy,Refugee/Asylum,Permanent,35-44,Male,Bachelor's,2022,Divorced,296,No
874,Sri Lanka,Italy,Employment,Work,55+,Male,Vocational/Technical,2024,Married,2324,Yes
875,Nepal,Japan,Refugee/Asylum,Permanent,35-44,Female,Bachelor's,2020,Single,1280,Yes
876,Bangladesh,Australia,Higher Education,Permanent,25-34,Female,Bachelor's,2023,Married,1320,Yes
877,Nepal,United Kingdom,Employment,Work,18-24,Male,Primary,2015,Single,648,Yes
878,India,France,Family Reunification,Permanent,25-34,Male,Master's,2024,Single,378,Yes
879,Nepal,Germany,Refugee/Asylum,Permanent,18-24,Male,PhD,2015,Divorced,368,Yes
880,Nepal,Germany,Better Quality of Life,Permanent,25-34,Male,Vocational/Technical,2020,Married,5671,Yes
881,Nepal,Saudi Arabia,Marriage/Spouse,Permanent,25-34,Male,Secondary,2014,Single,6105,Yes
882,India,Qatar,Employment,Work,25-34,Male,Bachelor's,2018,Single,3363,Yes
883,India,Italy,Refugee/Asylum,Permanent,55+,Male,Secondary,2011,Married,512,No
884,Bangladesh,Australia,Higher Education,Permanent,18-24,Male,Bachelor's,2017,Married,283,Yes
885,Pakistan,Japan,Business/Investment,Work,18-24,Male,Bachelor's,2025,Married,680,Yes
886,India,Malaysia,Marriage/Spouse,Permanent,35-44,Male,Primary,2024,Single,1917,No
887,Sri Lanka,United Kingdom,Family Reunification,Permanent,45-54,Male,PhD,2008,Married,744,Yes
888,Sri Lanka,Italy,Better Quality of Life,Permanent,25-34,Female,Master's,2013,Single,807,Yes
889,Sri Lanka,Saudi Arabia,Economic Hardship,Permanent,25-34,Male,Secondary,2017,Single,1138,Yes
890,Bangladesh,Malaysia,Higher Education,Permanent,25-34,Male,Secondary,2014,Divorced,506,Yes
891,Pakistan,Japan,Employment,Work,55+,Male,PhD,2005,Divorced,1224,Yes
892,India,New Zealand,Business/Investment,Work,45-54,Male,Bachelor's,2018,Single,1095,Yes
893,Pakistan,Canada,Employment,Work,35-44,Male,Secondary,2025,Married,987,No
894,India,Australia,Refugee/Asylum,Permanent,45-54,Male,Master's,2021,Single,1537,Yes
895,Nepal,Malaysia,Family Reunification,Permanent,45-54,Male,Master's,2021,Divorced,3465,Yes
896,Sri Lanka,Canada,Higher Education,Permanent,35-44,Male,Secondary,2005,Married,711,Yes
897,Nepal,United States,Permanent Residency,Permanent,35-44,Male,Bachelor's,2003,Married,319,No
898,Nepal,South Korea,Employment,Work,25-34,Male,Vocational/Technical,2015,Single,11221,No
899,Nepal,United States,Permanent Residency,Permanent,18-24,Male,Bachelor's,2017,Divorced,214,Yes
900,Nepal,South Korea,Higher Education,Permanent,25-34,Male,Bachelor's,2015,Married,956,Yes
901,Nepal,Kuwait,Economic Hardship,Permanent,55+,Male,PhD,2019,Single,1906,Yes
902,Pakistan,UAE,Permanent Residency,Permanent,35-44,Male,Vocational/Technical,2021,Divorced,1200,Yes
903,Nepal,Kuwait,Higher Education,Permanent,25-34,Male,Secondary,2007,Single,892,Yes
904,Bangladesh,New Zealand,Employment,Work,25-34,Male,Bachelor's,2021,Single,3279,No
905,Nepal,Canada,Better Quality of Life,Permanent,35-44,Male,Primary,2011,Divorced,1984,Yes
906,Sri Lanka,Kuwait,Skilled Worker Visa,Work,35-44,Male,PhD,2020,Divorced,837,No
907,Pakistan,Saudi Arabia,Employment,Work,18-24,Male,Vocational/Technical,2023,Married,520,Yes
908,Pakistan,Qatar,Economic Hardship,Permanent,25-34,Male,Primary,2006,Divorced,11140,Yes
909,Pakistan,United States,Family Reunification,Permanent,45-54,Male,Bachelor's,2015,Married,1149,Yes
910,Bangladesh,Italy,Family Reunification,Permanent,25-34,Male,Secondary,2012,Divorced,1308,Yes
911,Sri Lanka,Kuwait,Business/Investment,Work,35-44,Male,Master's,2025,Divorced,965,Yes
912,Bangladesh,Japan,Employment,Work,35-44,Male,Vocational/Technical,2023,Married,1210,Yes
913,India,Qatar,Higher Education,Permanent,25-34,Male,Vocational/Technical,2008,Single,240,Yes
914,Sri Lanka,Germany,Refugee/Asylum,Permanent,25-34,Female,Bachelor's,2022,Married,1428,Yes
915,Sri Lanka,Canada,Better Quality of Life,Permanent,35-44,Female,Bachelor's,2025,Single,514,Yes
916,Sri Lanka,Oman,Employment,Work,18-24,Male,Vocational/Technical,2015,Divorced,2134,Yes
917,Pakistan,Malaysia,Refugee/Asylum,Permanent,18-24,Male,PhD,2007,Divorced,1659,No
918,Pakistan,Germany,Business/Investment,Work,35-44,Male,Bachelor's,2019,Married,1275,Yes
919,Nepal,Oman,Employment,Work,25-34,Male,Bachelor's,2018,Married,1243,Yes
920,Bangladesh,Germany,Family Reunification,Permanent,18-24,Male,Bachelor's,2018,Single,3477,Yes
921,Pakistan,Italy,Marriage/Spouse,Permanent,55+,Female,Master's,2020,Divorced,955,Yes
922,India,Canada,Higher Education,Permanent,35-44,Male,Master's,2017,Divorced,243,Yes
923,India,UAE,Employment,Work,55+,Male,Vocational/Technical,2020,Married,441,Yes
924,Bangladesh,UAE,Skilled Worker Visa,Work,45-54,Male,Secondary,2016,Single,1028,Yes
925,India,Kuwait,Skilled Worker Visa,Work,25-34,Male,Secondary,2013,Divorced,1748,Yes
926,Pakistan,Malaysia,Family Reunification,Permanent,18-24,Female,Master's,2015,Single,682,No
927,Bangladesh,Canada,Employment,Work,25-34,Male,Vocational/Technical,2007,Married,2498,Yes
928,Nepal,Japan,Higher Education,Permanent,25-34,Female,Secondary,2011,Married,1829,No
929,Sri Lanka,South Korea,Permanent Residency,Permanent,55+,Female,Primary,2024,Married,953,Yes
930,India,New Zealand,Family Reunification,Permanent,18-24,Male,Secondary,2007,Single,929,Yes
931,Sri Lanka,Italy,Employment,Work,25-34,Male,Vocational/Technical,2025,Divorced,2226,Yes
932,Pakistan,UAE,Skilled Worker Visa,Work,35-44,Male,Master's,2018,Married,220,Yes
933,Pakistan,Kuwait,Permanent Residency,Permanent,18-24,Male,Secondary,2024,Single,837,Yes
934,India,Saudi Arabia,Refugee/Asylum,Permanent,55+,Male,Vocational/Technical,2003,Single,2713,Yes
935,Nepal,Qatar,Skilled Worker Visa,Work,25-34,Male,Bachelor's,2018,Single,1124,Yes
936,India,Oman,Marriage/Spouse,Permanent,18-24,Male,Vocational/Technical,2023,Divorced,9770,Yes
937,India,United Kingdom,Family Reunification,Permanent,25-34,Female,Vocational/Technical,2016,Married,1442,Yes
938,Sri Lanka,Australia,Family Reunification,Permanent,18-24,Male,Vocational/Technical,2007,Divorced,525,No
939,Pakistan,France,Family Reunification,Permanent,35-44,Male,Vocational/Technical,2022,Divorced,265,Yes
940,India,UAE,Skilled Worker Visa,Work,35-44,Male,Secondary,2012,Single,6590,Yes
941,Bangladesh,Australia,Marriage/Spouse,Permanent,25-34,Female,Primary,2012,Married,1269,No
942,Nepal,Norway,Employment,Work,25-34,Female,Secondary,2022,Single,2436,Yes
943,Nepal,United States,Better Quality of Life,Permanent,18-24,Female,Bachelor's,2007,Divorced,516,Yes
944,India,Italy,Family Reunification,Permanent,25-34,Male,Primary,2020,Single,435,Yes
945,Pakistan,Malaysia,Permanent Residency,Permanent,25-34,Male,Primary,2011,Married,647,Yes
946,Sri Lanka,United Kingdom,Higher Education,Permanent,45-54,Female,Primary,2025,Single,3513,Yes
947,India,Australia,Employment,Work,45-54,Female,Vocational/Technical,2016,Married,776,Yes
948,Pakistan,Malaysia,Employment,Work,18-24,Female,Secondary,2025,Married,482,Yes
949,India,Italy,Higher Education,Permanent,25-34,Male,Master's,2025,Married,1011,Yes
950,Nepal,Saudi Arabia,Family Reunification,Permanent,45-54,Female,PhD,2025,Married,4671,Yes
951,Pakistan,Germany,Skilled Worker Visa,Work,35-44,Male,Secondary,2004,Divorced,3240,Yes
952,Bangladesh,Kuwait,Employment,Work,18-24,Female,PhD,2018,Married,224,No
953,Nepal,Canada,Family Reunification,Permanent,25-34,Female,Vocational/Technical,2023,Married,3327,Yes
954,Bangladesh,Norway,Employment,Work,18-24,Female,Secondary,2016,Divorced,548,Yes
955,Pakistan,Oman,Business/Investment,Work,25-34,Male,Secondary,2022,Divorced,3452,Yes
956,Bangladesh,Saudi Arabia,Employment,Work,35-44,Male,Primary,2015,Married,925,Yes
957,Nepal,Germany,Refugee/Asylum,Permanent,35-44,Female,Secondary,2005,Single,571,Yes
958,Nepal,Italy,Permanent Residency,Permanent,55+,Male,Primary,2025,Single,3715,Yes
959,Pakistan,Saudi Arabia,Employment,Work,25-34,Male,Vocational/Technical,2012,Divorced,491,Yes
960,Bangladesh,Malaysia,Permanent Residency,Permanent,35-44,Female,Secondary,2025,Divorced,358,No
961,India,Canada,Skilled Worker Visa,Work,25-34,Female,Secondary,2015,Divorced,937,Yes
962,Bangladesh,United Kingdom,Refugee/Asylum,Permanent,18-24,Male,Master's,2025,Divorced,964,Yes
963,Pakistan,Italy,Permanent Residency,Permanent,25-34,Female,Secondary,2024,Married,5930,No
964,Nepal,South Korea,Permanent Residency,Permanent,18-24,Male,Bachelor's,2018,Married,455,No
965,Sri Lanka,Australia,Family Reunification,Permanent,35-44,Female,Primary,2011,Married,11397,No
966,India,France,Economic Hardship,Permanent,35-44,Female,Secondary,2021,Married,361,Yes
967,Bangladesh,France,Economic Hardship,Permanent,25-34,Male,Primary,2022,Divorced,206,Yes
968,Bangladesh,South Korea,Refugee/Asylum,Permanent,55+,Female,Bachelor's,2020,Divorced,1064,No
969,Pakistan,Norway,Healthcare,Permanent,35-44,Female,PhD,2017,Divorced,519,No
970,Sri Lanka,United States,Permanent Residency,Permanent,25-34,Female,Bachelor's,2019,Divorced,1568,No
971,Nepal,New Zealand,Family Reunification,Permanent,35-44,Male,Bachelor's,2014,Single,5407,Yes
972,Nepal,United States,Family Reunification,Permanent,25-34,Male,Bachelor's,2025,Single,1365,No
973,Bangladesh,United States,Family Reunification,Permanent,55+,Female,Bachelor's,2004,Married,296,Yes
974,Sri Lanka,France,Permanent Residency,Permanent,45-54,Male,Secondary,2011,Divorced,1724,Yes
975,India,Saudi Arabia,Employment,Work,55+,Male,Master's,2006,Divorced,1090,Yes
976,Bangladesh,Italy,Business/Investment,Work,25-34,Male,Secondary,2022,Married,1401,No
977,India,UAE,Marriage/Spouse,Permanent,55+,Male,Secondary,2005,Married,4625,Yes
978,Pakistan,Kuwait,Skilled Worker Visa,Work,18-24,Male,PhD,2022,Divorced,1013,Yes
979,Bangladesh,Italy,Higher Education,Permanent,45-54,Male,Master's,2013,Divorced,586,Yes
980,Pakistan,Australia,Family Reunification,Permanent,55+,Male,Bachelor's,2020,Divorced,789,Yes
981,Nepal,Canada,Permanent Residency,Permanent,18-24,Male,Bachelor's,2011,Married,2325,No
982,Sri Lanka,Canada,Permanent Residency,Permanent,35-44,Female,Master's,2022,Single,789,Yes
983,Nepal,Canada,Business/Investment,Work,25-34,Female,Secondary,2025,Single,698,Yes
984,Nepal,Malaysia,Economic Hardship,Permanent,45-54,Male,Bachelor's,2014,Single,367,Yes
985,Bangladesh,Kuwait,Skilled Worker Visa,Work,25-34,Male,Master's,2017,Single,263,Yes
986,Pakistan,Canada,Higher Education,Permanent,25-34,Male,Master's,2020,Single,886,Yes
987,Pakistan,Australia,Permanent Residency,Permanent,18-24,Female,Secondary,2016,Single,3049,Yes
988,Sri Lanka,Japan,Family Reunification,Permanent,55+,Male,PhD,2010,Divorced,769,Yes
989,Bangladesh,South Korea,Employment,Work,35-44,Male,Bachelor's,2008,Single,499,No
990,Sri Lanka,South Korea,Higher Education,Permanent,25-34,Male,PhD,2023,Divorced,350,Yes
991,Bangladesh,Australia,Permanent Residency,Permanent,18-24,Male,Bachelor's,2014,Single,523,Yes
992,Pakistan,Germany,Family Reunification,Permanent,45-54,Female,Bachelor's,2019,Divorced,1065,Yes
993,India,United States,Employment,Work,25-34,Female,Vocational/Technical,2002,Married,872,Yes
994,Nepal,Germany,Business/Investment,Work,45-54,Female,Primary,2006,Single,304,Yes
995,Bangladesh,Germany,Higher Education,Permanent,35-44,Male,Secondary,2010,Single,872,Yes
996,Bangladesh,United States,Marriage/Spouse,Permanent,35-44,Female,Vocational/Technical,2006,Single,3391,Yes
997,Nepal,UAE,Political Instability,Permanent,25-34,Male,Master's,2013,Divorced,1688,Yes
998,Pakistan,Saudi Arabia,Skilled Worker Visa,Work,35-44,Male,Bachelor's,2021,Single,274,No
999,Sri Lanka,United Kingdom,Employment,Work,25-34,Female,Master's,2005,Divorced,287,No
1000,India,Canada,Employment,Work,55+,Male,Bachelor's,2017,Married,468,Yes
1001,Sri Lanka,UAE,Employment,Work,55+,Male,Bachelor's,2005,Single,267,Yes
1002,Sri Lanka,New Zealand,Permanent Residency,Permanent,25-34,Male,Master's,2016,Single,309,Yes
1003,India,Kuwait,Skilled Worker Visa,Work,35-44,Male,Master's,2014,Single,1318,Yes
1004,Pakistan,Oman,Higher Education,Permanent,18-24,Female,Secondary,2011,Single,781,Yes
1005,Pakistan,France,Higher Education,Permanent,18-24,Male,Master's,2021,Single,398,No
1006,Pakistan,Canada,Business/Investment,Work,25-34,Female,Primary,2011,Divorced,375,Yes
1007,India,Qatar,Employment,Work,25-34,Male,Master's,2008,Married,10869,Yes
1008,Bangladesh,Qatar,Employment,Work,35-44,Male,Secondary,2021,Single,312,Yes
1009,India,United Kingdom,Family Reunification,Permanent,35-44,Male,Vocational/Technical,2014,Married,966,No
1010,Bangladesh,Italy,Skilled Worker Visa,Work,45-54,Male,Vocational/Technical,2018,Married,285,No
1011,India,Qatar,Skilled Worker Visa,Work,25-34,Male,PhD,2015,Married,429,Yes
1012,Bangladesh,Italy,Higher Education,Permanent,25-34,Male,Master's,2007,Single,971,Yes
1013,Pakistan,New Zealand,Higher Education,Permanent,35-44,Male,Master's,2011,Single,2377,Yes
1014,Sri Lanka,Qatar,Business/Investment,Work,25-34,Male,PhD,2025,Divorced,11619,Yes
1015,Sri Lanka,United Kingdom,Economic Hardship,Permanent,18-24,Male,PhD,2022,Single,420,Yes
1016,Pakistan,Norway,Skilled Worker Visa,Work,35-44,Male,Bachelor's,2009,Married,446,Yes
1017,Pakistan,United States,Marriage/Spouse,Permanent,35-44,Female,Bachelor's,2016,Single,2976,Yes
1018,Nepal,Germany,Skilled Worker Visa,Work,45-54,Male,Bachelor's,2020,Married,2027,Yes
1019,Sri Lanka,Kuwait,Skilled Worker Visa,Work,45-54,Male,Bachelor's,2017,Married,1144,Yes
1020,Bangladesh,France,Refugee/Asylum,Permanent,25-34,Female,Bachelor's,2021,Single,2304,Yes
1021,India,UAE,Skilled Worker Visa,Work,55+,Male,Primary,2019,Single,3048,No
1022,Pakistan,Norway,Employment,Work,55+,Male,Secondary,2022,Married,840,Yes
1023,Nepal,Germany,Employment,Work,45-54,Female,PhD,2019,Married,558,Yes
1024,Sri Lanka,Malaysia,Economic Hardship,Permanent,35-44,Female,Secondary,2008,Married,10338,Yes
1025,Bangladesh,Germany,Employment,Work,25-34,Male,Secondary,2012,Divorced,1415,No
1026,Pakistan,Kuwait,Employment,Work,25-34,Male,Vocational/Technical,2023,Married,5823,Yes
1027,India,United States,Family Reunification,Permanent,35-44,Female,Secondary,2024,Married,272,Yes
1028,Bangladesh,Saudi Arabia,Skilled Worker Visa,Work,18-24,Male,Secondary,2024,Married,7993,Yes
1029,Pakistan,Norway,Skilled Worker Visa,Work,35-44,Male,Secondary,2021,Single,340,Yes
1030,Nepal,Japan,Business/Investment,Work,45-54,Female,Primary,2014,Divorced,1152,No
1031,Pakistan,United Kingdom,Skilled Worker Visa,Work,25-34,Male,Bachelor's,2006,Divorced,784,Yes
1032,Pakistan,Kuwait,Skilled Worker Visa,Work,25-34,Male,Bachelor's,2020,Divorced,218,Yes
1033,Pakistan,Australia,Higher Education,Permanent,35-44,Male,Master's,2009,Married,2857,Yes
1034,Bangladesh,Oman,Employment,Work,25-34,Male,Secondary,2018,Divorced,380,Yes
1035,India,Germany,Employment,Work,55+,Female,Secondary,2022,Married,411,Yes
1036,Sri Lanka,UAE,Marriage/Spouse,Permanent,35-44,Male,Master's,2023,Divorced,3240,Yes
1037,India,United States,Better Quality of Life,Permanent,25-34,Female,Bachelor's,2021,Married,406,No
1038,Sri Lanka,Saudi Arabia,Skilled Worker Visa,Work,35-44,Female,Primary,2014,Divorced,2170,No
1039,India,Italy,Business/Investment,Work,35-44,Male,Bachelor's,2011,Married,448,No
1040,Pakistan,Italy,Skilled Worker Visa,Work,45-54,Female,Bachelor's,2000,Single,489,Yes
1041,India,Saudi Arabia,Skilled Worker Visa,Work,45-54,Male,Bachelor's,2020,Married,249,No
1042,India,Saudi Arabia,Economic Hardship,Permanent,35-44,Male,Master's,2017,Divorced,619,Yes
1043,Bangladesh,Saudi Arabia,Marriage/Spouse,Permanent,35-44,Male,Secondary,2016,Married,795,Yes
1044,India,UAE,Better Quality of Life,Permanent,45-54,Male,PhD,2007,Single,289,Yes
1045,Nepal,France,Employment,Work,35-44,Female,Secondary,2012,Single,1991,No
1046,Sri Lanka,Italy,Employment,Work,25-34,Female,Secondary,2014,Married,1168,Yes
1047,Bangladesh,UAE,Higher Education,Permanent,35-44,Male,Primary,2022,Single,9674,No
1048,Sri Lanka,Kuwait,Skilled Worker Visa,Work,25-34,Male,Master's,2017,Single,1458,Yes
1049,Nepal,Canada,Better Quality of Life,Permanent,45-54,Male,Master's,2023,Divorced,2033,No
1050,Bangladesh,Japan,Permanent Residency,Permanent,35-44,Male,Primary,2008,Married,872,Yes
1051,Sri Lanka,Malaysia,Higher Education,Permanent,55+,Male,Secondary,2013,Single,775,Yes
1052,Nepal,New Zealand,Family Reunification,Permanent,25-34,Male,Bachelor's,2011,Married,3322,Yes
1053,Nepal,United Kingdom,Family Reunification,Permanent,35-44,Male,PhD,2025,Single,1174,Yes
1054,Nepal,Australia,Marriage/Spouse,Permanent,18-24,Male,PhD,2018,Divorced,1457,No
1055,Nepal,Germany,Higher Education,Permanent,25-34,Male,Secondary,2021,Divorced,3481,Yes
1056,Sri Lanka,Norway,Refugee/Asylum,Permanent,25-34,Female,Primary,2017,Divorced,770,Yes
1057,Sri Lanka,New Zealand,Family Reunification,Permanent,35-44,Male,Master's,2015,Married,313,Yes
1058,India,South Korea,Marriage/Spouse,Permanent,18-24,Male,Primary,2014,Single,347,Yes
1059,Bangladesh,United Kingdom,Employment,Work,55+,Male,Primary,2007,Divorced,848,No
1060,India,Kuwait,Employment,Work,45-54,Male,Secondary,2025,Divorced,1114,Yes
1061,Pakistan,Oman,Permanent Residency,Permanent,55+,Male,Bachelor's,2006,Single,338,Yes
1062,Bangladesh,France,Skilled Worker Visa,Work,25-34,Male,Bachelor's,2020,Married,3297,Yes
1063,Sri Lanka,UAE,Skilled Worker Visa,Work,45-54,Male,Bachelor's,2005,Married,4608,Yes
1064,Pakistan,United States,Skilled Worker Visa,Work,25-34,Male,Bachelor's,2020,Married,8442,Yes
1065,Nepal,Italy,Business/Investment,Work,35-44,Male,Bachelor's,2013,Divorced,567,Yes
1066,Pakistan,Oman,Economic Hardship,Permanent,25-34,Male,Secondary,2017,Married,2429,Yes
1067,India,United States,Family Reunification,Permanent,45-54,Male,Bachelor's,2020,Single,647,Yes
1068,Bangladesh,Italy,Healthcare,Permanent,35-44,Male,Master's,2024,Single,225,Yes
1069,Bangladesh,Oman,Skilled Worker Visa,Work,35-44,Male,Bachelor's,2016,Married,310,Yes
1070,Pakistan,Kuwait,Business/Investment,Work,45-54,Male,PhD,2002,Single,1245,Yes
1071,Bangladesh,Germany,Economic Hardship,Permanent,18-24,Male,Secondary,2017,Single,1382,Yes
1072,Pakistan,Saudi Arabia,Business/Investment,Work,25-34,Male,Primary,2016,Single,5010,Yes
1073,Sri Lanka,Norway,Political Instability,Permanent,25-34,Female,Vocational/Technical,2010,Divorced,1277,Yes
1074,India,Kuwait,Employment,Work,25-34,Male,Master's,2022,Single,1953,Yes
1075,Pakistan,United States,Family Reunification,Permanent,35-44,Male,PhD,2023,Single,3910,Yes
1076,Pakistan,New Zealand,Higher Education,Permanent,25-34,Male,Vocational/Technical,2017,Divorced,1910,Yes
1077,Sri Lanka,Germany,Family Reunification,Permanent,18-24,Male,Master's,2021,Married,334,No
1078,Pakistan,Kuwait,Employment,Work,25-34,Male,Primary,2019,Divorced,2413,Yes
1079,Nepal,Qatar,Employment,Work,25-34,Male,Primary,2023,Divorced,583,Yes
1080,Pakistan,Saudi Arabia,Employment,Work,18-24,Female,Bachelor's,2021,Single,6019,No
1081,Pakistan,Qatar,Employment,Work,45-54,Male,Secondary,2025,Married,922,Yes
1082,India,Germany,Skilled Worker Visa,Work,25-34,Female,Master's,2021,Single,455,Yes
1083,India,Kuwait,Skilled Worker Visa,Work,55+,Male,Master's,2020,Married,2182,No
1084,Bangladesh,Saudi Arabia,Employment,Work,35-44,Male,Bachelor's,2006,Single,1284,Yes
1085,Pakistan,United States,Permanent Residency,Permanent,35-44,Female,Secondary,2022,Single,379,Yes
1086,Nepal,Norway,Employment,Work,25-34,Female,PhD,2006,Single,415,Yes
1087,India,Saudi Arabia,Employment,Work,25-34,Male,Bachelor's,2006,Married,2006,No
1088,Sri Lanka,New Zealand,Higher Education,Permanent,45-54,Male,Master's,2006,Single,354,No
1089,Pakistan,France,Higher Education,Permanent,55+,Female,Vocational/Technical,2018,Married,886,Yes
1090,Sri Lanka,Japan,Skilled Worker Visa,Work,25-34,Female,Vocational/Technical,2018,Divorced,1398,Yes
1091,India,Australia,Refugee/Asylum,Permanent,35-44,Female,Bachelor's,2018,Divorced,11670,No
1092,Nepal,Norway,Higher Education,Permanent,45-54,Male,Secondary,2010,Single,272,No
1093,Pakistan,Oman,Healthcare,Permanent,25-34,Male,Bachelor's,2018,Single,6168,Yes
1094,India,Qatar,Family Reunification,Permanent,25-34,Male,Bachelor's,2017,Married,2574,Yes
1095,Nepal,United States,Permanent Residency,Permanent,18-24,Male,Bachelor's,2023,Divorced,467,Yes
1096,Pakistan,Norway,Higher Education,Permanent,25-34,Female,PhD,2003,Single,297,Yes
1097,Nepal,Germany,Family Reunification,Permanent,35-44,Female,Bachelor's,2025,Married,733,Yes
1098,Sri Lanka,UAE,Employment,Work,25-34,Male,Master's,2018,Married,872,Yes
1099,Pakistan,United States,Permanent Residency,Permanent,18-24,Female,Bachelor's,2021,Single,512,Yes
1100,Nepal,South Korea,Marriage/Spouse,Permanent,18-24,Male,Vocational/Technical,2019,Single,287,Yes
1101,India,South Korea,Higher Education,Permanent,25-34,Male,PhD,2023,Single,1576,Yes
1102,Pakistan,Saudi Arabia,Business/Investment,Work,45-54,Female,Vocational/Technical,2010,Single,481,No
1103,Pakistan,Japan,Employment,Work,35-44,Male,Vocational/Technical,2016,Single,11577,Yes
1104,Pakistan,United States,Marriage/Spouse,Permanent,25-34,Female,Primary,2019,Married,235,Yes
1105,Nepal,New Zealand,Higher Education,Permanent,25-34,Male,Master's,2017,Single,2284,Yes
1106,India,Saudi Arabia,Employment,Work,18-24,Male,Vocational/Technical,2018,Married,571,Yes
1107,Sri Lanka,Malaysia,Family Reunification,Permanent,25-34,Male,Secondary,2023,Married,2223,Yes
1108,Pakistan,Germany,Better Quality of Life,Permanent,25-34,Female,Bachelor's,2022,Single,270,Yes
1109,Sri Lanka,Japan,Permanent Residency,Permanent,55+,Female,Bachelor's,2014,Married,457,Yes
1110,India,Germany,Marriage/Spouse,Permanent,18-24,Female,Secondary,2002,Divorced,206,No
1111,India,New Zealand,Economic Hardship,Permanent,25-34,Female,Secondary,2021,Divorced,6648,Yes
1112,Sri Lanka,New Zealand,Marriage/Spouse,Permanent,25-34,Female,Secondary,2011,Married,1074,Yes
1113,Nepal,Qatar,Skilled Worker Visa,Work,45-54,Male,Secondary,2021,Single,457,Yes
1114,India,Italy,Family Reunification,Permanent,35-44,Male,Bachelor's,2012,Married,7278,Yes
1115,Sri Lanka,France,Higher Education,Permanent,35-44,Female,Primary,2025,Married,6941,No
1116,India,New Zealand,Better Quality of Life,Permanent,18-24,Male,Vocational/Technical,2014,Married,576,Yes
1117,Bangladesh,United States,Employment,Work,25-34,Male,Primary,2011,Divorced,505,Yes
1118,Pakistan,Kuwait,Employment,Work,35-44,Male,Master's,2019,Divorced,512,Yes
1119,Sri Lanka,New Zealand,Employment,Work,18-24,Female,Bachelor's,2015,Single,4681,Yes
1120,Nepal,UAE,Employment,Work,25-34,Male,Bachelor's,2017,Married,636,Yes
1121,Bangladesh,Norway,Skilled Worker Visa,Work,25-34,Male,PhD,2013,Married,657,Yes
1122,Bangladesh,United Kingdom,Skilled Worker Visa,Work,25-34,Male,Secondary,2022,Married,978,Yes
1123,Sri Lanka,UAE,Skilled Worker Visa,Work,25-34,Male,Bachelor's,2025,Single,1383,Yes
1124,Nepal,United Kingdom,Refugee/Asylum,Permanent,55+,Male,Secondary,2021,Divorced,2958,Yes
1125,India,Qatar,Employment,Work,25-34,Male,Vocational/Technical,2025,Married,1136,Yes
1126,Bangladesh,Oman,Employment,Work,25-34,Male,Vocational/Technical,2018,Married,207,Yes
1127,India,Germany,Skilled Worker Visa,Work,35-44,Female,Vocational/Technical,2010,Divorced,3094,Yes
1128,Pakistan,Canada,Employment,Work,25-34,Male,Bachelor's,2024,Single,1445,Yes
1129,Pakistan,Oman,Family Reunification,Permanent,45-54,Male,Vocational/Technical,2012,Divorced,1657,Yes
1130,Nepal,Japan,Employment,Work,25-34,Male,PhD,2018,Single,8180,Yes
1131,India,UAE,Business/Investment,Work,25-34,Male,Bachelor's,2015,Single,240,No
1132,Pakistan,United States,Employment,Work,25-34,Female,Secondary,2019,Divorced,1982,Yes
1133,Bangladesh,UAE,Employment,Work,25-34,Male,Bachelor's,2014,Divorced,1731,Yes
1134,Nepal,Malaysia,Skilled Worker Visa,Work,18-24,Female,Secondary,2023,Divorced,4842,Yes
1135,Bangladesh,Saudi Arabia,Economic Hardship,Permanent,25-34,Female,Master's,2022,Divorced,374,No
1136,Sri Lanka,Malaysia,Skilled Worker Visa,Work,18-24,Male,Bachelor's,2017,Married,395,Yes
1137,Bangladesh,Germany,Healthcare,Permanent,25-34,Female,Bachelor's,2003,Married,3366,Yes
1138,Bangladesh,Kuwait,Employment,Work,35-44,Female,Secondary,2024,Single,1368,No
1139,India,New Zealand,Higher Education,Permanent,25-34,Female,Bachelor's,2006,Married,2233,No
1140,Sri Lanka,United Kingdom,Skilled Worker Visa,Work,35-44,Female,Vocational/Technical,2014,Single,3653,No
1141,Sri Lanka,Italy,Skilled Worker Visa,Work,25-34,Female,Master's,2023,Single,309,Yes
1142,Pakistan,Italy,Skilled Worker Visa,Work,18-24,Male,Primary,2021,Married,463,No
1143,Pakistan,United Kingdom,Better Quality of Life,Permanent,25-34,Male,Secondary,2000,Married,475,Yes
1144,India,Australia,Employment,Work,35-44,Female,Bachelor's,2007,Single,545,Yes
1145,Pakistan,Malaysia,Employment,Work,25-34,Male,Vocational/Technical,2020,Single,2099,Yes
1146,Pakistan,Malaysia,Business/Investment,Work,45-54,Male,Secondary,2015,Divorced,1402,No
1147,Nepal,Canada,Marriage/Spouse,Permanent,25-34,Male,Bachelor's,2024,Married,2285,Yes
1148,Sri Lanka,Germany,Higher Education,Permanent,35-44,Female,Master's,2017,Divorced,1117,Yes
1149,Nepal,United States,Higher Education,Permanent,18-24,Male,Vocational/Technical,2022,Single,781,No
1150,Nepal,France,Higher Education,Permanent,35-44,Male,Secondary,2011,Divorced,6431,Yes
1151,India,Oman,Employment,Work,35-44,Male,Master's,2023,Single,2718,Yes
1152,Nepal,New Zealand,Refugee/Asylum,Permanent,18-24,Male,Vocational/Technical,2022,Divorced,3055,Yes
1153,Nepal,France,Employment,Work,45-54,Male,Master's,2025,Single,612,No
1154,Nepal,Italy,Higher Education,Permanent,25-34,Male,Vocational/Technical,2000,Married,684,No
1155,Sri Lanka,Australia,Higher Education,Permanent,45-54,Male,Bachelor's,2015,Married,1219,No
1156,Sri Lanka,United States,Refugee/Asylum,Permanent,25-34,Female,Secondary,2012,Divorced,217,Yes
1157,Bangladesh,UAE,Marriage/Spouse,Permanent,18-24,Male,Master's,2023,Divorced,3783,Yes
1158,Pakistan,South Korea,Political Instability,Permanent,35-44,Female,Secondary,2000,Married,915,Yes
1159,Sri Lanka,South Korea,Economic Hardship,Permanent,18-24,Male,Secondary,2020,Single,2818,Yes
1160,Nepal,Oman,Employment,Work,18-24,Male,Bachelor's,2011,Divorced,2247,Yes
1161,Nepal,South Korea,Refugee/Asylum,Permanent,25-34,Male,Vocational/Technical,2017,Single,1199,Yes
1162,Pakistan,Canada,Skilled Worker Visa,Work,25-34,Male,Secondary,2011,Married,252,No
1163,Bangladesh,South Korea,Family Reunification,Permanent,45-54,Male,Bachelor's,2014,Married,11451,Yes
1164,Bangladesh,Norway,Higher Education,Permanent,25-34,Male,Secondary,2010,Married,2959,No
1165,India,New Zealand,Better Quality of Life,Permanent,18-24,Male,Secondary,2007,Single,1043,No
1166,India,Saudi Arabia,Family Reunification,Permanent,25-34,Male,Secondary,2025,Married,434,Yes
1167,Sri Lanka,UAE,Employment,Work,55+,Male,Master's,2020,Divorced,565,Yes
1168,India,UAE,Employment,Work,35-44,Male,Primary,2024,Married,795,Yes
1169,Nepal,New Zealand,Marriage/Spouse,Permanent,25-34,Male,Secondary,2011,Single,582,Yes
1170,Nepal,Germany,Family Reunification,Permanent,55+,Male,Primary,2006,Married,458,Yes
1171,Bangladesh,Norway,Economic Hardship,Permanent,18-24,Female,Primary,2009,Single,1453,Yes
1172,Sri Lanka,UAE,Employment,Work,55+,Male,PhD,2014,Divorced,860,Yes
1173,Pakistan,Qatar,Better Quality of Life,Permanent,18-24,Male,Bachelor's,2013,Single,404,Yes
1174,India,Oman,Skilled Worker Visa,Work,45-54,Male,Vocational/Technical,2024,Married,504,Yes
1175,India,Norway,Healthcare,Permanent,45-54,Female,Bachelor's,2010,Divorced,383,Yes
1176,India,Saudi Arabia,Skilled Worker Visa,Work,35-44,Male,Bachelor's,2007,Married,3447,Yes
1177,India,Kuwait,Skilled Worker Visa,Work,45-54,Male,Secondary,2007,Divorced,384,No
1178,Bangladesh,Australia,Employment,Work,18-24,Female,Bachelor's,2014,Married,486,No
1179,India,Italy,Family Reunification,Permanent,25-34,Female,Bachelor's,2017,Single,1648,Yes
1180,Bangladesh,Qatar,Employment,Work,35-44,Female,Vocational/Technical,2015,Married,1223,Yes
1181,Sri Lanka,New Zealand,Family Reunification,Permanent,18-24,Male,Bachelor's,2017,Married,585,Yes
1182,Bangladesh,France,Better Quality of Life,Permanent,25-34,Male,PhD,2012,Single,3640,Yes
1183,India,Malaysia,Political Instability,Permanent,25-34,Male,Master's,2004,Married,3583,No
1184,India,Germany,Employment,Work,18-24,Female,Bachelor's,2010,Single,1212,No
1185,Sri Lanka,Malaysia,Business/Investment,Work,25-34,Male,Primary,2024,Divorced,283,Yes
1186,Pakistan,Australia,Employment,Work,25-34,Male,Vocational/Technical,2023,Divorced,571,Yes
1187,Nepal,France,Family Reunification,Permanent,35-44,Male,Master's,2022,Married,2544,Yes
1188,Bangladesh,Japan,Economic Hardship,Permanent,25-34,Female,Bachelor's,2006,Divorced,2864,Yes
1189,Bangladesh,Germany,Political Instability,Permanent,35-44,Male,Secondary,2009,Divorced,453,Yes
1190,Pakistan,Germany,Higher Education,Permanent,25-34,Male,Bachelor's,2016,Married,1214,Yes
1191,Nepal,United Kingdom,Employment,Work,25-34,Male,Bachelor's,2016,Divorced,763,No
1192,Bangladesh,Malaysia,Marriage/Spouse,Permanent,35-44,Female,Bachelor's,2017,Married,381,Yes
1193,Sri Lanka,New Zealand,Family Reunification,Permanent,18-24,Male,Secondary,2010,Married,218,Yes
1194,Bangladesh,Qatar,Employment,Work,35-44,Female,Vocational/Technical,2003,Divorced,1125,Yes
1195,Nepal,France,Family Reunification,Permanent,18-24,Female,Vocational/Technical,2021,Married,305,Yes
1196,Pakistan,Saudi Arabia,Business/Investment,Work,25-34,Male,Bachelor's,2016,Single,517,Yes
1197,Bangladesh,Germany,Healthcare,Permanent,18-24,Female,Primary,2011,Single,414,Yes
1198,Sri Lanka,UAE,Skilled Worker Visa,Work,35-44,Male,Vocational/Technical,2007,Divorced,334,Yes
1199,India,Canada,Permanent Residency,Permanent,18-24,Male,Master's,2018,Married,2911,Yes
1200,Sri Lanka,France,Higher Education,Permanent,18-24,Male,Master's,2025,Married,1321,No
1201,Pakistan,Germany,Higher Education,Permanent,25-34,Male,Vocational/Technical,2023,Married,1095,No
1202,Nepal,South Korea,Employment,Work,18-24,Male,Vocational/Technical,2021,Married,2416,Yes
1203,India,Malaysia,Employment,Work,25-34,Female,Secondary,2015,Divorced,1423,Yes
1204,Nepal,Qatar,Business/Investment,Work,18-24,Male,Primary,2010,Married,1419,No
1205,Sri Lanka,Kuwait,Family Reunification,Permanent,25-34,Male,Primary,2016,Single,2096,Yes
1206,Sri Lanka,Norway,Employment,Work,35-44,Male,Bachelor's,2020,Single,261,Yes
1207,Sri Lanka,Japan,Marriage/Spouse,Permanent,35-44,Female,Master's,2020,Divorced,1140,Yes
1208,Pakistan,Qatar,Skilled Worker Visa,Work,45-54,Male,Vocational/Technical,2025,Married,676,Yes
1209,Pakistan,New Zealand,Permanent Residency,Permanent,35-44,Male,Bachelor's,2009,Divorced,336,Yes
1210,Nepal,Japan,Business/Investment,Work,55+,Male,Vocational/Technical,2019,Married,831,No
1211,Nepal,Norway,Employment,Work,45-54,Male,Bachelor's,2010,Single,3376,Yes
1212,Nepal,Kuwait,Employment,Work,45-54,Male,Secondary,2020,Divorced,679,Yes
1213,Bangladesh,South Korea,Skilled Worker Visa,Work,25-34,Male,Master's,2012,Single,268,No
1214,Nepal,Saudi Arabia,Employment,Work,35-44,Male,Primary,2023,Married,1196,Yes
1215,Nepal,Qatar,Skilled Worker Visa,Work,18-24,Male,Bachelor's,2012,Single,1305,Yes
1216,Pakistan,Oman,Economic Hardship,Permanent,25-34,Female,Vocational/Technical,2019,Divorced,3147,No
1217,Nepal,Oman,Economic Hardship,Permanent,45-54,Female,Master's,2016,Single,438,Yes
1218,Nepal,Norway,Higher Education,Permanent,25-34,Female,Secondary,2022,Married,1000,No
1219,Sri Lanka,Kuwait,Skilled Worker Visa,Work,45-54,Male,Bachelor's,2020,Divorced,1015,No
1220,Bangladesh,Japan,Employment,Work,45-54,Female,Master's,2017,Divorced,1647,Yes
1221,Bangladesh,UAE,Business/Investment,Work,25-34,Male,Primary,2025,Divorced,1037,Yes
1222,Nepal,Oman,Employment,Work,25-34,Male,Vocational/Technical,2017,Single,1289,Yes
1223,Nepal,Oman,Better Quality of Life,Permanent,35-44,Male,Bachelor's,2022,Divorced,952,Yes
1224,Pakistan,Australia,Higher Education,Permanent,25-34,Male,Master's,2023,Married,929,No
1225,Pakistan,Qatar,Family Reunification,Permanent,35-44,Male,Bachelor's,2018,Single,241,Yes
1226,Bangladesh,Malaysia,Skilled Worker Visa,Work,18-24,Male,Bachelor's,2006,Single,579,Yes
1227,Sri Lanka,UAE,Employment,Work,25-34,Male,Secondary,2021,Divorced,1189,Yes
1228,Pakistan,Italy,Political Instability,Permanent,25-34,Female,Primary,2015,Single,2480,Yes
1229,Nepal,Italy,Economic Hardship,Permanent,25-34,Male,Master's,2017,Single,3527,Yes
1230,India,Canada,Permanent Residency,Permanent,35-44,Female,Secondary,2018,Married,1452,Yes
1231,Sri Lanka,Canada,Permanent Residency,Permanent,25-34,Male,Vocational/Technical,2012,Divorced,9016,Yes
1232,Nepal,United States,Family Reunification,Permanent,25-34,Female,Master's,2012,Married,1208,Yes
1233,Pakistan,United States,Employment,Work,25-34,Female,Vocational/Technical,2011,Single,2265,Yes
1234,Nepal,UAE,Employment,Work,25-34,Male,Master's,2022,Married,6224,No
1235,India,New Zealand,Better Quality of Life,Permanent,45-54,Male,Master's,2014,Divorced,347,Yes
1236,Sri Lanka,South Korea,Business/Investment,Work,25-34,Male,Secondary,2024,Single,568,Yes
1237,Pakistan,Saudi Arabia,Employment,Work,18-24,Male,Vocational/Technical,2010,Divorced,3968,No
1238,India,France,Family Reunification,Permanent,25-34,Male,Vocational/Technical,2022,Married,3325,Yes
1239,Sri Lanka,Canada,Skilled Worker Visa,Work,55+,Male,Vocational/Technical,2016,Single,328,No
1240,Sri Lanka,Norway,Employment,Work,45-54,Male,Bachelor's,2014,Single,637,No
1241,India,Malaysia,Skilled Worker Visa,Work,45-54,Male,Primary,2025,Married,263,No
1242,Bangladesh,Australia,Business/Investment,Work,25-34,Male,Bachelor's,2008,Married,1036,No
1243,Pakistan,United Kingdom,Higher Education,Permanent,18-24,Male,Master's,2025,Divorced,3847,Yes
1244,Pakistan,Saudi Arabia,Economic Hardship,Permanent,25-34,Male,Bachelor's,2017,Divorced,483,Yes
1245,India,Germany,Higher Education,Permanent,25-34,Female,Master's,2020,Married,2859,Yes
1246,Pakistan,UAE,Family Reunification,Permanent,55+,Male,Bachelor's,2016,Divorced,1107,No
1247,Sri Lanka,Australia,Higher Education,Permanent,25-34,Male,Master's,2013,Married,1435,No
1248,Nepal,Italy,Permanent Residency,Permanent,25-34,Male,Secondary,2004,Divorced,3646,Yes
1249,Sri Lanka,Saudi Arabia,Skilled Worker Visa,Work,45-54,Male,Primary,2020,Married,7400,Yes
1250,Bangladesh,Norway,Higher Education,Permanent,25-34,Male,Bachelor's,2018,Single,354,Yes
1251,Sri Lanka,United States,Permanent Residency,Permanent,45-54,Male,Vocational/Technical,2024,Married,645,No
1252,Pakistan,Australia,Better Quality of Life,Permanent,25-34,Female,Vocational/Technical,2016,Married,573,Yes
1253,Pakistan,Japan,Employment,Work,18-24,Female,Secondary,2012,Married,844,Yes
1254,Sri Lanka,United States,Higher Education,Permanent,35-44,Male,Secondary,2025,Single,876,Yes
1255,Bangladesh,Germany,Employment,Work,18-24,Male,Vocational/Technical,2021,Single,2785,Yes
1256,India,Malaysia,Marriage/Spouse,Permanent,35-44,Male,Bachelor's,2014,Divorced,2871,Yes
1257,India,Australia,Employment,Work,25-34,Female,Bachelor's,2018,Divorced,2957,Yes
1258,Bangladesh,Oman,Employment,Work,18-24,Male,Bachelor's,2021,Single,2019,Yes
1259,India,Kuwait,Employment,Work,35-44,Male,Master's,2019,Single,461,Yes
1260,Bangladesh,New Zealand,Permanent Residency,Permanent,35-44,Female,Bachelor's,2023,Married,10519,No
1261,Sri Lanka,Australia,Skilled Worker Visa,Work,25-34,Female,Secondary,2024,Single,2441,No
1262,Bangladesh,Saudi Arabia,Employment,Work,35-44,Male,Master's,2018,Single,241,Yes
1263,Nepal,New Zealand,Skilled Worker Visa,Work,25-34,Male,Primary,2013,Divorced,2260,No
1264,Pakistan,Qatar,Better Quality of Life,Permanent,55+,Male,Master's,2018,Married,2029,Yes
1265,Sri Lanka,Qatar,Employment,Work,55+,Female,Primary,2018,Married,1008,Yes
1266,Bangladesh,South Korea,Economic Hardship,Permanent,55+,Male,Bachelor's,2001,Married,2613,Yes
1267,Bangladesh,France,Family Reunification,Permanent,35-44,Female,Secondary,2003,Married,2684,No
1268,Nepal,United States,Employment,Work,45-54,Male,Master's,2019,Divorced,2099,Yes
1269,India,United Kingdom,Skilled Worker Visa,Work,25-34,Male,Master's,2009,Divorced,399,Yes
1270,Bangladesh,UAE,Employment,Work,55+,Male,Master's,2022,Divorced,315,No
1271,Pakistan,Oman,Skilled Worker Visa,Work,45-54,Male,Bachelor's,2015,Divorced,429,Yes
1272,India,Qatar,Employment,Work,18-24,Male,Bachelor's,2025,Single,5964,Yes
1273,Bangladesh,Kuwait,Higher Education,Permanent,35-44,Male,Bachelor's,2025,Married,933,No
1274,Bangladesh,Malaysia,Marriage/Spouse,Permanent,25-34,Female,Primary,2025,Single,1653,Yes
1275,Nepal,United Kingdom,Family Reunification,Permanent,25-34,Female,Vocational/Technical,2015,Divorced,1122,Yes
1276,India,UAE,Employment,Work,25-34,Male,Bachelor's,2005,Single,2723,Yes
1277,Pakistan,United Kingdom,Permanent Residency,Permanent,25-34,Male,Secondary,2023,Married,1964,Yes
1278,Sri Lanka,Australia,Better Quality of Life,Permanent,45-54,Male,Secondary,2025,Married,2922,Yes
1279,India,Canada,Higher Education,Permanent,35-44,Female,Master's,2006,Divorced,573,Yes
1280,India,United States,Skilled Worker Visa,Work,25-34,Male,Master's,2017,Divorced,7743,Yes
1281,Bangladesh,Australia,Employment,Work,35-44,Male,Bachelor's,2019,Divorced,3157,Yes
1282,Nepal,United Kingdom,Higher Education,Permanent,45-54,Male,Vocational/Technical,2022,Single,1091,No
1283,Nepal,Malaysia,Healthcare,Permanent,25-34,Male,Vocational/Technical,2008,Single,8328,Yes
1284,Nepal,Canada,Skilled Worker Visa,Work,45-54,Male,Master's,2020,Divorced,1350,No
1285,Bangladesh,Japan,Marriage/Spouse,Permanent,25-34,Male,Secondary,2019,Single,3696,Yes
1286,Bangladesh,South Korea,Higher Education,Permanent,25-34,Female,Primary,2012,Single,1013,Yes
1287,India,Italy,Permanent Residency,Permanent,35-44,Male,Secondary,2012,Divorced,404,Yes
1288,Sri Lanka,United States,Higher Education,Permanent,25-34,Male,Bachelor's,2013,Single,3916,Yes
1289,Nepal,France,Skilled Worker Visa,Work,35-44,Male,Bachelor's,2024,Divorced,674,No
1290,Pakistan,New Zealand,Employment,Work,25-34,Female,Bachelor's,2022,Married,3552,Yes
1291,Pakistan,Japan,Higher Education,Permanent,45-54,Male,Bachelor's,2010,Single,572,Yes
1292,Bangladesh,France,Family Reunification,Permanent,25-34,Male,Secondary,2010,Single,4774,Yes
1293,Nepal,Kuwait,Skilled Worker Visa,Work,18-24,Female,Bachelor's,2018,Single,502,Yes
1294,Pakistan,Kuwait,Healthcare,Permanent,25-34,Male,Master's,2015,Single,9707,Yes
1295,Sri Lanka,South Korea,Permanent Residency,Permanent,35-44,Female,Bachelor's,2016,Single,412,Yes
1296,Pakistan,Kuwait,Employment,Work,25-34,Female,Vocational/Technical,2004,Married,3260,No
1297,Bangladesh,Canada,Employment,Work,55+,Female,Primary,2012,Married,286,Yes
1298,India,Malaysia,Employment,Work,35-44,Male,Primary,2024,Divorced,379,Yes
1299,India,Canada,Family Reunification,Permanent,25-34,Female,Primary,2005,Married,2878,Yes
1300,India,United Kingdom,Permanent Residency,Permanent,55+,Male,Bachelor's,2012,Married,593,Yes
1301,India,Saudi Arabia,Skilled Worker Visa,Work,55+,Female,Bachelor's,2024,Divorced,786,No
1302,Sri Lanka,Italy,Employment,Work,45-54,Male,Vocational/Technical,2022,Divorced,1648,Yes
1303,Nepal,France,Employment,Work,25-34,Female,Secondary,2023,Married,1454,No
1304,Nepal,Kuwait,Permanent Residency,Permanent,35-44,Male,Bachelor's,2014,Divorced,477,Yes
1305,Nepal,Italy,Employment,Work,55+,Female,Primary,2019,Single,306,Yes
1306,India,United Kingdom,Family Reunification,Permanent,25-34,Male,Vocational/Technical,2013,Divorced,8957,No
1307,Bangladesh,United Kingdom,Employment,Work,25-34,Female,Bachelor's,2023,Single,457,Yes
1308,India,Japan,Higher Education,Permanent,25-34,Male,Vocational/Technical,2012,Married,827,Yes
1309,India,UAE,Political Instability,Permanent,35-44,Male,PhD,2018,Married,975,Yes
1310,Pakistan,France,Marriage/Spouse,Permanent,25-34,Female,Vocational/Technical,2011,Divorced,3063,Yes
1311,Bangladesh,Norway,Skilled Worker Visa,Work,25-34,Female,Bachelor's,2025,Married,764,Yes
1312,Nepal,Saudi Arabia,Family Reunification,Permanent,25-34,Female,Vocational/Technical,2013,Single,8096,Yes
1313,India,Australia,Marriage/Spouse,Permanent,45-54,Male,Bachelor's,2022,Single,1158,Yes
1314,Bangladesh,Germany,Family Reunification,Permanent,45-54,Female,Master's,2008,Single,657,Yes
1315,Nepal,Kuwait,Employment,Work,25-34,Male,Master's,2011,Married,1792,Yes
1316,Pakistan,France,Higher Education,Permanent,18-24,Male,PhD,2021,Married,294,Yes
1317,Pakistan,Canada,Refugee/Asylum,Permanent,25-34,Male,Secondary,2008,Married,10949,No
1318,India,Malaysia,Employment,Work,25-34,Male,Bachelor's,2002,Divorced,1343,Yes
1319,Sri Lanka,Japan,Healthcare,Permanent,25-34,Male,Secondary,2023,Single,3607,No
1320,Pakistan,Malaysia,Permanent Residency,Permanent,25-34,Female,Bachelor's,2016,Single,298,Yes
1321,India,France,Political Instability,Permanent,25-34,Female,Bachelor's,2010,Married,853,Yes
1322,Pakistan,United States,Higher Education,Permanent,35-44,Male,Master's,2019,Married,6380,Yes
1323,Bangladesh,Canada,Employment,Work,18-24,Male,Master's,2008,Married,1700,No
1324,Bangladesh,United Kingdom,Higher Education,Permanent,25-34,Male,Vocational/Technical,2009,Married,2653,Yes
1325,Bangladesh,Germany,Better Quality of Life,Permanent,25-34,Male,Primary,2021,Divorced,2225,No
1326,India,South Korea,Employment,Work,35-44,Male,Secondary,2024,Married,265,No
1327,Sri Lanka,Germany,Skilled Worker Visa,Work,18-24,Female,Secondary,2009,Married,1152,No
1328,Pakistan,Canada,Employment,Work,25-34,Male,Vocational/Technical,2023,Divorced,2998,Yes
1329,Bangladesh,United States,Employment,Work,25-34,Male,Bachelor's,2015,Divorced,10567,Yes
1330,Bangladesh,Qatar,Employment,Work,45-54,Male,Primary,2010,Divorced,3936,Yes
1331,Pakistan,Canada,Permanent Residency,Permanent,35-44,Male,Bachelor's,2000,Divorced,1698,No
1332,Nepal,France,Business/Investment,Work,18-24,Female,Bachelor's,2025,Single,1767,Yes
1333,Nepal,Kuwait,Permanent Residency,Permanent,25-34,Male,Secondary,2002,Divorced,569,Yes
1334,Nepal,Saudi Arabia,Marriage/Spouse,Permanent,55+,Female,Vocational/Technical,2016,Married,3843,Yes
1335,Pakistan,Malaysia,Refugee/Asylum,Permanent,35-44,Female,Vocational/Technical,2019,Single,350,Yes
1336,Nepal,Kuwait,Higher Education,Permanent,18-24,Male,Vocational/Technical,2025,Married,613,Yes
1337,Sri Lanka,Germany,Higher Education,Permanent,25-34,Female,Secondary,2018,Divorced,306,No
1338,Bangladesh,Oman,Higher Education,Permanent,18-24,Male,Bachelor's,2012,Married,625,No
1339,Nepal,Canada,Employment,Work,35-44,Female,Master's,2022,Divorced,2082,No
1340,Bangladesh,United Kingdom,Higher Education,Permanent,18-24,Female,Secondary,2023,Married,788,Yes
1341,Pakistan,United Kingdom,Employment,Work,25-34,Male,Secondary,2017,Married,512,Yes
1342,Nepal,UAE,Economic Hardship,Permanent,45-54,Male,Master's,2023,Single,1265,Yes
1343,Bangladesh,South Korea,Higher Education,Permanent,55+,Female,Secondary,2022,Single,630,Yes
1344,Pakistan,Canada,Permanent Residency,Permanent,18-24,Male,Vocational/Technical,2010,Married,848,Yes
1345,India,Italy,Political Instability,Permanent,35-44,Male,Bachelor's,2013,Married,967,Yes
1346,Nepal,United Kingdom,Family Reunification,Permanent,18-24,Male,Bachelor's,2005,Divorced,1176,Yes
1347,Bangladesh,Saudi Arabia,Employment,Work,55+,Female,Secondary,2024,Divorced,3870,Yes
1348,Bangladesh,Japan,Skilled Worker Visa,Work,35-44,Male,Primary,2023,Married,3714,Yes
1349,Nepal,New Zealand,Employment,Work,25-34,Female,Master's,2023,Divorced,1412,Yes
1350,Nepal,United Kingdom,Marriage/Spouse,Permanent,18-24,Male,Master's,2003,Divorced,1663,No
1351,Sri Lanka,UAE,Higher Education,Permanent,55+,Male,Primary,2015,Married,1108,No
1352,Sri Lanka,Italy,Business/Investment,Work,45-54,Male,Vocational/Technical,2017,Married,649,Yes
1353,Sri Lanka,Italy,Refugee/Asylum,Permanent,25-34,Male,Bachelor's,2006,Married,688,Yes
1354,Nepal,United States,Political Instability,Permanent,35-44,Male,Master's,2015,Divorced,1464,Yes
1355,Pakistan,Australia,Family Reunification,Permanent,35-44,Female,Bachelor's,2024,Single,266,Yes
1356,Sri Lanka,New Zealand,Employment,Work,35-44,Female,Vocational/Technical,2016,Divorced,598,Yes
1357,Bangladesh,Kuwait,Skilled Worker Visa,Work,35-44,Male,Bachelor's,2021,Divorced,1330,Yes
1358,India,Germany,Family Reunification,Permanent,18-24,Male,Master's,2008,Single,3272,Yes
1359,Bangladesh,Saudi Arabia,Marriage/Spouse,Permanent,25-34,Male,Bachelor's,2008,Divorced,582,No
1360,Sri Lanka,Qatar,Employment,Work,25-34,Male,Vocational/Technical,2023,Single,646,Yes
1361,Nepal,United States,Employment,Work,25-34,Female,Primary,2018,Married,218,Yes
1362,India,Australia,Political Instability,Permanent,25-34,Female,Bachelor's,2021,Divorced,1176,Yes
1363,Bangladesh,Malaysia,Business/Investment,Work,45-54,Female,Master's,2017,Married,1194,Yes
1364,Bangladesh,United States,Family Reunification,Permanent,35-44,Male,Vocational/Technical,2006,Married,3466,No
1365,India,Germany,Permanent Residency,Permanent,25-34,Female,Bachelor's,2023,Married,2826,Yes
1366,Pakistan,Norway,Employment,Work,35-44,Male,Primary,2017,Single,2488,No
1367,Sri Lanka,United States,Family Reunification,Permanent,25-34,Female,Master's,2014,Single,412,No
1368,Bangladesh,Qatar,Refugee/Asylum,Permanent,18-24,Male,Master's,2009,Divorced,339,No
1369,Sri Lanka,Malaysia,Healthcare,Permanent,35-44,Male,Secondary,2009,Married,496,Yes
1370,Bangladesh,Malaysia,Higher Education,Permanent,35-44,Female,Master's,2025,Single,1423,Yes
1371,Bangladesh,Japan,Family Reunification,Permanent,35-44,Male,Secondary,2025,Married,1134,Yes
1372,Bangladesh,United States,Employment,Work,35-44,Male,PhD,2022,Single,3895,Yes
1373,India,Kuwait,Skilled Worker Visa,Work,25-34,Female,Master's,2021,Married,3231,Yes
1374,India,Qatar,Economic Hardship,Permanent,18-24,Male,PhD,2013,Single,697,Yes
1375,Sri Lanka,Norway,Higher Education,Permanent,25-34,Female,Master's,2018,Single,3010,No
1376,Nepal,New Zealand,Higher Education,Permanent,55+,Male,Secondary,2017,Divorced,1244,Yes
1377,India,South Korea,Better Quality of Life,Permanent,18-24,Male,Master's,2006,Married,1097,Yes
1378,Pakistan,United States,Permanent Residency,Permanent,35-44,Male,Master's,2023,Single,540,Yes
1379,Pakistan,South Korea,Higher Education,Permanent,45-54,Male,Primary,2003,Married,2590,Yes
1380,Sri Lanka,Italy,Political Instability,Permanent,18-24,Male,Secondary,2023,Single,803,No
1381,Sri Lanka,France,Employment,Work,25-34,Male,Vocational/Technical,2008,Married,3209,Yes
1382,India,United States,Employment,Work,55+,Male,Bachelor's,2017,Single,1373,Yes
1383,Pakistan,New Zealand,Refugee/Asylum,Permanent,35-44,Female,Bachelor's,2023,Single,265,Yes
1384,Sri Lanka,Qatar,Employment,Work,45-54,Male,Master's,2023,Single,1047,Yes
1385,Nepal,UAE,Employment,Work,35-44,Male,Secondary,2016,Single,3673,No
1386,Bangladesh,Kuwait,Employment,Work,35-44,Male,Master's,2003,Married,3514,Yes
1387,Bangladesh,UAE,Marriage/Spouse,Permanent,18-24,Male,Bachelor's,2005,Married,1165,Yes
1388,Pakistan,New Zealand,Permanent Residency,Permanent,35-44,Female,Secondary,2023,Married,1510,Yes
1389,Pakistan,Saudi Arabia,Employment,Work,35-44,Female,Bachelor's,2018,Divorced,410,No
1390,Pakistan,Italy,Business/Investment,Work,45-54,Male,Master's,2018,Married,1460,Yes
1391,Sri Lanka,Saudi Arabia,Marriage/Spouse,Permanent,35-44,Male,Master's,2016,Married,7915,Yes
1392,Bangladesh,South Korea,Permanent Residency,Permanent,35-44,Male,Master's,2016,Married,3138,Yes
1393,Pakistan,Australia,Better Quality of Life,Permanent,25-34,Female,Bachelor's,2019,Divorced,1596,Yes
1394,Bangladesh,United States,Better Quality of Life,Permanent,25-34,Female,Bachelor's,2025,Divorced,9057,Yes
1395,Nepal,New Zealand,Skilled Worker Visa,Work,25-34,Female,Primary,2022,Single,3911,Yes
1396,Nepal,Japan,Employment,Work,55+,Female,Secondary,2023,Married,554,Yes
1397,Sri Lanka,Norway,Permanent Residency,Permanent,25-34,Female,Secondary,2007,Divorced,985,Yes
1398,Bangladesh,South Korea,Higher Education,Permanent,25-34,Female,Bachelor's,2011,Divorced,4593,Yes
1399,Bangladesh,Germany,Skilled Worker Visa,Work,25-34,Female,Master's,2015,Single,2971,Yes
1400,Bangladesh,New Zealand,Permanent Residency,Permanent,35-44,Male,PhD,2025,Single,1079,Yes
1401,India,South Korea,Business/Investment,Work,45-54,Male,Secondary,2018,Married,1383,Yes
1402,Bangladesh,Saudi Arabia,Permanent Residency,Permanent,25-34,Female,Vocational/Technical,2016,Single,265,Yes
1403,Bangladesh,United States,Higher Education,Permanent,25-34,Male,Vocational/Technical,2014,Married,1030,No
1404,India,UAE,Marriage/Spouse,Permanent,18-24,Male,Bachelor's,2022,Single,281,Yes
1405,Pakistan,United Kingdom,Family Reunification,Permanent,55+,Male,Vocational/Technical,2009,Single,742,Yes
1406,Nepal,Oman,Employment,Work,25-34,Male,Vocational/Technical,2020,Married,7670,Yes
1407,Pakistan,United Kingdom,Refugee/Asylum,Permanent,18-24,Female,Master's,2021,Single,3348,Yes
1408,Bangladesh,UAE,Employment,Work,35-44,Male,Bachelor's,2018,Married,929,No
1409,Bangladesh,Germany,Better Quality of Life,Permanent,25-34,Male,Bachelor's,2021,Married,304,No
1410,Pakistan,Oman,Employment,Work,25-34,Male,Vocational/Technical,2016,Divorced,452,No
1411,Bangladesh,Australia,Employment,Work,18-24,Female,Vocational/Technical,2023,Single,1005,Yes
1412,India,New Zealand,Higher Education,Permanent,35-44,Male,Bachelor's,2021,Married,1388,Yes
1413,Nepal,Japan,Healthcare,Permanent,35-44,Male,Primary,2020,Married,1072,Yes
1414,Sri Lanka,UAE,Marriage/Spouse,Permanent,35-44,Male,Bachelor's,2022,Divorced,931,Yes
1415,Pakistan,United Kingdom,Skilled Worker Visa,Work,35-44,Male,Vocational/Technical,2024,Married,2026,No
1416,Bangladesh,Oman,Higher Education,Permanent,35-44,Female,Master's,2022,Single,1252,No
1417,Sri Lanka,Norway,Higher Education,Permanent,18-24,Female,Bachelor's,2022,Single,8253,Yes
1418,India,Japan,Employment,Work,18-24,Female,Master's,2024,Single,300,No
1419,Nepal,Kuwait,Family Reunification,Permanent,25-34,Male,Bachelor's,2021,Divorced,411,No
1420,Sri Lanka,Australia,Employment,Work,45-54,Male,Bachelor's,2024,Divorced,336,Yes
1421,Nepal,France,Employment,Work,45-54,Male,Primary,2022,Divorced,290,No
1422,Pakistan,United States,Refugee/Asylum,Permanent,25-34,Male,Bachelor's,2020,Married,1618,Yes
1423,Nepal,Norway,Employment,Work,25-34,Male,Bachelor's,2019,Single,3954,Yes
1424,India,Qatar,Skilled Worker Visa,Work,18-24,Male,Secondary,2018,Divorced,340,No
1425,Sri Lanka,UAE,Marriage/Spouse,Permanent,25-34,Male,Secondary,2000,Divorced,631,Yes
1426,Sri Lanka,Norway,Permanent Residency,Permanent,25-34,Female,Bachelor's,2004,Married,7753,Yes
1427,India,Japan,Permanent Residency,Permanent,55+,Male,Secondary,2020,Divorced,1734,Yes
1428,Bangladesh,Italy,Higher Education,Permanent,18-24,Male,Bachelor's,2006,Divorced,2117,No
1429,Bangladesh,New Zealand,Healthcare,Permanent,55+,Female,Bachelor's,2017,Single,521,Yes
1430,Pakistan,Qatar,Employment,Work,25-34,Male,Bachelor's,2019,Married,765,No
1431,India,Saudi Arabia,Higher Education,Permanent,18-24,Female,Secondary,2022,Divorced,1199,No
1432,India,Norway,Higher Education,Permanent,35-44,Female,Primary,2019,Single,1027,Yes
1433,India,France,Employment,Work,35-44,Male,Bachelor's,2006,Single,1748,No
1434,India,Norway,Higher Education,Permanent,25-34,Male,Bachelor's,2016,Married,1386,Yes
1435,Sri Lanka,Italy,Skilled Worker Visa,Work,18-24,Female,Master's,2020,Single,2643,Yes
1436,Nepal,United States,Family Reunification,Permanent,25-34,Female,Secondary,2021,Married,390,Yes
1437,Bangladesh,UAE,Business/Investment,Work,18-24,Male,Bachelor's,2011,Single,3931,Yes
1438,Sri Lanka,Kuwait,Employment,Work,25-34,Male,Vocational/Technical,2014,Divorced,1474,Yes
1439,Bangladesh,United Kingdom,Higher Education,Permanent,55+,Male,Secondary,2021,Divorced,289,Yes
1440,Nepal,Saudi Arabia,Employment,Work,25-34,Male,PhD,2019,Single,1820,Yes
1441,Nepal,France,Healthcare,Permanent,18-24,Female,Bachelor's,2021,Married,504,Yes
1442,Bangladesh,New Zealand,Family Reunification,Permanent,35-44,Female,Vocational/Technical,2016,Single,569,No
1443,Sri Lanka,South Korea,Family Reunification,Permanent,25-34,Male,PhD,2015,Divorced,1468,Yes
1444,Pakistan,Japan,Better Quality of Life,Permanent,35-44,Female,Bachelor's,2022,Divorced,1578,Yes
1445,Bangladesh,Australia,Higher Education,Permanent,45-54,Female,Master's,2024,Single,295,Yes
1446,Sri Lanka,New Zealand,Employment,Work,25-34,Male,Master's,2021,Single,2661,Yes
1447,Sri Lanka,France,Family Reunification,Permanent,35-44,Female,PhD,2002,Divorced,4598,Yes
1448,Nepal,France,Marriage/Spouse,Permanent,18-24,Male,Primary,2023,Single,1799,Yes
1449,Bangladesh,Germany,Employment,Work,35-44,Male,Bachelor's,2006,Divorced,381,Yes
1450,Bangladesh,Qatar,Employment,Work,18-24,Male,Bachelor's,2019,Divorced,7212,Yes
1451,India,Canada,Skilled Worker Visa,Work,18-24,Female,Master's,2016,Married,300,Yes
1452,Nepal,Australia,Family Reunification,Permanent,25-34,Female,Vocational/Technical,2016,Single,1299,Yes
1453,India,Norway,Better Quality of Life,Permanent,25-34,Male,Bachelor's,2017,Married,832,No
1454,Bangladesh,UAE,Higher Education,Permanent,45-54,Male,Bachelor's,2019,Single,3572,Yes
1455,Nepal,South Korea,Permanent Residency,Permanent,45-54,Male,Primary,2015,Single,533,Yes
1456,Bangladesh,Japan,Employment,Work,35-44,Male,Secondary,2009,Single,3184,Yes
1457,Pakistan,Japan,Employment,Work,18-24,Female,Primary,2013,Married,1083,No
1458,Sri Lanka,Germany,Better Quality of Life,Permanent,18-24,Male,Master's,2011,Married,725,Yes
1459,Pakistan,Australia,Higher Education,Permanent,35-44,Female,Vocational/Technical,2003,Single,949,No
1460,India,New Zealand,Family Reunification,Permanent,18-24,Female,Vocational/Technical,2012,Divorced,3121,Yes
1461,Pakistan,Oman,Business/Investment,Work,35-44,Male,Vocational/Technical,2023,Single,1652,Yes
1462,Sri Lanka,Kuwait,Family Reunification,Permanent,45-54,Male,Bachelor's,2020,Divorced,2339,Yes
1463,Bangladesh,Germany,Political Instability,Permanent,18-24,Male,Primary,2012,Single,1293,Yes
1464,Nepal,New Zealand,Skilled Worker Visa,Work,35-44,Male,Vocational/Technical,2002,Divorced,866,No
1465,Sri Lanka,Norway,Marriage/Spouse,Permanent,45-54,Female,Master's,2023,Divorced,4384,No
1466,Nepal,New Zealand,Family Reunification,Permanent,55+,Female,Bachelor's,2019,Married,301,Yes
1467,India,Qatar,Skilled Worker Visa,Work,18-24,Male,Vocational/Technical,2022,Married,1507,No
1468,Nepal,Qatar,Skilled Worker Visa,Work,35-44,Female,Vocational/Technical,2020,Divorced,539,Yes
1469,India,Germany,Higher Education,Permanent,55+,Female,Master's,2018,Single,307,No
1470,India,New Zealand,Skilled Worker Visa,Work,25-34,Male,Master's,2023,Single,1396,Yes
1471,India,Malaysia,Higher Education,Permanent,25-34,Female,Bachelor's,2015,Married,792,Yes
1472,Pakistan,New Zealand,Permanent Residency,Permanent,25-34,Female,Bachelor's,2021,Single,8594,Yes
1473,India,Oman,Family Reunification,Permanent,25-34,Female,Bachelor's,2024,Divorced,3676,Yes
1474,Sri Lanka,Canada,Higher Education,Permanent,35-44,Male,Bachelor's,2015,Single,790,Yes
1475,India,Norway,Family Reunification,Permanent,18-24,Male,Secondary,2021,Divorced,856,Yes
1476,India,Qatar,Family Reunification,Permanent,45-54,Male,Bachelor's,2019,Single,330,Yes
1477,India,Japan,Family Reunification,Permanent,55+,Female,Bachelor's,2019,Divorced,1185,Yes
1478,Bangladesh,United States,Family Reunification,Permanent,25-34,Female,Vocational/Technical,2011,Divorced,9247,Yes
1479,Nepal,Malaysia,Family Reunification,Permanent,25-34,Male,Bachelor's,2024,Married,549,No
1480,India,Qatar,Political Instability,Permanent,45-54,Male,Master's,2021,Married,382,Yes
1481,Nepal,Canada,Skilled Worker Visa,Work,25-34,Female,Secondary,2014,Married,1855,No
1482,Pakistan,Malaysia,Higher Education,Permanent,35-44,Female,Vocational/Technical,2018,Single,318,Yes
1483,Nepal,Canada,Economic Hardship,Permanent,25-34,Male,Secondary,2013,Divorced,374,Yes
1484,Sri Lanka,Italy,Employment,Work,45-54,Female,Bachelor's,2011,Divorced,234,Yes
1485,Nepal,South Korea,Marriage/Spouse,Permanent,25-34,Female,Bachelor's,2021,Married,2763,No
1486,Sri Lanka,Canada,Employment,Work,45-54,Male,Master's,2010,Married,207,Yes
1487,Bangladesh,Australia,Skilled Worker Visa,Work,25-34,Female,Master's,2025,Divorced,3807,No
1488,Bangladesh,UAE,Employment,Work,35-44,Male,Primary,2005,Single,3795,Yes
1489,India,South Korea,Economic Hardship,Permanent,25-34,Female,Bachelor's,2019,Married,6959,No
1490,Bangladesh,Norway,Political Instability,Permanent,35-44,Female,Primary,2016,Single,859,No
1491,Sri Lanka,Germany,Employment,Work,25-34,Female,Bachelor's,2022,Divorced,4178,Yes
1492,Pakistan,France,Employment,Work,45-54,Female,Bachelor's,2011,Divorced,1127,Yes
1493,Bangladesh,Qatar,Family Reunification,Permanent,55+,Male,Primary,2020,Single,1231,No
1494,Sri Lanka,Malaysia,Skilled Worker Visa,Work,35-44,Male,Secondary,2021,Divorced,566,Yes
1495,India,UAE,Family Reunification,Permanent,18-24,Male,Bachelor's,2015,Divorced,1755,Yes
1496,Sri Lanka,Japan,Family Reunification,Permanent,45-54,Female,Master's,2014,Married,401,Yes
1497,Sri Lanka,UAE,Family Reunification,Permanent,55+,Male,Bachelor's,2023,Divorced,2632,Yes
1498,India,Australia,Permanent Residency,Permanent,18-24,Female,Secondary,2023,Single,860,Yes
1499,Sri Lanka,Kuwait,Employment,Work,35-44,Male,Master's,2002,Divorced,1291,Yes
1500,Pakistan,Kuwait,Healthcare,Permanent,45-54,Male,Bachelor's,2011,Married,2742,No
1501,Bangladesh,Malaysia,Marriage/Spouse,Permanent,25-34,Male,Secondary,2006,Divorced,1118,Yes
1502,Pakistan,Oman,Marriage/Spouse,Permanent,25-34,Male,Secondary,2011,Single,1013,No
1503,India,South Korea,Employment,Work,45-54,Female,Primary,2013,Married,11126,Yes
1504,Bangladesh,United States,Permanent Residency,Permanent,25-34,Female,Master's,2016,Married,1082,No
1505,Nepal,Oman,Higher Education,Permanent,55+,Male,Secondary,2023,Single,930,Yes
1506,Bangladesh,Saudi Arabia,Employment,Work,25-34,Male,Vocational/Technical,2011,Single,855,No
1507,Pakistan,UAE,Employment,Work,35-44,Male,Vocational/Technical,2014,Married,424,Yes
1508,Pakistan,United States,Skilled Worker Visa,Work,25-34,Female,Secondary,2024,Single,1381,No
1509,India,Malaysia,Marriage/Spouse,Permanent,25-34,Female,Master's,2013,Divorced,571,Yes
1510,Pakistan,New Zealand,Healthcare,Permanent,25-34,Female,Bachelor's,2018,Divorced,1445,Yes
1511,Sri Lanka,Canada,Refugee/Asylum,Permanent,25-34,Male,Bachelor's,2010,Divorced,5640,Yes
1512,Pakistan,France,Marriage/Spouse,Permanent,45-54,Male,Bachelor's,2004,Single,620,Yes
1513,Pakistan,France,Employment,Work,35-44,Male,PhD,2019,Single,9733,No
1514,Pakistan,Canada,Business/Investment,Work,35-44,Male,Secondary,2016,Divorced,2318,Yes
1515,Nepal,UAE,Better Quality of Life,Permanent,45-54,Male,Master's,2014,Married,8199,No
1516,Sri Lanka,Saudi Arabia,Economic Hardship,Permanent,45-54,Male,Bachelor's,2011,Single,664,Yes
1517,Nepal,Germany,Business/Investment,Work,45-54,Male,Master's,2006,Divorced,455,No
1518,Sri Lanka,Australia,Political Instability,Permanent,35-44,Female,Bachelor's,2005,Married,2551,Yes
1519,India,Japan,Employment,Work,25-34,Male,Master's,2015,Single,457,Yes
1520,India,Oman,Business/Investment,Work,18-24,Male,Bachelor's,2008,Married,877,No
1521,Nepal,Kuwait,Skilled Worker Visa,Work,25-34,Male,Secondary,2024,Single,1288,Yes
1522,Nepal,Oman,Higher Education,Permanent,25-34,Male,PhD,2022,Single,1147,Yes
1523,Bangladesh,Japan,Skilled Worker Visa,Work,35-44,Female,Primary,2018,Married,1185,Yes
1524,India,Saudi Arabia,Employment,Work,55+,Male,PhD,2011,Married,224,Yes
1525,Pakistan,Australia,Employment,Work,45-54,Female,Master's,2007,Single,2540,Yes
1526,Sri Lanka,Australia,Higher Education,Permanent,25-34,Male,Bachelor's,2012,Single,8998,Yes
1527,Sri Lanka,Malaysia,Skilled Worker Visa,Work,25-34,Male,Master's,2010,Single,1005,Yes
1528,Nepal,United Kingdom,Employment,Work,55+,Female,Bachelor's,2019,Divorced,300,Yes
1529,Pakistan,United Kingdom,Marriage/Spouse,Permanent,55+,Male,Secondary,2013,Married,259,Yes
1530,Sri Lanka,UAE,Employment,Work,35-44,Female,Primary,2025,Married,11766,Yes
1531,Bangladesh,Malaysia,Higher Education,Permanent,25-34,Male,Bachelor's,2019,Divorced,1013,Yes
1532,Bangladesh,South Korea,Employment,Work,25-34,Female,Vocational/Technical,2008,Single,2627,Yes
1533,India,Canada,Higher Education,Permanent,55+,Female,Bachelor's,2007,Single,10696,Yes
1534,Pakistan,Germany,Skilled Worker Visa,Work,25-34,Female,PhD,2024,Divorced,11286,Yes
1535,Bangladesh,Japan,Employment,Work,18-24,Male,Secondary,2017,Divorced,1111,Yes
1536,Bangladesh,Japan,Employment,Work,55+,Female,Bachelor's,2003,Married,365,No
1537,Bangladesh,Canada,Family Reunification,Permanent,55+,Male,Vocational/Technical,2009,Single,684,Yes
1538,Sri Lanka,Kuwait,Employment,Work,35-44,Female,Bachelor's,2014,Divorced,648,Yes
1539,Bangladesh,Saudi Arabia,Family Reunification,Permanent,35-44,Male,Vocational/Technical,2003,Divorced,3997,Yes
1540,India,United Kingdom,Permanent Residency,Permanent,45-54,Female,Bachelor's,2014,Married,436,No
1541,India,United Kingdom,Skilled Worker Visa,Work,35-44,Male,Vocational/Technical,2000,Single,1334,Yes
1542,Sri Lanka,France,Skilled Worker Visa,Work,35-44,Male,Vocational/Technical,2011,Divorced,6677,Yes
1543,Pakistan,United Kingdom,Permanent Residency,Permanent,25-34,Female,Secondary,2022,Single,801,Yes
1544,Sri Lanka,Australia,Higher Education,Permanent,25-34,Female,PhD,2025,Married,466,Yes
1545,India,Italy,Refugee/Asylum,Permanent,25-34,Male,Secondary,2006,Married,503,Yes
1546,Pakistan,Japan,Permanent Residency,Permanent,25-34,Female,Secondary,2025,Divorced,3003,No
1547,Pakistan,Norway,Higher Education,Permanent,35-44,Female,Secondary,2017,Divorced,555,No
1548,India,Germany,Skilled Worker Visa,Work,25-34,Male,Master's,2014,Married,496,No
1549,Nepal,Germany,Business/Investment,Work,45-54,Female,PhD,2016,Single,1964,Yes
1550,India,Qatar,Skilled Worker Visa,Work,25-34,Male,Master's,2005,Married,796,Yes
1551,Sri Lanka,Italy,Employment,Work,25-34,Male,Master's,2024,Divorced,1133,No
1552,India,Saudi Arabia,Business/Investment,Work,55+,Male,Secondary,2024,Divorced,3496,Yes
1553,Pakistan,South Korea,Employment,Work,35-44,Male,PhD,2020,Single,2337,Yes
1554,Pakistan,South Korea,Business/Investment,Work,55+,Male,Bachelor's,2018,Divorced,2770,No
1555,India,Saudi Arabia,Employment,Work,25-34,Male,Secondary,2010,Divorced,9901,Yes
1556,India,Japan,Business/Investment,Work,55+,Male,Master's,2019,Single,388,Yes
1557,Nepal,Italy,Better Quality of Life,Permanent,25-34,Male,Secondary,2016,Divorced,877,Yes
1558,Nepal,United Kingdom,Marriage/Spouse,Permanent,35-44,Male,Vocational/Technical,2021,Divorced,615,Yes
1559,Sri Lanka,Oman,Marriage/Spouse,Permanent,25-34,Male,PhD,2008,Married,273,Yes
1560,Sri Lanka,Qatar,Employment,Work,18-24,Male,Bachelor's,2019,Married,1498,No
1561,Nepal,South Korea,Employment,Work,25-34,Female,Vocational/Technical,2024,Single,5329,Yes
1562,Nepal,Norway,Permanent Residency,Permanent,45-54,Female,Vocational/Technical,2020,Single,862,Yes
1563,Nepal,Italy,Permanent Residency,Permanent,55+,Male,Secondary,2012,Divorced,3639,Yes
1564,Pakistan,South Korea,Economic Hardship,Permanent,55+,Male,Secondary,2010,Married,870,Yes
1565,Nepal,UAE,Skilled Worker Visa,Work,18-24,Female,Secondary,2014,Married,792,Yes
1566,Pakistan,Qatar,Employment,Work,25-34,Male,Secondary,2008,Divorced,8167,Yes
1567,India,Qatar,Business/Investment,Work,35-44,Male,Master's,2021,Married,1149,Yes
1568,Nepal,Qatar,Healthcare,Permanent,25-34,Male,Secondary,2019,Married,863,Yes
1569,Sri Lanka,Canada,Family Reunification,Permanent,55+,Female,PhD,2022,Divorced,207,Yes
1570,Sri Lanka,Australia,Family Reunification,Permanent,35-44,Male,Bachelor's,2024,Divorced,325,Yes
1571,Pakistan,South Korea,Higher Education,Permanent,18-24,Male,Bachelor's,2017,Divorced,289,Yes
1572,Pakistan,Germany,Employment,Work,45-54,Male,Master's,2021,Married,379,Yes
1573,Pakistan,South Korea,Skilled Worker Visa,Work,25-34,Male,Bachelor's,2019,Married,681,Yes
1574,Nepal,France,Better Quality of Life,Permanent,35-44,Female,Bachelor's,2019,Single,1106,Yes
1575,Bangladesh,Qatar,Economic Hardship,Permanent,35-44,Male,Vocational/Technical,2010,Single,499,Yes
1576,India,Italy,Employment,Work,18-24,Female,Master's,2018,Married,843,Yes
1577,Pakistan,Germany,Marriage/Spouse,Permanent,25-34,Male,Bachelor's,2020,Single,915,Yes
1578,Bangladesh,UAE,Employment,Work,18-24,Male,Master's,2004,Divorced,253,Yes
1579,Nepal,New Zealand,Family Reunification,Permanent,45-54,Male,Secondary,2016,Divorced,561,Yes
1580,Pakistan,Saudi Arabia,Employment,Work,45-54,Female,Primary,2005,Married,2451,Yes
1581,Pakistan,Saudi Arabia,Business/Investment,Work,55+,Male,Primary,2025,Single,3656,No
1582,Pakistan,Australia,Family Reunification,Permanent,25-34,Female,Vocational/Technical,2021,Married,286,No
1583,Nepal,United Kingdom,Skilled Worker Visa,Work,45-54,Male,Secondary,2021,Divorced,1452,Yes
1584,Sri Lanka,New Zealand,Higher Education,Permanent,25-34,Male,Bachelor's,2013,Divorced,523,Yes
1585,Pakistan,UAE,Family Reunification,Permanent,55+,Male,Vocational/Technical,2021,Divorced,485,Yes
1586,India,New Zealand,Family Reunification,Permanent,55+,Female,Bachelor's,2021,Divorced,2511,Yes
1587,Bangladesh,Qatar,Employment,Work,25-34,Male,Secondary,2015,Single,3494,No
1588,Sri Lanka,Saudi Arabia,Economic Hardship,Permanent,18-24,Male,Master's,2019,Married,8771,Yes
1589,Sri Lanka,Australia,Family Reunification,Permanent,55+,Female,Bachelor's,2025,Single,248,Yes
1590,India,Germany,Employment,Work,45-54,Male,Bachelor's,2016,Married,2847,Yes
1591,Pakistan,Germany,Marriage/Spouse,Permanent,45-54,Male,PhD,2011,Single,2563,No
1592,Nepal,Germany,Permanent Residency,Permanent,18-24,Male,Bachelor's,2003,Married,3291,Yes
1593,Nepal,Japan,Permanent Residency,Permanent,45-54,Male,Bachelor's,2012,Divorced,684,No
1594,India,Saudi Arabia,Skilled Worker Visa,Work,18-24,Female,Bachelor's,2015,Single,377,Yes
1595,Bangladesh,Qatar,Employment,Work,35-44,Male,Bachelor's,2012,Married,585,Yes
1596,Pakistan,Japan,Higher Education,Permanent,25-34,Female,Bachelor's,2022,Single,238,Yes
1597,Sri Lanka,France,Permanent Residency,Permanent,25-34,Male,Vocational/Technical,2017,Single,451,Yes
1598,Nepal,United States,Family Reunification,Permanent,25-34,Male,PhD,2017,Divorced,5672,Yes
1599,Pakistan,Kuwait,Skilled Worker Visa,Work,45-54,Male,Bachelor's,2003,Married,4691,Yes
1600,Pakistan,Qatar,Refugee/Asylum,Permanent,25-34,Female,Master's,2013,Single,1493,Yes
1601,Pakistan,Italy,Better Quality of Life,Permanent,25-34,Male,Vocational/Technical,2018,Single,941,No
1602,Nepal,Norway,Family Reunification,Permanent,35-44,Male,Bachelor's,2025,Divorced,371,Yes
1603,Bangladesh,Italy,Higher Education,Permanent,25-34,Male,Vocational/Technical,2022,Divorced,702,No
1604,Sri Lanka,France,Employment,Work,25-34,Male,Primary,2020,Married,1127,Yes
1605,Sri Lanka,Japan,Better Quality of Life,Permanent,18-24,Female,Master's,2014,Single,1469,Yes
1606,Bangladesh,Kuwait,Better Quality of Life,Permanent,25-34,Male,Vocational/Technical,2018,Married,1122,Yes
1607,India,United States,Permanent Residency,Permanent,25-34,Female,Master's,2016,Married,400,Yes
1608,India,Germany,Family Reunification,Permanent,25-34,Male,Vocational/Technical,2003,Divorced,4235,Yes
1609,India,Saudi Arabia,Employment,Work,35-44,Male,Secondary,2016,Married,1097,Yes
1610,Sri Lanka,France,Employment,Work,25-34,Male,Bachelor's,2020,Married,2518,Yes
1611,Pakistan,South Korea,Higher Education,Permanent,55+,Male,Bachelor's,2021,Single,536,Yes
1612,India,New Zealand,Skilled Worker Visa,Work,35-44,Female,Bachelor's,2021,Divorced,3421,Yes
1613,India,Saudi Arabia,Better Quality of Life,Permanent,55+,Male,Secondary,2025,Single,1190,Yes
1614,Sri Lanka,UAE,Employment,Work,25-34,Male,Bachelor's,2024,Single,4719,Yes
1615,Bangladesh,Italy,Employment,Work,18-24,Male,Bachelor's,2024,Single,1217,No
1616,Sri Lanka,Saudi Arabia,Skilled Worker Visa,Work,45-54,Male,Vocational/Technical,2023,Divorced,300,Yes
1617,Nepal,France,Family Reunification,Permanent,35-44,Female,Secondary,2011,Divorced,3672,Yes
1618,Nepal,United Kingdom,Permanent Residency,Permanent,18-24,Male,Primary,2022,Divorced,220,Yes
1619,India,United States,Skilled Worker Visa,Work,25-34,Female,PhD,2011,Married,494,Yes
1620,Pakistan,UAE,Family Reunification,Permanent,25-34,Male,Master's,2016,Single,249,Yes
1621,India,Malaysia,Employment,Work,25-34,Male,Master's,2012,Single,314,Yes
1622,India,Qatar,Skilled Worker Visa,Work,35-44,Male,Primary,2011,Single,2778,Yes
1623,Bangladesh,Italy,Economic Hardship,Permanent,45-54,Female,Vocational/Technical,2017,Married,1049,Yes
1624,India,Qatar,Marriage/Spouse,Permanent,35-44,Male,Secondary,2024,Divorced,11778,Yes
1625,Nepal,Germany,Family Reunification,Permanent,25-34,Female,Secondary,2016,Single,2926,No
1626,Sri Lanka,Germany,Better Quality of Life,Permanent,35-44,Female,Bachelor's,2012,Single,1298,No
1627,Nepal,Australia,Higher Education,Permanent,25-34,Male,Bachelor's,2022,Married,547,Yes
1628,India,Germany,Employment,Work,55+,Female,Vocational/Technical,2011,Divorced,1067,Yes
1629,Sri Lanka,New Zealand,Better Quality of Life,Permanent,55+,Male,Secondary,2024,Married,2034,Yes
1630,Pakistan,France,Employment,Work,18-24,Male,Secondary,2005,Married,771,Yes
1631,Nepal,Australia,Better Quality of Life,Permanent,25-34,Male,Primary,2015,Single,406,Yes
1632,Bangladesh,United Kingdom,Family Reunification,Permanent,45-54,Male,Master's,2011,Married,3790,Yes
1633,India,Oman,Refugee/Asylum,Permanent,25-34,Male,Vocational/Technical,2014,Single,2063,Yes
1634,Pakistan,Malaysia,Higher Education,Permanent,55+,Male,Bachelor's,2023,Single,1951,Yes
1635,India,Kuwait,Employment,Work,25-34,Male,Bachelor's,2019,Divorced,5124,No
1636,India,Oman,Skilled Worker Visa,Work,45-54,Female,Master's,2011,Married,927,Yes
1637,Bangladesh,Qatar,Higher Education,Permanent,35-44,Male,Bachelor's,2024,Married,742,Yes
1638,India,Canada,Skilled Worker Visa,Work,25-34,Female,Secondary,2021,Married,324,Yes
1639,India,Japan,Marriage/Spouse,Permanent,55+,Female,Secondary,2012,Single,412,No
1640,Sri Lanka,United Kingdom,Family Reunification,Permanent,25-34,Female,Secondary,2014,Married,1281,Yes
1641,Sri Lanka,Germany,Better Quality of Life,Permanent,35-44,Male,Vocational/Technical,2025,Divorced,1375,Yes
1642,Nepal,France,Marriage/Spouse,Permanent,18-24,Female,PhD,2014,Divorced,299,Yes
1643,Nepal,Canada,Permanent Residency,Permanent,35-44,Female,Bachelor's,2006,Divorced,418,Yes
1644,Pakistan,Oman,Employment,Work,18-24,Male,Secondary,2021,Married,3377,Yes
1645,Nepal,Qatar,Economic Hardship,Permanent,45-54,Male,Bachelor's,2023,Married,1073,No
1646,Nepal,Oman,Employment,Work,55+,Male,Bachelor's,2023,Single,315,Yes
1647,Pakistan,Italy,Employment,Work,18-24,Female,Secondary,2006,Single,2310,No
1648,Bangladesh,Oman,Higher Education,Permanent,45-54,Male,Bachelor's,2024,Divorced,225,Yes
1649,Bangladesh,Japan,Healthcare,Permanent,45-54,Male,Secondary,2012,Divorced,2557,Yes
1650,Sri Lanka,Canada,Healthcare,Permanent,35-44,Male,Master's,2000,Single,740,Yes
1651,Pakistan,Canada,Employment,Work,35-44,Female,Secondary,2012,Married,1079,Yes
1652,India,Canada,Family Reunification,Permanent,18-24,Male,Secondary,2013,Single,3747,No
1653,India,France,Economic Hardship,Permanent,35-44,Male,Vocational/Technical,2018,Married,1410,No
1654,Nepal,Malaysia,Family Reunification,Permanent,55+,Male,Bachelor's,2005,Married,560,Yes
1655,Bangladesh,South Korea,Marriage/Spouse,Permanent,25-34,Male,Bachelor's,2022,Single,470,No
1656,Sri Lanka,Canada,Employment,Work,45-54,Male,Secondary,2017,Divorced,1824,Yes
1657,Bangladesh,Norway,Employment,Work,25-34,Female,Master's,2008,Divorced,815,Yes
1658,India,United Kingdom,Permanent Residency,Permanent,18-24,Male,Secondary,2020,Single,3067,Yes
1659,Bangladesh,Italy,Employment,Work,55+,Female,Vocational/Technical,2016,Divorced,560,Yes
1660,Nepal,New Zealand,Marriage/Spouse,Permanent,35-44,Female,Master's,2005,Married,3188,No
1661,Sri Lanka,Malaysia,Family Reunification,Permanent,35-44,Female,Vocational/Technical,2024,Married,251,No
1662,Bangladesh,Saudi Arabia,Marriage/Spouse,Permanent,25-34,Male,Bachelor's,2018,Divorced,3807,Yes
1663,Pakistan,Germany,Employment,Work,35-44,Female,PhD,2018,Divorced,3951,Yes
1664,India,Malaysia,Employment,Work,35-44,Male,Vocational/Technical,2016,Single,1071,No
1665,Sri Lanka,United Kingdom,Employment,Work,35-44,Female,Master's,2012,Divorced,843,Yes
1666,Sri Lanka,New Zealand,Employment,Work,35-44,Male,Bachelor's,2025,Married,7155,Yes
1667,Pakistan,United States,Permanent Residency,Permanent,25-34,Female,Master's,2019,Divorced,1574,Yes
1668,Pakistan,South Korea,Higher Education,Permanent,18-24,Male,Secondary,2019,Married,5316,Yes
1669,India,Australia,Employment,Work,18-24,Female,Bachelor's,2018,Married,1942,Yes
1670,Nepal,Oman,Employment,Work,35-44,Male,PhD,2011,Married,232,No
1671,Pakistan,France,Marriage/Spouse,Permanent,25-34,Female,Primary,2001,Divorced,878,Yes
1672,Bangladesh,Italy,Refugee/Asylum,Permanent,25-34,Female,Bachelor's,2024,Single,2515,Yes
1673,Bangladesh,Norway,Family Reunification,Permanent,18-24,Male,Secondary,2023,Married,692,No
1674,India,UAE,Employment,Work,18-24,Male,Bachelor's,2011,Divorced,500,Yes
1675,Pakistan,Malaysia,Higher Education,Permanent,25-34,Female,Bachelor's,2018,Divorced,1827,No
1676,Pakistan,New Zealand,Healthcare,Permanent,25-34,Female,Secondary,2023,Single,586,Yes
1677,Pakistan,Italy,Permanent Residency,Permanent,25-34,Male,Master's,2017,Married,647,No
1678,India,Australia,Employment,Work,25-34,Male,Bachelor's,2017,Single,1616,Yes
1679,Nepal,Norway,Economic Hardship,Permanent,18-24,Male,Master's,2021,Married,1213,Yes
1680,Nepal,Kuwait,Employment,Work,25-34,Male,Primary,2001,Married,550,Yes
1681,Nepal,Germany,Permanent Residency,Permanent,25-34,Male,Master's,2009,Divorced,3429,No
1682,Bangladesh,United States,Refugee/Asylum,Permanent,35-44,Male,Secondary,2015,Single,5329,Yes
1683,Sri Lanka,Kuwait,Employment,Work,25-34,Male,Bachelor's,2003,Married,565,Yes
1684,Pakistan,United States,Employment,Work,35-44,Male,Bachelor's,2022,Married,236,No
1685,Sri Lanka,New Zealand,Refugee/Asylum,Permanent,25-34,Male,Bachelor's,2012,Married,2974,Yes
1686,Pakistan,Saudi Arabia,Employment,Work,18-24,Male,Master's,2003,Single,3991,Yes
1687,India,United Kingdom,Healthcare,Permanent,25-34,Female,Master's,2016,Divorced,744,Yes
1688,India,Qatar,Higher Education,Permanent,25-34,Male,Vocational/Technical,2011,Married,2380,Yes
1689,India,United Kingdom,Marriage/Spouse,Permanent,55+,Male,Bachelor's,2015,Divorced,399,Yes
1690,Bangladesh,France,Marriage/Spouse,Permanent,25-34,Female,Vocational/Technical,2016,Married,7856,No
1691,India,Qatar,Refugee/Asylum,Permanent,25-34,Male,Bachelor's,2024,Married,9600,Yes
1692,Bangladesh,Saudi Arabia,Marriage/Spouse,Permanent,25-34,Male,Bachelor's,2016,Married,530,Yes
1693,Nepal,Germany,Family Reunification,Permanent,35-44,Male,Vocational/Technical,2017,Single,532,No
1694,India,South Korea,Marriage/Spouse,Permanent,25-34,Male,Primary,2010,Single,383,Yes
1695,Nepal,Kuwait,Employment,Work,35-44,Female,Bachelor's,2018,Single,597,Yes
1696,Pakistan,Saudi Arabia,Family Reunification,Permanent,45-54,Male,Master's,2020,Divorced,528,Yes
1697,Nepal,New Zealand,Employment,Work,55+,Male,Secondary,2005,Single,951,No
1698,Sri Lanka,Germany,Permanent Residency,Permanent,25-34,Male,Bachelor's,2022,Divorced,602,Yes
1699,Bangladesh,United States,Skilled Worker Visa,Work,25-34,Male,Master's,2020,Married,277,Yes
1700,Nepal,Kuwait,Family Reunification,Permanent,25-34,Male,Bachelor's,2014,Divorced,871,Yes
1701,Sri Lanka,New Zealand,Permanent Residency,Permanent,35-44,Male,Bachelor's,2022,Married,451,Yes
1702,Pakistan,United States,Higher Education,Permanent,25-34,Female,Vocational/Technical,2012,Married,618,Yes
1703,Pakistan,South Korea,Refugee/Asylum,Permanent,35-44,Female,Master's,2017,Divorced,593,No
1704,India,Germany,Permanent Residency,Permanent,18-24,Male,Primary,2007,Single,384,Yes
1705,Pakistan,United States,Marriage/Spouse,Permanent,35-44,Male,Vocational/Technical,2016,Divorced,1233,Yes
1706,India,Germany,Family Reunification,Permanent,55+,Female,Master's,2023,Divorced,257,No
1707,Bangladesh,UAE,Skilled Worker Visa,Work,25-34,Female,Bachelor's,2023,Divorced,431,No
1708,Nepal,UAE,Marriage/Spouse,Permanent,25-34,Male,Bachelor's,2014,Single,1114,Yes
1709,India,Australia,Family Reunification,Permanent,18-24,Female,Secondary,2023,Married,1186,Yes
1710,Nepal,United Kingdom,Skilled Worker Visa,Work,25-34,Male,Primary,2015,Married,2480,Yes
1711,Pakistan,Canada,Political Instability,Permanent,45-54,Female,Secondary,2008,Divorced,429,No
1712,Sri Lanka,Australia,Skilled Worker Visa,Work,35-44,Female,Bachelor's,2025,Divorced,2421,Yes
1713,Pakistan,Kuwait,Permanent Residency,Permanent,25-34,Male,Bachelor's,2018,Single,1078,No
1714,Pakistan,Germany,Permanent Residency,Permanent,45-54,Male,Vocational/Technical,2007,Single,810,Yes
1715,India,Oman,Employment,Work,35-44,Male,PhD,2008,Single,11421,Yes
1716,India,New Zealand,Employment,Work,25-34,Female,Primary,2005,Divorced,3108,Yes
1717,Bangladesh,UAE,Employment,Work,25-34,Male,Bachelor's,2017,Single,379,Yes
1718,Sri Lanka,United Kingdom,Higher Education,Permanent,18-24,Male,Bachelor's,2019,Single,1725,Yes
1719,Bangladesh,Norway,Family Reunification,Permanent,25-34,Male,Bachelor's,2025,Married,241,Yes
1720,Pakistan,Japan,Employment,Work,35-44,Female,Bachelor's,2022,Divorced,799,Yes
1721,Bangladesh,Australia,Skilled Worker Visa,Work,18-24,Male,Secondary,2006,Married,2612,Yes
1722,Nepal,United States,Political Instability,Permanent,18-24,Male,Master's,2021,Divorced,1438,Yes
1723,Nepal,Germany,Business/Investment,Work,25-34,Female,Bachelor's,2017,Divorced,1105,Yes
1724,India,UAE,Employment,Work,25-34,Male,Secondary,2016,Divorced,271,No
1725,Pakistan,Italy,Marriage/Spouse,Permanent,25-34,Male,Bachelor's,2016,Married,3897,Yes
1726,Sri Lanka,New Zealand,Higher Education,Permanent,35-44,Female,PhD,2024,Married,2816,Yes
1727,India,United Kingdom,Family Reunification,Permanent,55+,Male,Master's,2021,Married,529,Yes
1728,India,Malaysia,Marriage/Spouse,Permanent,35-44,Male,Secondary,2014,Married,2479,No
1729,Bangladesh,United Kingdom,Skilled Worker Visa,Work,18-24,Male,Bachelor's,2007,Divorced,496,No
1730,Sri Lanka,Oman,Employment,Work,25-34,Male,Primary,2017,Single,6576,Yes
1731,Sri Lanka,Japan,Permanent Residency,Permanent,25-34,Female,Master's,2019,Divorced,590,No
1732,Bangladesh,Germany,Refugee/Asylum,Permanent,25-34,Female,Vocational/Technical,2015,Married,11931,Yes
1733,India,UAE,Refugee/Asylum,Permanent,45-54,Male,Vocational/Technical,2025,Married,961,Yes
1734,Sri Lanka,New Zealand,Higher Education,Permanent,35-44,Male,Secondary,2014,Divorced,1013,No
1735,Sri Lanka,Japan,Economic Hardship,Permanent,25-34,Female,Bachelor's,2024,Single,259,No
1736,Bangladesh,France,Employment,Work,25-34,Male,Secondary,2020,Single,1935,Yes
1737,Bangladesh,South Korea,Employment,Work,45-54,Female,Primary,2014,Divorced,3519,Yes
1738,Pakistan,France,Skilled Worker Visa,Work,45-54,Female,Secondary,2022,Single,566,Yes
1739,Sri Lanka,Kuwait,Political Instability,Permanent,25-34,Male,Primary,2001,Divorced,560,Yes
1740,Pakistan,Norway,Family Reunification,Permanent,45-54,Male,Master's,2021,Divorced,3940,Yes
1741,Bangladesh,UAE,Marriage/Spouse,Permanent,25-34,Female,Secondary,2006,Single,536,Yes
1742,India,Qatar,Employment,Work,25-34,Male,Bachelor's,2023,Single,265,Yes
1743,Pakistan,Saudi Arabia,Refugee/Asylum,Permanent,55+,Male,Bachelor's,2012,Divorced,1274,Yes
1744,Bangladesh,Japan,Employment,Work,35-44,Male,Primary,2000,Single,384,Yes
1745,India,Oman,Skilled Worker Visa,Work,55+,Male,Master's,2017,Married,460,Yes
1746,Pakistan,United Kingdom,Higher Education,Permanent,35-44,Female,Bachelor's,2018,Married,2560,Yes
1747,Sri Lanka,Norway,Higher Education,Permanent,45-54,Male,Bachelor's,2010,Divorced,490,Yes
1748,Sri Lanka,New Zealand,Better Quality of Life,Permanent,45-54,Male,Bachelor's,2012,Divorced,3570,No
1749,Pakistan,Italy,Family Reunification,Permanent,45-54,Female,Master's,2024,Divorced,884,Yes
1750,Bangladesh,Germany,Skilled Worker Visa,Work,45-54,Female,Primary,2010,Divorced,344,No
1751,Sri Lanka,Norway,Skilled Worker Visa,Work,35-44,Female,Bachelor's,2011,Divorced,2488,Yes
1752,India,Australia,Permanent Residency,Permanent,35-44,Male,Secondary,2022,Single,1080,Yes
1753,Bangladesh,South Korea,Permanent Residency,Permanent,45-54,Male,Bachelor's,2022,Married,3224,Yes
1754,Pakistan,UAE,Marriage/Spouse,Permanent,25-34,Male,Bachelor's,2025,Married,954,No
1755,Pakistan,Malaysia,Political Instability,Permanent,25-34,Male,Bachelor's,2015,Single,1306,Yes
1756,Pakistan,Canada,Political Instability,Permanent,45-54,Female,Bachelor's,2015,Single,717,Yes
1757,Nepal,Norway,Permanent Residency,Permanent,35-44,Female,Secondary,2011,Divorced,1677,Yes
1758,India,Canada,Permanent Residency,Permanent,25-34,Male,Master's,2020,Single,1455,Yes
1759,Sri Lanka,Norway,Better Quality of Life,Permanent,45-54,Female,Master's,2011,Single,678,Yes
1760,Pakistan,United States,Permanent Residency,Permanent,35-44,Male,Master's,2020,Married,555,Yes
1761,India,United Kingdom,Employment,Work,25-34,Male,Master's,2013,Divorced,622,Yes
1762,Sri Lanka,Canada,Family Reunification,Permanent,45-54,Male,Master's,2016,Single,806,No
1763,Bangladesh,Australia,Better Quality of Life,Permanent,25-34,Male,Bachelor's,2025,Single,540,No
1764,India,Saudi Arabia,Family Reunification,Permanent,25-34,Male,Secondary,2023,Single,1649,No
1765,Bangladesh,Saudi Arabia,Employment,Work,35-44,Male,Bachelor's,2020,Divorced,275,Yes
1766,Bangladesh,South Korea,Higher Education,Permanent,18-24,Male,Secondary,2016,Single,295,Yes
1767,Sri Lanka,Japan,Marriage/Spouse,Permanent,25-34,Male,Master's,2022,Divorced,1335,Yes
1768,Nepal,UAE,Better Quality of Life,Permanent,45-54,Female,Bachelor's,2023,Single,617,No
1769,India,Qatar,Family Reunification,Permanent,25-34,Male,Master's,2022,Divorced,2657,Yes
1770,Sri Lanka,France,Family Reunification,Permanent,55+,Female,Master's,2019,Married,2263,No
1771,Pakistan,Oman,Marriage/Spouse,Permanent,45-54,Male,PhD,2011,Married,485,No
1772,India,Malaysia,Economic Hardship,Permanent,25-34,Male,Secondary,2011,Single,1844,Yes
1773,Pakistan,France,Permanent Residency,Permanent,45-54,Female,Secondary,2001,Married,8190,No
1774,India,France,Family Reunification,Permanent,35-44,Female,Vocational/Technical,2015,Single,1221,Yes
1775,Nepal,Japan,Family Reunification,Permanent,25-34,Male,Bachelor's,2004,Divorced,9713,Yes
1776,India,Malaysia,Higher Education,Permanent,35-44,Male,Bachelor's,2015,Married,9879,Yes
1777,Nepal,South Korea,Skilled Worker Visa,Work,18-24,Male,Vocational/Technical,2007,Single,2437,Yes
1778,Pakistan,Japan,Employment,Work,18-24,Male,Bachelor's,2007,Married,2648,Yes
1779,Bangladesh,Norway,Higher Education,Permanent,25-34,Male,Secondary,2002,Single,7365,No
1780,Pakistan,Oman,Family Reunification,Permanent,18-24,Male,Primary,2021,Single,962,Yes
1781,Pakistan,United States,Employment,Work,35-44,Male,Master's,2003,Single,2804,Yes
1782,India,Oman,Employment,Work,25-34,Male,Primary,2017,Married,500,Yes
1783,India,Norway,Economic Hardship,Permanent,35-44,Female,Secondary,2009,Single,972,Yes
1784,Pakistan,Norway,Refugee/Asylum,Permanent,25-34,Female,Master's,2019,Married,467,Yes
1785,India,Germany,Family Reunification,Permanent,25-34,Male,Secondary,2007,Married,319,Yes
1786,Nepal,Italy,Family Reunification,Permanent,18-24,Male,Master's,2007,Divorced,442,Yes
1787,Nepal,Qatar,Skilled Worker Visa,Work,35-44,Male,PhD,2024,Divorced,3281,Yes
1788,Bangladesh,Italy,Skilled Worker Visa,Work,25-34,Male,Secondary,2005,Married,6581,Yes
1789,Sri Lanka,Saudi Arabia,Employment,Work,25-34,Female,Master's,2013,Single,3308,No
1790,Bangladesh,Oman,Employment,Work,55+,Male,Secondary,2016,Divorced,817,No
1791,India,Kuwait,Higher Education,Permanent,55+,Male,Master's,2016,Single,959,No
1792,Nepal,Germany,Marriage/Spouse,Permanent,45-54,Female,Bachelor's,2025,Divorced,10758,Yes
1793,Sri Lanka,New Zealand,Permanent Residency,Permanent,25-34,Male,Bachelor's,2025,Single,685,No
1794,Bangladesh,Germany,Permanent Residency,Permanent,45-54,Male,Master's,2008,Divorced,3750,Yes
1795,Pakistan,UAE,Better Quality of Life,Permanent,45-54,Male,Bachelor's,2018,Married,8126,Yes
1796,Bangladesh,France,Family Reunification,Permanent,25-34,Female,Bachelor's,2014,Married,453,Yes
1797,Bangladesh,Canada,Refugee/Asylum,Permanent,25-34,Female,Vocational/Technical,2010,Single,3762,Yes
1798,India,Australia,Higher Education,Permanent,25-34,Female,Master's,2012,Divorced,923,Yes
1799,Bangladesh,Australia,Family Reunification,Permanent,35-44,Male,Vocational/Technical,2024,Divorced,1179,Yes
1800,Nepal,Canada,Permanent Residency,Permanent,55+,Female,Secondary,2013,Single,7798,Yes
1801,Sri Lanka,Kuwait,Business/Investment,Work,55+,Male,Primary,2022,Married,1172,Yes
1802,Nepal,Japan,Family Reunification,Permanent,35-44,Male,Bachelor's,2016,Married,3982,Yes
1803,Sri Lanka,Italy,Business/Investment,Work,25-34,Male,Bachelor's,2021,Married,3200,Yes
1804,Bangladesh,Saudi Arabia,Employment,Work,45-54,Male,Master's,2010,Married,1408,Yes
1805,India,France,Employment,Work,25-34,Male,Primary,2020,Divorced,10026,Yes
1806,Bangladesh,Oman,Skilled Worker Visa,Work,35-44,Male,Bachelor's,2002,Married,3024,Yes
1807,Sri Lanka,Oman,Skilled Worker Visa,Work,25-34,Male,Vocational/Technical,2022,Single,318,Yes
1808,Bangladesh,Canada,Family Reunification,Permanent,45-54,Female,Vocational/Technical,2024,Married,1210,Yes
1809,Bangladesh,Saudi Arabia,Employment,Work,55+,Male,Vocational/Technical,2005,Married,937,Yes
1810,Pakistan,UAE,Employment,Work,35-44,Male,Secondary,2012,Single,1280,Yes
1811,Bangladesh,United States,Family Reunification,Permanent,18-24,Male,Secondary,2023,Divorced,1040,Yes
1812,Sri Lanka,Italy,Employment,Work,35-44,Male,Master's,2025,Married,2965,No
1813,India,Canada,Family Reunification,Permanent,35-44,Male,Primary,2018,Married,3591,Yes
1814,Nepal,Saudi Arabia,Healthcare,Permanent,18-24,Male,Primary,2020,Married,2426,No
1815,Bangladesh,Australia,Skilled Worker Visa,Work,35-44,Female,Master's,2003,Divorced,407,Yes
1816,Nepal,UAE,Employment,Work,18-24,Male,Bachelor's,2016,Married,1324,Yes
1817,Sri Lanka,Kuwait,Employment,Work,25-34,Male,Master's,2018,Single,3668,Yes
1818,India,France,Employment,Work,25-34,Female,Bachelor's,2025,Married,513,Yes
1819,Sri Lanka,New Zealand,Permanent Residency,Permanent,18-24,Female,Vocational/Technical,2022,Married,613,Yes
1820,India,Oman,Higher Education,Permanent,45-54,Male,Secondary,2012,Single,448,No
1821,India,Qatar,Employment,Work,25-34,Male,Vocational/Technical,2022,Divorced,571,Yes
1822,Sri Lanka,Saudi Arabia,Employment,Work,18-24,Male,Vocational/Technical,2004,Single,905,No
1823,India,Australia,Marriage/Spouse,Permanent,45-54,Male,Master's,2005,Married,8319,Yes
1824,Pakistan,Qatar,Employment,Work,35-44,Male,Bachelor's,2024,Divorced,3203,Yes
1825,Bangladesh,Oman,Employment,Work,18-24,Female,Master's,2011,Married,1684,No
1826,Bangladesh,Malaysia,Employment,Work,25-34,Female,Master's,2024,Divorced,1892,No
1827,Bangladesh,Qatar,Employment,Work,55+,Male,Master's,2009,Divorced,867,Yes
1828,Nepal,Malaysia,Permanent Residency,Permanent,25-34,Male,Primary,2015,Married,1095,Yes
1829,Bangladesh,Japan,Family Reunification,Permanent,25-34,Male,Master's,2009,Married,256,Yes
1830,Bangladesh,Australia,Family Reunification,Permanent,45-54,Female,Vocational/Technical,2017,Married,402,Yes
1831,India,New Zealand,Refugee/Asylum,Permanent,55+,Female,Master's,2021,Married,1194,No
1832,India,Canada,Family Reunification,Permanent,35-44,Male,Primary,2007,Divorced,1973,No
1833,Bangladesh,Italy,Skilled Worker Visa,Work,25-34,Male,Master's,2009,Married,319,No
1834,India,UAE,Higher Education,Permanent,55+,Male,Bachelor's,2022,Married,1200,Yes
1835,India,United States,Business/Investment,Work,55+,Female,Secondary,2006,Divorced,340,Yes
1836,India,New Zealand,Economic Hardship,Permanent,55+,Male,Bachelor's,2023,Divorced,622,Yes
1837,Pakistan,Oman,Employment,Work,35-44,Male,Primary,2010,Divorced,1979,Yes
1838,Sri Lanka,France,Political Instability,Permanent,45-54,Male,Vocational/Technical,2023,Married,1243,Yes
1839,India,United States,Higher Education,Permanent,45-54,Female,Bachelor's,2018,Single,3643,Yes
1840,Sri Lanka,Italy,Family Reunification,Permanent,25-34,Male,Secondary,2019,Single,529,No
1841,Nepal,Japan,Skilled Worker Visa,Work,18-24,Female,Master's,2025,Single,704,Yes
1842,Bangladesh,Germany,Skilled Worker Visa,Work,25-34,Male,Bachelor's,2005,Single,1190,Yes
1843,Bangladesh,South Korea,Employment,Work,55+,Male,Vocational/Technical,2017,Divorced,1378,Yes
1844,Pakistan,Malaysia,Refugee/Asylum,Permanent,45-54,Male,Vocational/Technical,2023,Single,327,Yes
1845,Bangladesh,Norway,Higher Education,Permanent,45-54,Male,Secondary,2014,Single,1488,No
1846,Sri Lanka,Kuwait,Employment,Work,45-54,Male,Secondary,2011,Married,272,Yes
1847,India,Saudi Arabia,Employment,Work,25-34,Male,Secondary,2019,Married,621,Yes
1848,Sri Lanka,Oman,Permanent Residency,Permanent,25-34,Male,Vocational/Technical,2013,Single,3388,Yes
1849,Bangladesh,Kuwait,Employment,Work,25-34,Male,Secondary,2005,Married,1745,No
1850,Sri Lanka,United Kingdom,Refugee/Asylum,Permanent,25-34,Female,Vocational/Technical,2016,Single,445,No
1851,Sri Lanka,Qatar,Family Reunification,Permanent,18-24,Male,Master's,2007,Married,842,Yes
1852,Bangladesh,France,Family Reunification,Permanent,25-34,Male,Bachelor's,2025,Divorced,9355,Yes
1853,India,United Kingdom,Employment,Work,25-34,Male,Primary,2007,Single,763,Yes
1854,Bangladesh,Canada,Employment,Work,18-24,Female,Secondary,2014,Married,232,Yes
1855,Nepal,Malaysia,Family Reunification,Permanent,35-44,Male,Master's,2009,Divorced,5442,Yes
1856,Pakistan,Germany,Employment,Work,35-44,Male,Vocational/Technical,2020,Married,310,Yes
1857,Pakistan,Saudi Arabia,Employment,Work,25-34,Male,Secondary,2016,Married,844,No
1858,Sri Lanka,Malaysia,Business/Investment,Work,25-34,Male,Bachelor's,2005,Single,2597,Yes
1859,Pakistan,Saudi Arabia,Refugee/Asylum,Permanent,25-34,Male,Secondary,2024,Married,786,Yes
1860,Pakistan,United Kingdom,Employment,Work,25-34,Male,Master's,2005,Single,1128,No
1861,Pakistan,Kuwait,Skilled Worker Visa,Work,25-34,Male,Secondary,2018,Divorced,1308,No
1862,Sri Lanka,Malaysia,Permanent Residency,Permanent,18-24,Male,Secondary,2014,Divorced,2335,Yes
1863,India,South Korea,Marriage/Spouse,Permanent,18-24,Male,Bachelor's,2020,Single,3140,Yes
1864,Pakistan,Germany,Permanent Residency,Permanent,18-24,Male,Secondary,2007,Divorced,3952,Yes
1865,Pakistan,Kuwait,Business/Investment,Work,18-24,Male,PhD,2020,Married,1158,No
1866,Pakistan,France,Better Quality of Life,Permanent,35-44,Male,Primary,2011,Divorced,3592,Yes
1867,India,New Zealand,Family Reunification,Permanent,18-24,Male,Primary,2021,Divorced,3364,Yes
1868,Bangladesh,Kuwait,Employment,Work,35-44,Female,Primary,2023,Single,1988,Yes
1869,Pakistan,France,Refugee/Asylum,Permanent,18-24,Female,Master's,2016,Single,1333,No
1870,Pakistan,Germany,Healthcare,Permanent,18-24,Male,Secondary,2015,Single,205,Yes
1871,Nepal,Saudi Arabia,Marriage/Spouse,Permanent,18-24,Male,PhD,2021,Divorced,1036,Yes
1872,Bangladesh,Malaysia,Employment,Work,25-34,Female,Vocational/Technical,2018,Married,823,Yes
1873,Sri Lanka,Oman,Employment,Work,45-54,Male,Master's,2017,Divorced,1380,No
1874,Pakistan,Canada,Family Reunification,Permanent,18-24,Male,Bachelor's,2017,Single,10199,Yes
1875,Sri Lanka,Canada,Higher Education,Permanent,35-44,Male,Bachelor's,2011,Divorced,275,Yes
1876,India,Oman,Marriage/Spouse,Permanent,35-44,Male,Bachelor's,2012,Single,1743,Yes
1877,Nepal,Oman,Marriage/Spouse,Permanent,25-34,Male,Master's,2024,Married,9083,Yes
1878,Pakistan,Germany,Employment,Work,25-34,Male,Bachelor's,2010,Divorced,532,Yes
1879,Bangladesh,United States,Permanent Residency,Permanent,25-34,Male,Bachelor's,2015,Single,749,Yes
1880,Pakistan,Malaysia,Higher Education,Permanent,18-24,Female,Bachelor's,2020,Divorced,1463,No
1881,Nepal,Saudi Arabia,Employment,Work,25-34,Male,Bachelor's,2008,Single,3621,Yes
1882,Sri Lanka,Norway,Skilled Worker Visa,Work,45-54,Male,Secondary,2017,Divorced,1412,Yes
1883,Pakistan,United Kingdom,Family Reunification,Permanent,35-44,Male,Master's,2006,Single,674,Yes
1884,Bangladesh,Germany,Employment,Work,45-54,Female,Secondary,2023,Divorced,814,No
1885,Sri Lanka,Canada,Employment,Work,55+,Female,Bachelor's,2015,Single,1330,Yes
1886,India,Kuwait,Skilled Worker Visa,Work,25-34,Male,Secondary,2020,Single,8846,Yes
1887,Sri Lanka,Oman,Skilled Worker Visa,Work,35-44,Female,Vocational/Technical,2025,Divorced,2079,No
1888,Nepal,Qatar,Better Quality of Life,Permanent,55+,Male,Master's,2025,Single,458,Yes
1889,India,Norway,Family Reunification,Permanent,35-44,Female,PhD,2016,Single,1149,No
1890,India,Saudi Arabia,Employment,Work,25-34,Male,Bachelor's,2017,Single,926,No
1891,Bangladesh,Canada,Permanent Residency,Permanent,35-44,Female,Master's,2008,Married,2212,Yes
1892,Pakistan,Saudi Arabia,Employment,Work,25-34,Male,Secondary,2003,Single,2494,Yes
1893,Sri Lanka,Malaysia,Skilled Worker Visa,Work,35-44,Male,Bachelor's,2022,Married,2313,No
1894,Bangladesh,Oman,Employment,Work,25-34,Male,Bachelor's,2013,Single,2990,Yes
1895,Sri Lanka,Qatar,Marriage/Spouse,Permanent,35-44,Male,Bachelor's,2020,Single,621,Yes
1896,Pakistan,Saudi Arabia,Higher Education,Permanent,35-44,Male,Primary,2013,Married,325,No
1897,Pakistan,UAE,Business/Investment,Work,18-24,Male,Bachelor's,2014,Divorced,1148,Yes
1898,Pakistan,South Korea,Business/Investment,Work,25-34,Male,PhD,2009,Single,405,Yes
1899,Nepal,France,Permanent Residency,Permanent,35-44,Female,PhD,2023,Divorced,431,Yes
1900,Pakistan,Italy,Better Quality of Life,Permanent,25-34,Female,Master's,2022,Single,976,Yes
1901,Sri Lanka,Norway,Marriage/Spouse,Permanent,18-24,Male,Primary,2017,Single,359,No
1902,India,Malaysia,Employment,Work,55+,Female,Master's,2021,Single,3873,No
1903,India,Saudi Arabia,Skilled Worker Visa,Work,18-24,Male,PhD,2013,Married,8201,Yes
1904,India,Malaysia,Higher Education,Permanent,35-44,Female,Bachelor's,2015,Single,1480,No
1905,Sri Lanka,Japan,Skilled Worker Visa,Work,35-44,Male,Vocational/Technical,2009,Single,11768,Yes
1906,Nepal,Norway,Permanent Residency,Permanent,35-44,Male,Secondary,2006,Single,2303,No
1907,Pakistan,Germany,Healthcare,Permanent,35-44,Female,Master's,2024,Divorced,1017,Yes
1908,Bangladesh,Qatar,Better Quality of Life,Permanent,18-24,Male,Bachelor's,2018,Married,263,No
1909,Sri Lanka,Kuwait,Business/Investment,Work,18-24,Male,Secondary,2021,Married,984,No
1910,Sri Lanka,United Kingdom,Skilled Worker Visa,Work,45-54,Male,Primary,2001,Single,219,Yes
1911,Bangladesh,United States,Higher Education,Permanent,45-54,Female,Primary,2022,Divorced,9134,Yes
1912,India,New Zealand,Employment,Work,35-44,Female,Secondary,2003,Divorced,201,Yes
1913,Nepal,United States,Employment,Work,35-44,Male,Vocational/Technical,2023,Married,380,Yes
1914,Bangladesh,Saudi Arabia,Refugee/Asylum,Permanent,35-44,Male,Bachelor's,2005,Single,1321,Yes
1915,India,Saudi Arabia,Skilled Worker Visa,Work,55+,Male,Primary,2022,Married,439,Yes
1916,Bangladesh,UAE,Better Quality of Life,Permanent,35-44,Male,Master's,2023,Single,856,Yes
1917,Nepal,Malaysia,Skilled Worker Visa,Work,25-34,Female,Secondary,2010,Married,390,Yes
1918,Pakistan,Qatar,Employment,Work,18-24,Male,Secondary,2021,Divorced,1088,Yes
1919,Pakistan,Malaysia,Higher Education,Permanent,55+,Female,Master's,2018,Divorced,3766,Yes
1920,Sri Lanka,France,Higher Education,Permanent,35-44,Female,Master's,2022,Married,1194,No
1921,India,Malaysia,Skilled Worker Visa,Work,55+,Male,Secondary,2009,Single,1329,Yes
1922,Sri Lanka,Norway,Marriage/Spouse,Permanent,35-44,Male,Secondary,2017,Married,5180,Yes
1923,Bangladesh,Qatar,Economic Hardship,Permanent,55+,Male,Secondary,2025,Single,3133,No
1924,India,Italy,Business/Investment,Work,25-34,Male,Bachelor's,2009,Married,3096,Yes
1925,Sri Lanka,Australia,Permanent Residency,Permanent,25-34,Male,Bachelor's,2001,Married,3469,Yes
1926,Sri Lanka,South Korea,Family Reunification,Permanent,35-44,Female,Secondary,2015,Married,2394,Yes
1927,Nepal,Saudi Arabia,Employment,Work,45-54,Female,Bachelor's,2016,Single,11944,Yes
1928,Sri Lanka,Qatar,Employment,Work,25-34,Male,Master's,2012,Married,1181,No
1929,Sri Lanka,South Korea,Skilled Worker Visa,Work,45-54,Male,Bachelor's,2012,Single,806,Yes
1930,Bangladesh,France,Employment,Work,45-54,Male,Primary,2021,Divorced,522,Yes
1931,Pakistan,Norway,Better Quality of Life,Permanent,35-44,Male,Master's,2025,Married,424,Yes
1932,Bangladesh,Malaysia,Family Reunification,Permanent,35-44,Male,Bachelor's,2021,Married,1356,No
1933,India,Japan,Employment,Work,55+,Male,Primary,2010,Divorced,821,Yes
1934,Nepal,Malaysia,Employment,Work,35-44,Female,Bachelor's,2010,Divorced,798,No
1935,Bangladesh,United States,Business/Investment,Work,25-34,Male,Master's,2014,Single,556,Yes
1936,Pakistan,Australia,Better Quality of Life,Permanent,18-24,Male,Master's,2022,Single,6307,No
1937,Nepal,South Korea,Permanent Residency,Permanent,18-24,Male,Master's,2006,Married,1108,Yes
1938,Bangladesh,Kuwait,Employment,Work,18-24,Male,Secondary,2002,Married,1425,Yes
1939,Bangladesh,Qatar,Economic Hardship,Permanent,35-44,Female,PhD,2024,Single,1229,Yes
1940,Pakistan,Norway,Employment,Work,45-54,Female,Bachelor's,2020,Divorced,368,Yes
1941,Nepal,Italy,Permanent Residency,Permanent,25-34,Female,Primary,2015,Divorced,1442,Yes
1942,Sri Lanka,United Kingdom,Employment,Work,35-44,Male,Bachelor's,2019,Divorced,1007,Yes
1943,Nepal,Germany,Family Reunification,Permanent,18-24,Female,Master's,2022,Single,1159,Yes
1944,India,Italy,Skilled Worker Visa,Work,25-34,Female,Secondary,2023,Divorced,592,Yes
1945,Pakistan,Malaysia,Permanent Residency,Permanent,18-24,Male,Vocational/Technical,2016,Single,507,Yes
1946,Bangladesh,Oman,Business/Investment,Work,25-34,Male,Master's,2007,Married,251,Yes
1947,Pakistan,Kuwait,Marriage/Spouse,Permanent,25-34,Male,Bachelor's,2017,Divorced,1562,Yes
1948,Nepal,Saudi Arabia,Employment,Work,55+,Male,Vocational/Technical,2017,Single,3151,Yes
1949,Bangladesh,Kuwait,Family Reunification,Permanent,18-24,Male,Bachelor's,2020,Single,2831,Yes
1950,Nepal,Italy,Employment,Work,55+,Male,Master's,2023,Single,2517,No
1951,Nepal,United Kingdom,Marriage/Spouse,Permanent,18-24,Male,Bachelor's,2025,Divorced,1606,Yes
1952,Nepal,New Zealand,Permanent Residency,Permanent,18-24,Male,Vocational/Technical,2018,Divorced,302,Yes
1953,Pakistan,Australia,Better Quality of Life,Permanent,25-34,Male,Master's,2003,Single,825,Yes
1954,Sri Lanka,South Korea,Employment,Work,35-44,Female,Bachelor's,2016,Married,1155,Yes
1955,Nepal,United States,Refugee/Asylum,Permanent,18-24,Male,Secondary,2006,Married,3414,Yes
1956,India,Germany,Healthcare,Permanent,35-44,Female,Bachelor's,2024,Married,333,Yes
1957,Sri Lanka,Italy,Permanent Residency,Permanent,25-34,Male,Vocational/Technical,2015,Married,5904,Yes
1958,India,United Kingdom,Healthcare,Permanent,55+,Male,Bachelor's,2023,Married,578,No
1959,Nepal,United States,Permanent Residency,Permanent,55+,Female,Bachelor's,2009,Married,1799,Yes
1960,India,UAE,Skilled Worker Visa,Work,55+,Male,Primary,2021,Divorced,597,Yes
1961,Sri Lanka,Australia,Family Reunification,Permanent,35-44,Male,Secondary,2021,Single,7844,Yes
1962,Nepal,Norway,Skilled Worker Visa,Work,45-54,Male,Vocational/Technical,2022,Married,2999,Yes
1963,India,South Korea,Higher Education,Permanent,35-44,Female,PhD,2024,Single,2123,Yes
1964,Sri Lanka,United Kingdom,Family Reunification,Permanent,45-54,Male,Bachelor's,2020,Single,1491,Yes
1965,Bangladesh,Oman,Employment,Work,55+,Male,Primary,2015,Divorced,509,Yes
1966,Sri Lanka,Japan,Marriage/Spouse,Permanent,25-34,Male,Bachelor's,2015,Divorced,3265,Yes
1967,Sri Lanka,Qatar,Higher Education,Permanent,55+,Male,Bachelor's,2000,Divorced,1445,No
1968,India,Qatar,Skilled Worker Visa,Work,35-44,Male,Vocational/Technical,2003,Married,3123,No
1969,Nepal,United States,Skilled Worker Visa,Work,25-34,Male,Secondary,2023,Divorced,236,Yes
1970,Bangladesh,New Zealand,Higher Education,Permanent,18-24,Male,Bachelor's,2023,Divorced,3368,Yes
1971,India,Kuwait,Refugee/Asylum,Permanent,25-34,Male,Bachelor's,2015,Single,1681,No
1972,Bangladesh,Malaysia,Employment,Work,45-54,Female,Master's,2014,Married,811,Yes
1973,Bangladesh,New Zealand,Higher Education,Permanent,25-34,Female,Vocational/Technical,2021,Divorced,1987,No
1974,India,France,Permanent Residency,Permanent,35-44,Female,Primary,2016,Single,1554,Yes
1975,Bangladesh,Japan,Permanent Residency,Permanent,35-44,Male,Secondary,2024,Married,2590,Yes
1976,Nepal,Malaysia,Higher Education,Permanent,45-54,Female,Bachelor's,2010,Married,1674,Yes
1977,Bangladesh,Italy,Healthcare,Permanent,45-54,Male,Master's,2001,Single,1277,Yes
1978,Bangladesh,United States,Employment,Work,25-34,Male,Master's,2024,Married,241,No
1979,India,New Zealand,Higher Education,Permanent,25-34,Male,Vocational/Technical,2018,Married,3601,Yes
1980,India,Australia,Business/Investment,Work,25-34,Male,Primary,2004,Divorced,653,Yes
1981,Pakistan,Malaysia,Business/Investment,Work,18-24,Male,Bachelor's,2012,Divorced,1753,Yes
1982,Bangladesh,United States,Higher Education,Permanent,55+,Male,Vocational/Technical,2021,Single,1453,Yes
1983,India,Japan,Higher Education,Permanent,35-44,Female,Vocational/Technical,2024,Married,1459,No
1984,India,Australia,Family Reunification,Permanent,35-44,Male,Secondary,2017,Single,459,Yes
1985,India,Norway,Family Reunification,Permanent,25-34,Female,Vocational/Technical,2020,Married,1793,Yes
1986,Bangladesh,Germany,Family Reunification,Permanent,25-34,Male,Secondary,2018,Single,397,Yes
1987,India,Japan,Higher Education,Permanent,55+,Male,Bachelor's,2013,Married,229,Yes
1988,Pakistan,Malaysia,Healthcare,Permanent,45-54,Female,Master's,2005,Married,340,Yes
1989,Nepal,Norway,Marriage/Spouse,Permanent,35-44,Male,Bachelor's,2025,Divorced,369,Yes
1990,Sri Lanka,Kuwait,Healthcare,Permanent,25-34,Male,Secondary,2016,Divorced,385,Yes
1991,Pakistan,Italy,Better Quality of Life,Permanent,25-34,Male,Secondary,2018,Married,1452,Yes
1992,Bangladesh,United Kingdom,Family Reunification,Permanent,35-44,Female,Master's,2025,Divorced,541,No
1993,Nepal,Saudi Arabia,Economic Hardship,Permanent,25-34,Male,Secondary,2015,Married,3686,Yes
1994,Bangladesh,United States,Business/Investment,Work,55+,Female,Master's,2014,Divorced,1449,Yes
1995,India,Japan,Higher Education,Permanent,55+,Male,Primary,2017,Divorced,1761,Yes
1996,Bangladesh,Italy,Family Reunification,Permanent,18-24,Male,Secondary,2023,Single,1528,Yes
1997,Pakistan,UAE,Employment,Work,18-24,Female,Bachelor's,2012,Divorced,632,No
1998,Pakistan,United Kingdom,Family Reunification,Permanent,25-34,Female,PhD,2008,Married,1355,Yes
1999,Bangladesh,Oman,Skilled Worker Visa,Work,25-34,Male,Master's,2005,Married,998,Yes
2000,India,France,Higher Education,Permanent,45-54,Female,Bachelor's,2021,Divorced,653,Yes
2001,Pakistan,Italy,Refugee/Asylum,Permanent,18-24,Female,Vocational/Technical,2018,Divorced,6115,Yes
2002,Pakistan,Canada,Employment,Work,35-44,Male,PhD,2018,Single,1063,Yes
2003,Bangladesh,Qatar,Employment,Work,45-54,Male,Master's,2016,Married,1031,No
2004,India,South Korea,Marriage/Spouse,Permanent,18-24,Male,Master's,2000,Married,1908,No
2005,Bangladesh,France,Skilled Worker Visa,Work,25-34,Female,Secondary,2013,Married,784,No
2006,Sri Lanka,Oman,Employment,Work,45-54,Female,Primary,2015,Married,1350,Yes
2007,India,Germany,Permanent Residency,Permanent,25-34,Female,Bachelor's,2003,Married,1307,Yes
2008,Nepal,Germany,Skilled Worker Visa,Work,35-44,Female,Secondary,2007,Married,2816,Yes
2009,India,UAE,Skilled Worker Visa,Work,25-34,Male,Secondary,2025,Divorced,466,Yes
2010,Bangladesh,New Zealand,Family Reunification,Permanent,35-44,Female,Secondary,2020,Divorced,531,No
2011,Bangladesh,Japan,Better Quality of Life,Permanent,25-34,Male,Bachelor's,2022,Divorced,499,Yes
2012,India,Japan,Employment,Work,25-34,Female,Primary,2008,Divorced,2704,Yes
2013,Nepal,New Zealand,Refugee/Asylum,Permanent,45-54,Male,Master's,2006,Single,5765,No
2014,Nepal,France,Healthcare,Permanent,25-34,Male,Master's,2013,Divorced,2808,Yes
2015,Nepal,Kuwait,Employment,Work,45-54,Male,Master's,2004,Married,527,Yes
2016,India,United States,Higher Education,Permanent,35-44,Male,Master's,2012,Divorced,518,Yes
2017,Nepal,Japan,Skilled Worker Visa,Work,35-44,Female,Master's,2010,Divorced,324,No
2018,India,New Zealand,Better Quality of Life,Permanent,25-34,Male,Bachelor's,2009,Single,1246,Yes
2019,Pakistan,UAE,Employment,Work,18-24,Male,Vocational/Technical,2010,Divorced,336,No
2020,Sri Lanka,Kuwait,Employment,Work,35-44,Male,Secondary,2021,Divorced,1101,Yes
2021,Bangladesh,New Zealand,Permanent Residency,Permanent,55+,Male,Master's,2018,Single,1376,Yes
2022,Sri Lanka,Canada,Employment,Work,25-34,Female,Secondary,2025,Divorced,391,No
2023,Pakistan,Norway,Healthcare,Permanent,35-44,Male,Secondary,2015,Single,1472,Yes
2024,Bangladesh,France,Permanent Residency,Permanent,35-44,Male,Bachelor's,2023,Divorced,344,No
2025,Bangladesh,France,Permanent Residency,Permanent,25-34,Male,Bachelor's,2020,Single,951,No
2026,Sri Lanka,Canada,Employment,Work,25-34,Male,Master's,2006,Married,405,Yes
2027,Bangladesh,Canada,Skilled Worker Visa,Work,25-34,Female,Bachelor's,2020,Single,5036,No
2028,Pakistan,Norway,Higher Education,Permanent,55+,Female,Vocational/Technical,2022,Single,313,No
2029,Pakistan,Kuwait,Better Quality of Life,Permanent,45-54,Male,Master's,2008,Single,1109,Yes
2030,Bangladesh,New Zealand,Family Reunification,Permanent,25-34,Male,Bachelor's,2020,Single,1397,Yes
2031,Bangladesh,United Kingdom,Skilled Worker Visa,Work,25-34,Male,Secondary,2010,Divorced,2582,No
2032,Sri Lanka,Malaysia,Family Reunification,Permanent,35-44,Female,Primary,2021,Married,793,Yes
2033,Sri Lanka,UAE,Employment,Work,18-24,Male,Bachelor's,2018,Married,248,Yes
2034,Nepal,Norway,Permanent Residency,Permanent,45-54,Female,Vocational/Technical,2011,Single,285,Yes
2035,Pakistan,UAE,Better Quality of Life,Permanent,45-54,Male,Master's,2019,Married,3006,Yes
2036,Bangladesh,France,Permanent Residency,Permanent,45-54,Male,Bachelor's,2003,Single,258,Yes
2037,Pakistan,Australia,Permanent Residency,Permanent,35-44,Male,Secondary,2021,Divorced,696,Yes
2038,Sri Lanka,Oman,Employment,Work,35-44,Female,Master's,2001,Married,2155,Yes
2039,Sri Lanka,Canada,Refugee/Asylum,Permanent,18-24,Male,PhD,2017,Divorced,9258,No
2040,India,United Kingdom,Employment,Work,25-34,Male,Bachelor's,2021,Single,716,Yes
2041,Pakistan,United Kingdom,Skilled Worker Visa,Work,45-54,Male,Bachelor's,2017,Divorced,606,No
2042,India,Saudi Arabia,Employment,Work,25-34,Female,PhD,2024,Married,2843,Yes
2043,Bangladesh,Norway,Better Quality of Life,Permanent,18-24,Male,Vocational/Technical,2025,Married,389,Yes
2044,Pakistan,Kuwait,Skilled Worker Visa,Work,25-34,Male,Bachelor's,2013,Divorced,502,No
2045,Pakistan,Australia,Employment,Work,55+,Male,Bachelor's,2009,Divorced,425,Yes
2046,Sri Lanka,Saudi Arabia,Marriage/Spouse,Permanent,25-34,Male,Secondary,2016,Divorced,1219,Yes
2047,Pakistan,Oman,Skilled Worker Visa,Work,18-24,Male,Secondary,2007,Married,7315,Yes
2048,Bangladesh,United Kingdom,Refugee/Asylum,Permanent,35-44,Male,Secondary,2015,Divorced,4149,No
2049,Bangladesh,UAE,Employment,Work,55+,Male,Bachelor's,2012,Married,3359,Yes
2050,India,Malaysia,Permanent Residency,Permanent,45-54,Female,Secondary,2025,Divorced,5818,Yes
2051,Sri Lanka,Kuwait,Refugee/Asylum,Permanent,25-34,Male,Primary,2021,Single,8483,No
2052,Bangladesh,Saudi Arabia,Economic Hardship,Permanent,25-34,Female,Bachelor's,2016,Single,1418,Yes
2053,Pakistan,United Kingdom,Family Reunification,Permanent,25-34,Male,Vocational/Technical,2000,Single,1500,Yes
2054,Nepal,Oman,Employment,Work,18-24,Male,Bachelor's,2021,Married,1428,Yes
2055,Bangladesh,Canada,Skilled Worker Visa,Work,45-54,Female,Secondary,2024,Married,3788,Yes
2056,India,Norway,Business/Investment,Work,25-34,Male,Master's,2020,Single,506,No
2057,Bangladesh,Japan,Employment,Work,55+,Female,Primary,2015,Single,2552,Yes
2058,Bangladesh,Canada,Employment,Work,25-34,Female,PhD,2003,Divorced,565,Yes
2059,Nepal,United States,Skilled Worker Visa,Work,25-34,Male,Bachelor's,2016,Divorced,1366,No
2060,India,Australia,Employment,Work,35-44,Male,Master's,2018,Single,413,Yes
2061,Nepal,Saudi Arabia,Skilled Worker Visa,Work,18-24,Male,Vocational/Technical,2012,Single,1602,No
2062,Nepal,Norway,Higher Education,Permanent,18-24,Female,Secondary,2020,Single,722,Yes
2063,Bangladesh,Malaysia,Employment,Work,35-44,Male,Secondary,2017,Married,765,No
2064,Sri Lanka,Norway,Employment,Work,55+,Female,Bachelor's,2021,Divorced,9314,Yes
2065,India,Canada,Economic Hardship,Permanent,45-54,Female,PhD,2015,Married,331,Yes
2066,Pakistan,United Kingdom,Family Reunification,Permanent,45-54,Male,Master's,2024,Married,3048,Yes
2067,Sri Lanka,Japan,Family Reunification,Permanent,45-54,Male,Master's,2021,Single,3047,Yes
2068,Sri Lanka,New Zealand,Family Reunification,Permanent,35-44,Male,Master's,2020,Married,490,Yes
2069,Bangladesh,South Korea,Economic Hardship,Permanent,55+,Male,Secondary,2016,Married,2940,Yes
2070,Sri Lanka,France,Business/Investment,Work,25-34,Male,Master's,2021,Single,2412,Yes
2071,Nepal,France,Higher Education,Permanent,35-44,Male,Bachelor's,2025,Divorced,373,Yes
2072,Sri Lanka,Norway,Better Quality of Life,Permanent,18-24,Female,Master's,2010,Single,245,Yes
2073,Nepal,Kuwait,Employment,Work,25-34,Male,Bachelor's,2023,Single,623,No
2074,Pakistan,Australia,Family Reunification,Permanent,18-24,Male,Secondary,2025,Divorced,337,Yes
2075,Sri Lanka,Norway,Higher Education,Permanent,45-54,Male,Primary,2024,Divorced,3815,Yes
2076,Pakistan,Australia,Marriage/Spouse,Permanent,25-34,Male,Secondary,2017,Divorced,2015,Yes
2077,Nepal,New Zealand,Higher Education,Permanent,25-34,Female,Secondary,2018,Married,3830,Yes
2078,India,UAE,Employment,Work,45-54,Male,Primary,2012,Divorced,2269,Yes
2079,Pakistan,Oman,Skilled Worker Visa,Work,18-24,Male,Master's,2018,Married,2226,Yes
2080,Nepal,Italy,Skilled Worker Visa,Work,25-34,Male,Master's,2021,Single,1639,Yes
2081,Bangladesh,Kuwait,Employment,Work,25-34,Male,Master's,2009,Divorced,10533,Yes
2082,Bangladesh,Saudi Arabia,Employment,Work,35-44,Male,Secondary,2025,Single,1258,Yes
2083,Bangladesh,United States,Permanent Residency,Permanent,45-54,Male,Secondary,2024,Married,1455,Yes
2084,Nepal,France,Business/Investment,Work,25-34,Male,Bachelor's,2001,Married,3687,Yes
2085,Sri Lanka,New Zealand,Higher Education,Permanent,55+,Female,Bachelor's,2018,Married,312,No
2086,India,Oman,Employment,Work,18-24,Male,Secondary,2011,Single,4299,No
2087,Nepal,Qatar,Skilled Worker Visa,Work,25-34,Male,Secondary,2019,Married,364,No
2088,India,Australia,Economic Hardship,Permanent,18-24,Female,Secondary,2022,Married,920,No
2089,Nepal,Saudi Arabia,Employment,Work,18-24,Male,PhD,2002,Divorced,1943,No
2090,Pakistan,Malaysia,Family Reunification,Permanent,25-34,Female,Master's,2025,Divorced,208,Yes
2091,Pakistan,Japan,Skilled Worker Visa,Work,25-34,Female,PhD,2007,Divorced,1390,Yes
2092,Bangladesh,United States,Family Reunification,Permanent,25-34,Male,Primary,2004,Single,3018,Yes
2093,Sri Lanka,Germany,Better Quality of Life,Permanent,25-34,Male,Bachelor's,2016,Single,756,No
2094,Sri Lanka,Australia,Employment,Work,25-34,Female,Secondary,2024,Divorced,709,Yes
2095,Pakistan,United States,Better Quality of Life,Permanent,25-34,Male,Master's,2023,Divorced,3906,Yes
2096,Sri Lanka,South Korea,Family Reunification,Permanent,25-34,Female,PhD,2023,Single,629,Yes
2097,Nepal,Germany,Refugee/Asylum,Permanent,45-54,Female,PhD,2012,Divorced,332,Yes
2098,Pakistan,South Korea,Skilled Worker Visa,Work,25-34,Male,Secondary,2005,Married,303,No
2099,Pakistan,Australia,Better Quality of Life,Permanent,35-44,Male,Secondary,2013,Single,696,Yes
2100,India,Kuwait,Employment,Work,35-44,Male,Vocational/Technical,2016,Divorced,207,Yes
2101,Pakistan,France,Employment,Work,45-54,Male,Bachelor's,2002,Divorced,938,Yes
2102,Nepal,Malaysia,Skilled Worker Visa,Work,25-34,Female,Vocational/Technical,2019,Single,1299,Yes
2103,India,UAE,Employment,Work,25-34,Male,Bachelor's,2013,Married,536,Yes
2104,Pakistan,Saudi Arabia,Skilled Worker Visa,Work,35-44,Male,Secondary,2024,Single,577,Yes
2105,Pakistan,New Zealand,Employment,Work,35-44,Male,Bachelor's,2025,Married,837,Yes
2106,India,UAE,Marriage/Spouse,Permanent,18-24,Male,Secondary,2024,Married,522,Yes
2107,Sri Lanka,Germany,Family Reunification,Permanent,18-24,Female,Secondary,2025,Single,1077,No
2108,Sri Lanka,Saudi Arabia,Higher Education,Permanent,25-34,Male,Bachelor's,2022,Divorced,314,Yes
2109,India,Malaysia,Skilled Worker Visa,Work,35-44,Female,Bachelor's,2020,Married,913,Yes
2110,Sri Lanka,Italy,Employment,Work,18-24,Male,Secondary,2022,Divorced,3573,Yes
2111,India,South Korea,Permanent Residency,Permanent,45-54,Female,Bachelor's,2015,Divorced,3515,No
2112,India,Germany,Economic Hardship,Permanent,35-44,Female,Vocational/Technical,2015,Married,1114,No
2113,Sri Lanka,Qatar,Employment,Work,25-34,Male,Secondary,2022,Married,618,Yes
2114,Bangladesh,United Kingdom,Marriage/Spouse,Permanent,35-44,Male,Master's,2017,Single,236,No
2115,Bangladesh,Malaysia,Higher Education,Permanent,25-34,Male,Vocational/Technical,2025,Married,892,Yes
2116,Bangladesh,New Zealand,Refugee/Asylum,Permanent,35-44,Female,Bachelor's,2019,Single,1008,Yes
2117,Pakistan,Malaysia,Refugee/Asylum,Permanent,25-34,Male,Secondary,2024,Single,3340,Yes
2118,Nepal,Oman,Higher Education,Permanent,45-54,Male,Vocational/Technical,2014,Married,503,Yes
2119,India,Oman,Employment,Work,18-24,Male,Secondary,2018,Married,1943,Yes
2120,India,Saudi Arabia,Marriage/Spouse,Permanent,18-24,Female,Secondary,2023,Married,1924,Yes
2121,India,France,Refugee/Asylum,Permanent,25-34,Male,Primary,2024,Single,7226,Yes
2122,Nepal,France,Employment,Work,45-54,Female,Vocational/Technical,2011,Divorced,1630,Yes
2123,India,United Kingdom,Skilled Worker Visa,Work,18-24,Male,Secondary,2013,Single,9009,No
2124,Sri Lanka,Qatar,Employment,Work,25-34,Male,Bachelor's,2020,Divorced,1601,No
2125,Bangladesh,Australia,Employment,Work,45-54,Female,Primary,2019,Single,885,Yes
2126,India,UAE,Employment,Work,45-54,Male,Vocational/Technical,2022,Divorced,496,Yes
2127,Bangladesh,United States,Marriage/Spouse,Permanent,45-54,Male,Secondary,2022,Married,530,No
2128,Bangladesh,United Kingdom,Refugee/Asylum,Permanent,35-44,Male,Vocational/Technical,2022,Married,547,No
2129,Bangladesh,Italy,Higher Education,Permanent,25-34,Male,Master's,2013,Divorced,695,Yes
2130,Sri Lanka,Malaysia,Permanent Residency,Permanent,45-54,Male,Vocational/Technical,2006,Single,1114,Yes
2131,Sri Lanka,Malaysia,Skilled Worker Visa,Work,45-54,Female,Master's,2013,Single,1418,Yes
2132,Nepal,United Kingdom,Economic Hardship,Permanent,55+,Female,Secondary,2025,Single,2373,No
2133,Pakistan,Italy,Business/Investment,Work,25-34,Male,Secondary,2020,Divorced,8249,Yes
2134,Nepal,Kuwait,Marriage/Spouse,Permanent,25-34,Male,Vocational/Technical,2014,Divorced,5909,No
2135,India,UAE,Marriage/Spouse,Permanent,18-24,Male,Vocational/Technical,2017,Single,3376,Yes
2136,Sri Lanka,United States,Higher Education,Permanent,18-24,Male,Secondary,2016,Divorced,402,No
2137,India,Malaysia,Family Reunification,Permanent,25-34,Female,Master's,2021,Divorced,8006,Yes
2138,Bangladesh,Australia,Employment,Work,55+,Male,Master's,2024,Divorced,521,Yes
2139,Sri Lanka,Germany,Permanent Residency,Permanent,55+,Female,Bachelor's,2003,Single,8421,Yes
2140,Bangladesh,United Kingdom,Marriage/Spouse,Permanent,35-44,Female,Primary,2016,Single,2982,Yes
2141,Pakistan,France,Higher Education,Permanent,18-24,Male,Bachelor's,2018,Single,2689,No
2142,Sri Lanka,United Kingdom,Skilled Worker Visa,Work,55+,Female,Vocational/Technical,2018,Single,2543,Yes
2143,Sri Lanka,United States,Higher Education,Permanent,25-34,Male,Bachelor's,2022,Divorced,960,No
2144,Sri Lanka,France,Skilled Worker Visa,Work,35-44,Female,Primary,2001,Divorced,544,No
2145,Nepal,Oman,Employment,Work,25-34,Male,Master's,2019,Divorced,595,No
2146,India,Kuwait,Employment,Work,18-24,Male,PhD,2004,Single,1424,Yes
2147,Bangladesh,Japan,Business/Investment,Work,55+,Female,Vocational/Technical,2017,Divorced,602,Yes
2148,Sri Lanka,South Korea,Higher Education,Permanent,35-44,Male,Master's,2019,Married,2103,Yes
2149,Sri Lanka,Australia,Permanent Residency,Permanent,25-34,Male,Bachelor's,2023,Divorced,353,Yes
2150,India,Oman,Employment,Work,18-24,Male,Primary,2018,Single,933,Yes
2151,India,Kuwait,Business/Investment,Work,25-34,Male,Bachelor's,2024,Single,340,No
2152,Sri Lanka,Qatar,Employment,Work,35-44,Female,Master's,2012,Divorced,357,Yes
2153,India,Australia,Permanent Residency,Permanent,35-44,Female,Master's,2013,Married,486,No
2154,Nepal,Italy,Business/Investment,Work,35-44,Female,Secondary,2020,Divorced,1368,Yes
2155,Pakistan,UAE,Business/Investment,Work,25-34,Male,Primary,2006,Single,3059,No
2156,Pakistan,Oman,Family Reunification,Permanent,25-34,Male,Master's,2004,Single,789,Yes
2157,Pakistan,Germany,Political Instability,Permanent,45-54,Male,Secondary,2005,Single,369,Yes
2158,Pakistan,United States,Permanent Residency,Permanent,18-24,Male,Bachelor's,2017,Divorced,1221,No
2159,Sri Lanka,New Zealand,Higher Education,Permanent,25-34,Male,Master's,2020,Single,1532,Yes
2160,Sri Lanka,Kuwait,Skilled Worker Visa,Work,35-44,Male,Bachelor's,2024,Married,342,No
2161,Pakistan,Kuwait,Refugee/Asylum,Permanent,25-34,Male,Vocational/Technical,2023,Married,560,Yes
2162,Sri Lanka,United States,Family Reunification,Permanent,25-34,Male,Master's,2019,Divorced,3689,Yes
2163,Sri Lanka,Japan,Marriage/Spouse,Permanent,55+,Male,Master's,2025,Single,494,No
2164,Bangladesh,UAE,Business/Investment,Work,25-34,Male,Bachelor's,2019,Married,9374,Yes
2165,Bangladesh,Qatar,Skilled Worker Visa,Work,18-24,Male,Master's,2006,Single,400,Yes
2166,Bangladesh,Saudi Arabia,Employment,Work,18-24,Male,Bachelor's,2003,Married,1410,Yes
2167,India,Canada,Family Reunification,Permanent,25-34,Male,Master's,2018,Divorced,688,Yes
2168,Sri Lanka,UAE,Skilled Worker Visa,Work,35-44,Male,Bachelor's,2012,Single,955,Yes
2169,Nepal,France,Better Quality of Life,Permanent,18-24,Male,PhD,2005,Divorced,216,No
2170,Pakistan,South Korea,Permanent Residency,Permanent,45-54,Female,Secondary,2010,Divorced,663,Yes
2171,Pakistan,Qatar,Skilled Worker Visa,Work,35-44,Male,PhD,2013,Single,3979,No
2172,Sri Lanka,South Korea,Business/Investment,Work,35-44,Male,Bachelor's,2009,Married,1829,Yes
2173,Pakistan,Japan,Employment,Work,25-34,Female,Vocational/Technical,2019,Single,2751,No
2174,Pakistan,Australia,Skilled Worker Visa,Work,45-54,Male,Primary,2012,Single,553,Yes
2175,Nepal,Canada,Higher Education,Permanent,55+,Female,Vocational/Technical,2007,Divorced,1009,No
2176,Bangladesh,South Korea,Employment,Work,25-34,Female,Secondary,2017,Single,934,No
2177,India,United Kingdom,Political Instability,Permanent,55+,Male,Bachelor's,2007,Single,2851,Yes
2178,Pakistan,South Korea,Better Quality of Life,Permanent,25-34,Male,Bachelor's,2022,Married,1937,Yes
2179,India,UAE,Employment,Work,25-34,Female,Master's,2013,Married,3418,No
2180,Pakistan,Oman,Employment,Work,45-54,Male,Secondary,2003,Divorced,311,No
2181,Bangladesh,Kuwait,Economic Hardship,Permanent,45-54,Male,Vocational/Technical,2017,Single,1228,Yes
2182,Sri Lanka,United Kingdom,Better Quality of Life,Permanent,45-54,Male,Primary,2004,Divorced,3742,Yes
2183,Nepal,Malaysia,Skilled Worker Visa,Work,55+,Female,Master's,2025,Single,851,Yes
2184,India,Japan,Skilled Worker Visa,Work,35-44,Male,Primary,2024,Married,513,Yes
2185,Sri Lanka,Canada,Employment,Work,35-44,Female,Primary,2010,Single,934,No
2186,Pakistan,UAE,Family Reunification,Permanent,18-24,Male,Secondary,2008,Married,9206,No
2187,Pakistan,Norway,Family Reunification,Permanent,45-54,Male,Bachelor's,2025,Divorced,3226,Yes
2188,Pakistan,Malaysia,Skilled Worker Visa,Work,35-44,Male,Bachelor's,2013,Married,3849,Yes
2189,Bangladesh,Kuwait,Employment,Work,35-44,Male,Primary,2020,Married,869,Yes
2190,Sri Lanka,Kuwait,Marriage/Spouse,Permanent,25-34,Male,Bachelor's,2012,Married,2944,Yes
2191,Bangladesh,Norway,Skilled Worker Visa,Work,55+,Male,Vocational/Technical,2014,Divorced,7632,Yes
2192,Nepal,South Korea,Employment,Work,35-44,Male,Bachelor's,2011,Single,560,Yes
2193,Pakistan,Germany,Better Quality of Life,Permanent,25-34,Male,Master's,2023,Divorced,927,Yes
2194,India,Norway,Business/Investment,Work,45-54,Male,Bachelor's,2012,Divorced,1121,Yes
2195,Bangladesh,Germany,Refugee/Asylum,Permanent,35-44,Male,Vocational/Technical,2023,Married,909,Yes
2196,Sri Lanka,United States,Better Quality of Life,Permanent,25-34,Male,Vocational/Technical,2023,Single,10509,Yes
2197,Nepal,France,Economic Hardship,Permanent,25-34,Male,Master's,2025,Married,5474,No
2198,Pakistan,Malaysia,Higher Education,Permanent,35-44,Female,Primary,2006,Divorced,1026,No
2199,India,UAE,Employment,Work,35-44,Male,Bachelor's,2019,Married,2105,Yes
2200,Pakistan,Canada,Skilled Worker Visa,Work,25-34,Male,Master's,2015,Divorced,519,Yes
2201,Bangladesh,Oman,Employment,Work,35-44,Male,Vocational/Technical,2023,Single,3004,Yes
2202,India,Qatar,Skilled Worker Visa,Work,35-44,Male,Primary,2008,Single,1180,No
2203,Bangladesh,Kuwait,Employment,Work,25-34,Male,Master's,2010,Single,628,No
2204,Nepal,Oman,Business/Investment,Work,25-34,Female,Bachelor's,2009,Single,621,Yes
2205,Bangladesh,Kuwait,Skilled Worker Visa,Work,55+,Male,Vocational/Technical,2023,Married,1478,Yes
2206,Pakistan,Norway,Family Reunification,Permanent,35-44,Male,Secondary,2010,Divorced,303,Yes
2207,Nepal,Saudi Arabia,Skilled Worker Visa,Work,25-34,Male,Master's,2018,Divorced,710,No
2208,India,South Korea,Employment,Work,35-44,Female,Vocational/Technical,2017,Divorced,1239,No
2209,Pakistan,Oman,Employment,Work,25-34,Male,Primary,2009,Divorced,445,Yes
2210,Pakistan,New Zealand,Marriage/Spouse,Permanent,25-34,Female,Bachelor's,2025,Married,441,Yes
2211,India,Canada,Permanent Residency,Permanent,18-24,Female,Bachelor's,2014,Single,264,Yes
2212,Bangladesh,Kuwait,Employment,Work,18-24,Male,Secondary,2025,Divorced,3471,No
2213,Bangladesh,New Zealand,Family Reunification,Permanent,25-34,Female,Master's,2017,Married,1067,Yes
2214,Nepal,Kuwait,Employment,Work,35-44,Male,Primary,2016,Married,734,Yes
2215,Sri Lanka,France,Employment,Work,25-34,Male,Bachelor's,2021,Married,949,Yes
2216,Sri Lanka,Japan,Better Quality of Life,Permanent,25-34,Female,Secondary,2011,Divorced,526,Yes
2217,Nepal,France,Permanent Residency,Permanent,25-34,Female,Secondary,2019,Divorced,1258,No
2218,Sri Lanka,Qatar,Economic Hardship,Permanent,25-34,Male,Bachelor's,2022,Single,1102,Yes
2219,India,Saudi Arabia,Family Reunification,Permanent,25-34,Male,Master's,2001,Married,483,Yes
2220,Bangladesh,New Zealand,Skilled Worker Visa,Work,25-34,Male,Secondary,2025,Married,2427,No
2221,India,South Korea,Employment,Work,45-54,Male,Primary,2018,Single,433,Yes
2222,Bangladesh,Italy,Permanent Residency,Permanent,18-24,Male,Primary,2025,Single,685,Yes
2223,Nepal,South Korea,Permanent Residency,Permanent,45-54,Female,Bachelor's,2015,Married,2352,Yes
2224,Nepal,New Zealand,Higher Education,Permanent,25-34,Male,Bachelor's,2007,Single,10153,No
2225,India,Norway,Economic Hardship,Permanent,55+,Female,Vocational/Technical,2008,Single,3497,Yes
2226,Nepal,France,Business/Investment,Work,25-34,Female,Bachelor's,2022,Married,631,No
2227,Bangladesh,UAE,Employment,Work,45-54,Male,Master's,2008,Divorced,952,Yes
2228,Nepal,UAE,Marriage/Spouse,Permanent,35-44,Male,Bachelor's,2016,Divorced,364,No
2229,Bangladesh,Kuwait,Skilled Worker Visa,Work,25-34,Male,Bachelor's,2020,Married,276,No
2230,India,United Kingdom,Marriage/Spouse,Permanent,35-44,Female,Master's,2011,Married,3831,Yes
2231,Pakistan,Kuwait,Employment,Work,35-44,Female,Primary,2010,Single,1032,Yes
2232,Pakistan,New Zealand,Business/Investment,Work,25-34,Female,Secondary,2018,Married,297,Yes
2233,India,Italy,Employment,Work,18-24,Male,Bachelor's,2001,Divorced,358,Yes
2234,India,UAE,Permanent Residency,Permanent,55+,Male,Secondary,2005,Divorced,2691,No
2235,Nepal,France,Employment,Work,45-54,Female,Secondary,2007,Single,1007,No
2236,Pakistan,Qatar,Skilled Worker Visa,Work,45-54,Male,Bachelor's,2019,Married,217,Yes
2237,Sri Lanka,Germany,Employment,Work,25-34,Male,Primary,2023,Married,3389,Yes
2238,Sri Lanka,South Korea,Higher Education,Permanent,45-54,Female,Primary,2023,Married,2091,No
2239,Bangladesh,Japan,Family Reunification,Permanent,35-44,Male,Bachelor's,2024,Married,1439,Yes
2240,Bangladesh,United States,Better Quality of Life,Permanent,35-44,Female,Bachelor's,2009,Single,423,Yes
2241,Bangladesh,Oman,Skilled Worker Visa,Work,25-34,Male,Primary,2012,Married,209,Yes
2242,Nepal,Norway,Permanent Residency,Permanent,35-44,Female,Bachelor's,2013,Divorced,1437,Yes
2243,Nepal,Australia,Business/Investment,Work,35-44,Male,Bachelor's,2025,Single,1815,Yes
2244,India,Kuwait,Employment,Work,35-44,Male,Vocational/Technical,2010,Married,271,Yes
2245,Nepal,United Kingdom,Higher Education,Permanent,25-34,Female,Bachelor's,2018,Single,1374,No
2246,India,New Zealand,Economic Hardship,Permanent,35-44,Female,Primary,2019,Married,1589,Yes
2247,India,New Zealand,Higher Education,Permanent,45-54,Male,Vocational/Technical,2018,Divorced,1359,Yes
2248,Bangladesh,Canada,Marriage/Spouse,Permanent,35-44,Male,Secondary,2022,Divorced,1414,Yes
2249,Sri Lanka,United States,Better Quality of Life,Permanent,18-24,Female,Bachelor's,2023,Single,3071,No
2250,India,Australia,Business/Investment,Work,55+,Male,Secondary,2023,Single,306,No
2251,Nepal,Japan,Better Quality of Life,Permanent,25-34,Female,Bachelor's,2015,Single,1354,No
2252,Sri Lanka,Italy,Better Quality of Life,Permanent,25-34,Female,Master's,2014,Single,273,Yes
2253,India,Kuwait,Employment,Work,25-34,Male,Master's,2017,Divorced,2037,Yes
2254,India,Germany,Employment,Work,35-44,Male,Secondary,2014,Married,2082,Yes
2255,Bangladesh,New Zealand,Skilled Worker Visa,Work,35-44,Female,Master's,2021,Divorced,8272,Yes
2256,Pakistan,New Zealand,Employment,Work,35-44,Male,Bachelor's,2020,Married,3345,Yes
2257,Nepal,Qatar,Employment,Work,25-34,Male,Bachelor's,2009,Divorced,1457,Yes
2258,Sri Lanka,United Kingdom,Higher Education,Permanent,35-44,Female,Bachelor's,2020,Divorced,1324,Yes
2259,Nepal,Kuwait,Skilled Worker Visa,Work,35-44,Male,Secondary,2004,Divorced,1692,Yes
2260,Nepal,Malaysia,Employment,Work,35-44,Female,Vocational/Technical,2022,Single,3322,Yes
2261,Nepal,Norway,Marriage/Spouse,Permanent,35-44,Female,Vocational/Technical,2025,Single,2749,No
2262,India,Malaysia,Family Reunification,Permanent,18-24,Female,Secondary,2017,Married,558,Yes
2263,India,Oman,Employment,Work,35-44,Male,Bachelor's,2020,Married,669,Yes
2264,India,Kuwait,Skilled Worker Visa,Work,25-34,Male,Bachelor's,2008,Single,368,Yes
2265,Nepal,Malaysia,Employment,Work,45-54,Male,Primary,2025,Single,369,Yes
2266,Sri Lanka,South Korea,Employment,Work,55+,Male,Vocational/Technical,2018,Divorced,585,Yes
2267,Pakistan,Malaysia,Marriage/Spouse,Permanent,25-34,Male,PhD,2012,Single,968,Yes
2268,Nepal,Malaysia,Employment,Work,55+,Male,Vocational/Technical,2017,Married,333,Yes
2269,Nepal,United Kingdom,Refugee/Asylum,Permanent,45-54,Male,PhD,2010,Married,1357,No
2270,Bangladesh,France,Permanent Residency,Permanent,55+,Female,Bachelor's,2023,Single,1934,No
2271,Pakistan,Oman,Employment,Work,45-54,Male,Secondary,2024,Married,1150,Yes
2272,Nepal,Italy,Higher Education,Permanent,35-44,Male,Secondary,2001,Single,1820,No
2273,Sri Lanka,France,Better Quality of Life,Permanent,35-44,Female,Secondary,2020,Single,712,Yes
2274,Bangladesh,Norway,Marriage/Spouse,Permanent,25-34,Female,Bachelor's,2010,Married,261,No
2275,Pakistan,Oman,Employment,Work,45-54,Male,Secondary,2015,Single,1394,Yes
2276,Nepal,Kuwait,Skilled Worker Visa,Work,35-44,Male,Master's,2016,Married,1072,Yes
2277,Bangladesh,Norway,Higher Education,Permanent,35-44,Male,Bachelor's,2023,Married,8584,Yes
2278,Sri Lanka,Germany,Permanent Residency,Permanent,35-44,Male,Master's,2000,Married,4665,No
2279,Sri Lanka,Oman,Business/Investment,Work,25-34,Male,Master's,2017,Single,3483,Yes
2280,Bangladesh,Australia,Refugee/Asylum,Permanent,35-44,Female,Secondary,2023,Married,418,Yes
2281,Sri Lanka,Oman,Skilled Worker Visa,Work,35-44,Male,Primary,2004,Divorced,1211,No
2282,Nepal,UAE,Higher Education,Permanent,25-34,Male,Bachelor's,2018,Divorced,571,Yes
2283,Sri Lanka,Canada,Employment,Work,18-24,Male,Master's,2014,Divorced,288,No
2284,India,United States,Permanent Residency,Permanent,25-34,Female,Bachelor's,2006,Divorced,675,Yes
2285,India,Australia,Higher Education,Permanent,18-24,Male,Primary,2013,Single,1433,Yes
2286,Nepal,Malaysia,Marriage/Spouse,Permanent,35-44,Male,Master's,2013,Divorced,525,No
2287,India,United Kingdom,Employment,Work,25-34,Male,Master's,2009,Married,1208,No
2288,Sri Lanka,France,Skilled Worker Visa,Work,25-34,Female,Bachelor's,2009,Divorced,1982,No
2289,Sri Lanka,Malaysia,Permanent Residency,Permanent,45-54,Male,Vocational/Technical,2013,Married,1295,Yes
2290,Pakistan,Norway,Employment,Work,45-54,Male,Primary,2021,Divorced,1464,No
2291,Nepal,Australia,Higher Education,Permanent,35-44,Male,Bachelor's,2023,Married,11211,No
2292,Sri Lanka,Malaysia,Permanent Residency,Permanent,35-44,Male,Secondary,2006,Married,482,Yes
2293,Bangladesh,Norway,Better Quality of Life,Permanent,55+,Male,Master's,2007,Divorced,706,Yes
2294,Bangladesh,Malaysia,Permanent Residency,Permanent,45-54,Male,Vocational/Technical,2025,Married,1963,Yes
2295,Sri Lanka,Oman,Employment,Work,45-54,Male,Master's,2013,Divorced,1312,Yes
2296,Bangladesh,Norway,Economic Hardship,Permanent,25-34,Female,Vocational/Technical,2018,Single,3476,No
2297,India,UAE,Healthcare,Permanent,25-34,Male,Bachelor's,2020,Married,3241,Yes
2298,Sri Lanka,Kuwait,Employment,Work,18-24,Female,Master's,2017,Divorced,5328,Yes
2299,Nepal,Oman,Marriage/Spouse,Permanent,25-34,Female,Vocational/Technical,2023,Married,380,No
2300,Sri Lanka,Japan,Permanent Residency,Permanent,35-44,Male,Primary,2015,Divorced,8241,Yes
2301,India,United States,Family Reunification,Permanent,18-24,Male,Secondary,2016,Married,6494,Yes
2302,Nepal,Canada,Employment,Work,25-34,Male,Bachelor's,2017,Single,3071,No
2303,Sri Lanka,France,Higher Education,Permanent,25-34,Male,PhD,2016,Single,2925,Yes
2304,Pakistan,Italy,Skilled Worker Visa,Work,25-34,Male,PhD,2010,Single,3591,No
2305,Pakistan,UAE,Employment,Work,55+,Female,Master's,2019,Married,508,Yes
2306,Pakistan,Canada,Marriage/Spouse,Permanent,35-44,Male,Bachelor's,2011,Married,718,Yes
2307,Bangladesh,Qatar,Employment,Work,25-34,Male,PhD,2021,Married,849,Yes
2308,Bangladesh,New Zealand,Employment,Work,35-44,Female,Secondary,2024,Married,1949,Yes
2309,Pakistan,Kuwait,Business/Investment,Work,35-44,Male,Secondary,2021,Married,1239,Yes
2310,Sri Lanka,South Korea,Employment,Work,25-34,Male,Master's,2024,Married,209,Yes
2311,Nepal,Saudi Arabia,Economic Hardship,Permanent,45-54,Female,Vocational/Technical,2023,Divorced,1117,Yes
2312,Bangladesh,Japan,Marriage/Spouse,Permanent,25-34,Female,Bachelor's,2015,Married,1061,Yes
2313,Sri Lanka,Canada,Higher Education,Permanent,45-54,Male,Secondary,2019,Married,1313,Yes
2314,Nepal,Oman,Permanent Residency,Permanent,25-34,Male,Vocational/Technical,2022,Single,809,Yes
2315,Bangladesh,New Zealand,Family Reunification,Permanent,18-24,Female,Secondary,2015,Married,1251,No
2316,India,Italy,Better Quality of Life,Permanent,35-44,Female,Vocational/Technical,2015,Married,507,No
2317,Bangladesh,France,Higher Education,Permanent,45-54,Female,Bachelor's,2021,Single,679,Yes
2318,India,South Korea,Employment,Work,18-24,Male,Master's,2025,Married,539,Yes
2319,Nepal,United Kingdom,Permanent Residency,Permanent,55+,Male,Bachelor's,2014,Married,1299,Yes
2320,Bangladesh,Saudi Arabia,Skilled Worker Visa,Work,35-44,Male,Master's,2000,Single,720,Yes
2321,Bangladesh,France,Family Reunification,Permanent,25-34,Male,Bachelor's,2021,Divorced,201,Yes
2322,Nepal,Kuwait,Employment,Work,45-54,Male,Primary,2019,Divorced,434,Yes
2323,India,Norway,Skilled Worker Visa,Work,45-54,Female,Master's,2001,Divorced,597,Yes
2324,Nepal,Kuwait,Employment,Work,25-34,Female,Vocational/Technical,2000,Married,3311,No
2325,Pakistan,Qatar,Skilled Worker Visa,Work,45-54,Male,Secondary,2006,Divorced,372,Yes
2326,Bangladesh,Australia,Permanent Residency,Permanent,25-34,Male,Primary,2004,Married,375,Yes
2327,Bangladesh,Japan,Better Quality of Life,Permanent,35-44,Male,Bachelor's,2021,Single,8402,No
2328,India,Oman,Skilled Worker Visa,Work,35-44,Male,Secondary,2024,Married,2249,Yes
2329,Bangladesh,Kuwait,Skilled Worker Visa,Work,18-24,Male,Secondary,2018,Single,3788,Yes
2330,India,Japan,Refugee/Asylum,Permanent,25-34,Male,Bachelor's,2024,Single,2785,Yes
2331,Bangladesh,Oman,Permanent Residency,Permanent,25-34,Male,Secondary,2018,Married,514,Yes
2332,Nepal,Oman,Family Reunification,Permanent,45-54,Female,PhD,2001,Single,1351,Yes
2333,Nepal,United Kingdom,Employment,Work,25-34,Female,Bachelor's,2023,Single,1362,Yes
2334,Bangladesh,United Kingdom,Family Reunification,Permanent,35-44,Female,Secondary,2004,Single,11435,Yes
2335,Bangladesh,South Korea,Marriage/Spouse,Permanent,25-34,Female,Vocational/Technical,2024,Divorced,372,Yes
2336,India,Oman,Employment,Work,25-34,Female,Bachelor's,2025,Single,877,No
2337,Nepal,Qatar,Business/Investment,Work,25-34,Male,Primary,2020,Married,1136,Yes
2338,Pakistan,United Kingdom,Marriage/Spouse,Permanent,25-34,Male,Secondary,2013,Married,728,No
2339,Pakistan,France,Permanent Residency,Permanent,45-54,Female,Primary,2011,Married,465,Yes
2340,India,Malaysia,Employment,Work,35-44,Male,Bachelor's,2020,Married,3074,Yes
2341,Bangladesh,Germany,Permanent Residency,Permanent,18-24,Male,Primary,2018,Divorced,266,Yes
2342,Nepal,United Kingdom,Higher Education,Permanent,18-24,Male,Master's,2010,Married,1282,No
2343,Bangladesh,South Korea,Skilled Worker Visa,Work,25-34,Male,Secondary,2024,Divorced,548,Yes
2344,Sri Lanka,Malaysia,Family Reunification,Permanent,35-44,Female,Secondary,2022,Single,831,No
2345,Sri Lanka,Australia,Marriage/Spouse,Permanent,25-34,Female,Master's,2012,Married,6568,No
2346,Pakistan,United States,Permanent Residency,Permanent,45-54,Male,Master's,2007,Single,647,Yes
2347,Bangladesh,South Korea,Higher Education,Permanent,35-44,Male,Bachelor's,2013,Married,2190,Yes
2348,Bangladesh,Oman,Marriage/Spouse,Permanent,18-24,Male,Master's,2002,Single,5956,Yes
2349,Nepal,Canada,Business/Investment,Work,25-34,Female,Secondary,2016,Single,394,Yes
2350,Sri Lanka,Japan,Family Reunification,Permanent,25-34,Female,Bachelor's,2020,Single,1473,Yes
2351,India,Kuwait,Employment,Work,25-34,Male,Bachelor's,2015,Single,3510,Yes
2352,Bangladesh,Germany,Employment,Work,45-54,Female,Primary,2023,Divorced,503,Yes
2353,India,Saudi Arabia,Business/Investment,Work,25-34,Male,Secondary,2022,Single,7404,No
2354,Nepal,Germany,Family Reunification,Permanent,55+,Male,Bachelor's,2019,Single,1308,Yes
2355,Bangladesh,United States,Employment,Work,35-44,Female,Primary,2017,Divorced,8942,Yes
2356,Bangladesh,United States,Marriage/Spouse,Permanent,55+,Female,Secondary,2023,Divorced,2024,Yes
2357,Sri Lanka,France,Marriage/Spouse,Permanent,18-24,Female,Master's,2009,Married,1324,Yes
2358,Nepal,United Kingdom,Permanent Residency,Permanent,25-34,Female,Primary,2007,Divorced,794,No
2359,Bangladesh,France,Employment,Work,35-44,Male,Bachelor's,2025,Married,567,Yes
2360,India,United States,Higher Education,Permanent,55+,Male,PhD,2024,Single,508,Yes
2361,Nepal,Malaysia,Marriage/Spouse,Permanent,25-34,Female,Master's,2003,Single,319,Yes
2362,Sri Lanka,Italy,Economic Hardship,Permanent,35-44,Male,PhD,2012,Single,2015,Yes
2363,Bangladesh,New Zealand,Higher Education,Permanent,55+,Male,Vocational/Technical,2025,Single,1491,No
2364,Sri Lanka,UAE,Skilled Worker Visa,Work,55+,Male,Master's,2016,Single,3058,Yes
2365,India,Canada,Marriage/Spouse,Permanent,25-34,Female,Secondary,2012,Married,925,Yes
2366,Pakistan,Saudi Arabia,Employment,Work,25-34,Male,Bachelor's,2016,Divorced,1445,Yes
2367,Pakistan,France,Business/Investment,Work,25-34,Female,Secondary,2003,Married,1877,No
2368,Sri Lanka,Australia,Permanent Residency,Permanent,25-34,Female,Secondary,2025,Divorced,876,No
2369,Pakistan,Kuwait,Political Instability,Permanent,25-34,Male,Bachelor's,2015,Married,2405,No
2370,Bangladesh,Japan,Skilled Worker Visa,Work,55+,Female,Secondary,2006,Married,264,Yes
2371,Sri Lanka,New Zealand,Employment,Work,25-34,Male,PhD,2017,Married,2264,Yes
2372,India,Oman,Employment,Work,18-24,Male,Primary,2008,Single,7167,Yes
2373,Sri Lanka,Italy,Family Reunification,Permanent,45-54,Female,Bachelor's,2020,Single,1117,Yes
2374,India,Qatar,Employment,Work,45-54,Female,Master's,2011,Married,1158,Yes
2375,India,Australia,Employment,Work,35-44,Female,Vocational/Technical,2013,Single,364,No
2376,India,Australia,Skilled Worker Visa,Work,35-44,Male,Bachelor's,2006,Married,561,Yes
2377,Bangladesh,United Kingdom,Better Quality of Life,Permanent,35-44,Male,Master's,2017,Married,367,No
2378,Pakistan,South Korea,Family Reunification,Permanent,45-54,Male,Bachelor's,2022,Divorced,11080,No
2379,Bangladesh,Germany,Higher Education,Permanent,25-34,Female,Vocational/Technical,2025,Married,1234,Yes
2380,Bangladesh,Malaysia,Higher Education,Permanent,35-44,Male,Bachelor's,2007,Divorced,1388,Yes
2381,Sri Lanka,Malaysia,Business/Investment,Work,25-34,Male,Bachelor's,2017,Divorced,390,Yes
2382,India,Canada,Higher Education,Permanent,25-34,Male,Secondary,2010,Married,584,Yes
2383,Nepal,United Kingdom,Employment,Work,25-34,Male,Secondary,2023,Single,2379,Yes
2384,Pakistan,Germany,Family Reunification,Permanent,25-34,Female,Master's,2013,Married,432,Yes
2385,Sri Lanka,Kuwait,Skilled Worker Visa,Work,25-34,Male,Vocational/Technical,2024,Single,2260,No
2386,Sri Lanka,Malaysia,Family Reunification,Permanent,45-54,Male,Master's,2021,Married,400,Yes
2387,Bangladesh,UAE,Skilled Worker Visa,Work,35-44,Male,Secondary,2019,Married,1657,Yes
2388,Pakistan,Malaysia,Better Quality of Life,Permanent,35-44,Female,Bachelor's,2020,Married,793,Yes
2389,Pakistan,Germany,Economic Hardship,Permanent,45-54,Male,Bachelor's,2015,Divorced,286,Yes
2390,Sri Lanka,United States,Family Reunification,Permanent,25-34,Male,Bachelor's,2014,Married,2536,Yes
2391,Bangladesh,Italy,Higher Education,Permanent,18-24,Female,Master's,2002,Married,322,Yes
2392,Sri Lanka,Japan,Employment,Work,25-34,Male,Bachelor's,2002,Single,1063,Yes
2393,Bangladesh,Australia,Family Reunification,Permanent,45-54,Female,Bachelor's,2022,Divorced,1242,No
2394,Bangladesh,Qatar,Healthcare,Permanent,35-44,Male,Bachelor's,2012,Single,1187,Yes
2395,Nepal,Germany,Family Reunification,Permanent,35-44,Male,Secondary,2012,Divorced,533,Yes
2396,Sri Lanka,Japan,Family Reunification,Permanent,35-44,Male,Secondary,2018,Single,1388,Yes
2397,India,New Zealand,Family Reunification,Permanent,55+,Male,Vocational/Technical,2008,Single,246,Yes
2398,Nepal,Saudi Arabia,Economic Hardship,Permanent,45-54,Male,Secondary,2025,Single,2804,Yes
2399,Nepal,Canada,Refugee/Asylum,Permanent,45-54,Female,Bachelor's,2000,Married,347,No
2400,Bangladesh,UAE,Skilled Worker Visa,Work,35-44,Male,Bachelor's,2013,Married,914,Yes
2401,Pakistan,Japan,Marriage/Spouse,Permanent,25-34,Female,Secondary,2003,Single,3291,No
2402,Pakistan,France,Marriage/Spouse,Permanent,45-54,Female,Vocational/Technical,2022,Divorced,2405,Yes
2403,Nepal,Oman,Employment,Work,55+,Male,Vocational/Technical,2012,Single,978,Yes
2404,India,Australia,Higher Education,Permanent,25-34,Male,Bachelor's,2014,Single,910,Yes
2405,Sri Lanka,United Kingdom,Permanent Residency,Permanent,45-54,Female,Master's,2023,Divorced,1190,Yes
2406,Nepal,Norway,Marriage/Spouse,Permanent,25-34,Female,Bachelor's,2016,Single,756,Yes
2407,India,Saudi Arabia,Business/Investment,Work,25-34,Male,Bachelor's,2020,Married,487,No
2408,Sri Lanka,UAE,Skilled Worker Visa,Work,25-34,Male,Bachelor's,2007,Divorced,3212,Yes
2409,Sri Lanka,Saudi Arabia,Employment,Work,25-34,Male,Master's,2023,Single,8622,Yes
2410,Bangladesh,Qatar,Employment,Work,55+,Male,Secondary,2005,Single,490,Yes
2411,Sri Lanka,Malaysia,Skilled Worker Visa,Work,25-34,Male,Bachelor's,2021,Divorced,228,Yes
2412,Sri Lanka,South Korea,Higher Education,Permanent,25-34,Male,Vocational/Technical,2011,Single,3196,Yes
2413,Nepal,United Kingdom,Skilled Worker Visa,Work,45-54,Female,Primary,2010,Married,500,Yes
2414,Nepal,Oman,Employment,Work,55+,Male,Vocational/Technical,2025,Divorced,1219,Yes
2415,Pakistan,Japan,Employment,Work,25-34,Male,Bachelor's,2022,Single,11761,Yes
2416,Pakistan,Norway,Permanent Residency,Permanent,18-24,Female,Master's,2020,Divorced,9318,No
2417,Nepal,Kuwait,Employment,Work,25-34,Male,Bachelor's,2025,Single,7757,No
2418,Pakistan,France,Employment,Work,45-54,Male,Vocational/Technical,2011,Divorced,564,Yes
2419,Sri Lanka,Canada,Permanent Residency,Permanent,25-34,Male,Bachelor's,2023,Single,538,Yes
2420,Pakistan,Norway,Skilled Worker Visa,Work,45-54,Female,Master's,2017,Single,586,No
2421,Bangladesh,South Korea,Employment,Work,35-44,Female,Bachelor's,2019,Single,1154,Yes
2422,Nepal,Norway,Family Reunification,Permanent,55+,Male,PhD,2006,Single,1176,Yes
2423,Sri Lanka,Canada,Higher Education,Permanent,18-24,Male,Secondary,2017,Single,475,Yes
2424,Pakistan,South Korea,Economic Hardship,Permanent,25-34,Female,Master's,2009,Single,872,Yes
2425,Sri Lanka,France,Employment,Work,45-54,Female,Master's,2014,Divorced,234,No
2426,Sri Lanka,UAE,Skilled Worker Visa,Work,18-24,Female,Master's,2012,Single,1505,No
2427,Bangladesh,France,Family Reunification,Permanent,25-34,Male,Bachelor's,2001,Divorced,399,Yes
2428,Nepal,Malaysia,Business/Investment,Work,55+,Female,Vocational/Technical,2007,Married,1147,Yes
2429,Sri Lanka,Qatar,Employment,Work,25-34,Male,Master's,2009,Married,211,Yes
2430,Nepal,UAE,Skilled Worker Visa,Work,35-44,Male,Bachelor's,2017,Single,274,Yes
2431,Bangladesh,France,Higher Education,Permanent,25-34,Male,PhD,2014,Divorced,785,Yes
2432,Nepal,Japan,Permanent Residency,Permanent,25-34,Male,Secondary,2017,Married,2745,Yes
2433,Pakistan,Italy,Family Reunification,Permanent,25-34,Male,PhD,2024,Divorced,406,Yes
2434,Pakistan,Australia,Employment,Work,18-24,Female,Vocational/Technical,2009,Single,2323,Yes
2435,Pakistan,New Zealand,Better Quality of Life,Permanent,18-24,Male,Primary,2020,Divorced,334,Yes
2436,Nepal,Saudi Arabia,Healthcare,Permanent,35-44,Male,Master's,2019,Single,1424,Yes
2437,Pakistan,Oman,Skilled Worker Visa,Work,55+,Male,Bachelor's,2019,Married,667,No
2438,Bangladesh,United Kingdom,Higher Education,Permanent,45-54,Female,Bachelor's,2015,Divorced,884,Yes
2439,Bangladesh,Germany,Employment,Work,45-54,Male,Bachelor's,2017,Married,1138,Yes
2440,Sri Lanka,Oman,Marriage/Spouse,Permanent,35-44,Male,PhD,2018,Divorced,1293,Yes
2441,Sri Lanka,Japan,Better Quality of Life,Permanent,18-24,Female,Secondary,2010,Married,2268,Yes
2442,Nepal,Canada,Employment,Work,45-54,Female,Master's,2011,Married,585,Yes
2443,Nepal,Germany,Family Reunification,Permanent,25-34,Male,Master's,2011,Single,377,Yes
2444,India,South Korea,Permanent Residency,Permanent,55+,Male,Bachelor's,2023,Divorced,722,Yes
2445,Pakistan,United Kingdom,Permanent Residency,Permanent,35-44,Female,Bachelor's,2011,Married,653,Yes
2446,Nepal,Italy,Family Reunification,Permanent,45-54,Female,Bachelor's,2017,Married,1084,Yes
2447,Pakistan,Norway,Marriage/Spouse,Permanent,25-34,Male,Secondary,2013,Married,4007,Yes
2448,Nepal,United States,Refugee/Asylum,Permanent,25-34,Male,Master's,2024,Married,424,No
2449,Nepal,Australia,Skilled Worker Visa,Work,25-34,Male,Bachelor's,2020,Married,304,Yes
2450,Nepal,Malaysia,Marriage/Spouse,Permanent,25-34,Female,Bachelor's,2002,Divorced,345,Yes
2451,Bangladesh,Norway,Higher Education,Permanent,18-24,Female,Bachelor's,2017,Divorced,366,Yes
2452,Nepal,Norway,Permanent Residency,Permanent,45-54,Male,Vocational/Technical,2020,Single,336,Yes
2453,India,Oman,Refugee/Asylum,Permanent,35-44,Male,Bachelor's,2018,Single,655,Yes
2454,Bangladesh,United States,Refugee/Asylum,Permanent,25-34,Male,Secondary,2014,Divorced,3704,Yes
2455,Pakistan,United States,Permanent Residency,Permanent,25-34,Male,Master's,2006,Single,666,Yes
2456,Nepal,Kuwait,Employment,Work,55+,Male,Bachelor's,2019,Married,2136,Yes
2457,Nepal,Germany,Family Reunification,Permanent,18-24,Female,Master's,2014,Divorced,567,No
2458,Sri Lanka,United Kingdom,Higher Education,Permanent,25-34,Male,Vocational/Technical,2025,Single,1265,No
2459,Pakistan,Germany,Skilled Worker Visa,Work,25-34,Male,Secondary,2025,Divorced,1273,Yes
2460,Sri Lanka,Qatar,Skilled Worker Visa,Work,35-44,Male,Secondary,2024,Divorced,417,Yes
2461,Pakistan,Germany,Refugee/Asylum,Permanent,18-24,Male,Master's,2014,Single,396,Yes
2462,Sri Lanka,France,Marriage/Spouse,Permanent,18-24,Male,Master's,2005,Divorced,914,Yes
2463,Nepal,Canada,Higher Education,Permanent,45-54,Female,Bachelor's,2010,Married,3912,No
2464,Sri Lanka,United States,Permanent Residency,Permanent,35-44,Male,Vocational/Technical,2019,Single,3514,Yes
2465,Bangladesh,UAE,Family Reunification,Permanent,25-34,Male,Master's,2019,Divorced,396,No
2466,Sri Lanka,Germany,Higher Education,Permanent,45-54,Male,Bachelor's,2019,Married,369,Yes
2467,Sri Lanka,UAE,Economic Hardship,Permanent,25-34,Male,Bachelor's,2021,Married,1455,No
2468,India,United States,Economic Hardship,Permanent,18-24,Female,Bachelor's,2003,Married,825,Yes
2469,Bangladesh,Canada,Employment,Work,18-24,Male,Bachelor's,2020,Single,430,Yes
2470,Sri Lanka,Kuwait,Family Reunification,Permanent,25-34,Male,Bachelor's,2014,Divorced,2539,Yes
2471,Nepal,France,Employment,Work,35-44,Female,Primary,2019,Single,381,Yes
2472,Pakistan,Canada,Higher Education,Permanent,25-34,Female,Master's,2013,Divorced,965,No
2473,Pakistan,United Kingdom,Better Quality of Life,Permanent,25-34,Male,Secondary,2001,Divorced,2571,No
2474,India,Saudi Arabia,Family Reunification,Permanent,18-24,Male,Secondary,2020,Married,8690,Yes
2475,India,Saudi Arabia,Family Reunification,Permanent,35-44,Male,Master's,2017,Single,418,Yes
2476,Pakistan,Italy,Higher Education,Permanent,25-34,Male,Primary,2003,Divorced,3583,No
2477,India,Oman,Employment,Work,45-54,Male,Secondary,2021,Single,404,No
2478,Nepal,France,Permanent Residency,Permanent,25-34,Male,Secondary,2023,Single,1157,No
2479,Pakistan,South Korea,Family Reunification,Permanent,18-24,Male,Vocational/Technical,2020,Divorced,1128,Yes
2480,Nepal,Kuwait,Employment,Work,35-44,Male,Secondary,2009,Single,2955,Yes
2481,India,United States,Employment,Work,25-34,Male,Primary,2007,Married,785,No
2482,Sri Lanka,United Kingdom,Employment,Work,25-34,Female,Bachelor's,2023,Divorced,633,Yes
2483,Nepal,Oman,Better Quality of Life,Permanent,25-34,Female,Vocational/Technical,2021,Single,1437,Yes
2484,Pakistan,UAE,Employment,Work,18-24,Male,Secondary,2005,Single,534,Yes
2485,Nepal,Japan,Better Quality of Life,Permanent,25-34,Male,Master's,2013,Single,739,Yes
2486,India,Japan,Higher Education,Permanent,25-34,Male,Primary,2022,Married,1386,Yes
2487,Bangladesh,United Kingdom,Permanent Residency,Permanent,25-34,Female,PhD,2018,Divorced,398,Yes
2488,Bangladesh,Qatar,Healthcare,Permanent,35-44,Female,Secondary,2018,Single,310,No
2489,Nepal,New Zealand,Employment,Work,25-34,Male,PhD,2022,Married,1020,No
2490,Pakistan,Australia,Marriage/Spouse,Permanent,55+,Male,Vocational/Technical,2020,Married,255,Yes
2491,Sri Lanka,United States,Economic Hardship,Permanent,25-34,Male,Master's,2023,Married,603,Yes
2492,India,Saudi Arabia,Family Reunification,Permanent,35-44,Male,Vocational/Technical,2011,Single,515,No
2493,Sri Lanka,Qatar,Marriage/Spouse,Permanent,45-54,Male,Primary,2009,Married,226,Yes
2494,Bangladesh,South Korea,Permanent Residency,Permanent,18-24,Male,Secondary,2022,Divorced,2489,Yes
2495,Sri Lanka,Australia,Better Quality of Life,Permanent,25-34,Female,Secondary,2015,Single,1286,Yes
2496,Pakistan,Malaysia,Healthcare,Permanent,35-44,Male,Secondary,2011,Married,479,Yes
2497,Pakistan,Oman,Skilled Worker Visa,Work,25-34,Male,Bachelor's,2009,Married,4093,Yes
2498,Pakistan,Australia,Business/Investment,Work,35-44,Female,Secondary,2019,Single,584,Yes
2499,Sri Lanka,Norway,Economic Hardship,Permanent,25-34,Female,Master's,2020,Single,250,Yes
2500,Sri Lanka,Germany,Family Reunification,Permanent,35-44,Male,Vocational/Technical,2011,Married,6055,Yes
2501,Bangladesh,Saudi Arabia,Higher Education,Permanent,25-34,Male,Bachelor's,2012,Divorced,1380,Yes
2502,Sri Lanka,France,Marriage/Spouse,Permanent,45-54,Female,Bachelor's,2021,Married,3138,No
2503,India,Qatar,Healthcare,Permanent,35-44,Male,Master's,2009,Married,964,No
2504,Pakistan,UAE,Permanent Residency,Permanent,45-54,Male,Secondary,2021,Divorced,406,Yes
2505,Bangladesh,Malaysia,Employment,Work,45-54,Female,Master's,2012,Single,580,Yes
2506,India,Kuwait,Skilled Worker Visa,Work,35-44,Male,Bachelor's,2017,Single,9711,Yes
2507,Sri Lanka,South Korea,Higher Education,Permanent,35-44,Male,Vocational/Technical,2020,Single,1308,Yes
2508,Sri Lanka,Oman,Business/Investment,Work,45-54,Male,Bachelor's,2023,Single,3670,Yes
2509,Bangladesh,United Kingdom,Permanent Residency,Permanent,35-44,Female,Primary,2006,Single,560,Yes
2510,Nepal,Saudi Arabia,Family Reunification,Permanent,25-34,Male,Secondary,2023,Divorced,310,Yes
2511,India,France,Skilled Worker Visa,Work,45-54,Female,Master's,2005,Single,1227,No
2512,Pakistan,Qatar,Higher Education,Permanent,35-44,Male,Bachelor's,2016,Single,554,Yes
2513,Sri Lanka,Kuwait,Employment,Work,25-34,Male,Secondary,2008,Married,482,No
2514,India,UAE,Employment,Work,25-34,Female,Bachelor's,2016,Single,3080,Yes
2515,Sri Lanka,Malaysia,Permanent Residency,Permanent,25-34,Female,Secondary,2000,Divorced,1153,Yes
2516,Pakistan,United Kingdom,Refugee/Asylum,Permanent,25-34,Female,Master's,2005,Married,882,Yes
2517,Bangladesh,Oman,Skilled Worker Visa,Work,35-44,Female,Secondary,2024,Divorced,1173,No
2518,Nepal,Canada,Employment,Work,45-54,Male,Secondary,2018,Divorced,790,Yes
2519,Bangladesh,UAE,Skilled Worker Visa,Work,25-34,Male,Primary,2023,Divorced,372,Yes
2520,Sri Lanka,UAE,Employment,Work,25-34,Male,Secondary,2012,Married,1002,Yes
2521,Bangladesh,Germany,Permanent Residency,Permanent,35-44,Male,Bachelor's,2017,Married,1766,Yes
2522,Nepal,Norway,Skilled Worker Visa,Work,35-44,Female,Primary,2021,Divorced,656,Yes
2523,Sri Lanka,New Zealand,Family Reunification,Permanent,35-44,Male,Bachelor's,2012,Married,3762,Yes
2524,Pakistan,Japan,Family Reunification,Permanent,35-44,Male,Vocational/Technical,2018,Married,432,No
2525,Sri Lanka,New Zealand,Business/Investment,Work,25-34,Male,Bachelor's,2021,Single,2188,Yes
2526,India,UAE,Marriage/Spouse,Permanent,45-54,Female,Secondary,2020,Divorced,517,Yes
2527,India,Kuwait,Employment,Work,45-54,Male,PhD,2016,Married,764,Yes
2528,Bangladesh,Germany,Marriage/Spouse,Permanent,35-44,Female,PhD,2021,Married,3865,Yes
2529,Nepal,Oman,Employment,Work,18-24,Male,Bachelor's,2018,Divorced,265,Yes
2530,Nepal,Kuwait,Skilled Worker Visa,Work,55+,Male,Vocational/Technical,2025,Single,937,Yes
2531,Sri Lanka,Malaysia,Family Reunification,Permanent,25-34,Female,Primary,2002,Divorced,3662,Yes
2532,Sri Lanka,South Korea,Better Quality of Life,Permanent,18-24,Male,Master's,2015,Single,698,Yes
2533,Pakistan,Malaysia,Permanent Residency,Permanent,35-44,Male,Bachelor's,2024,Married,3573,Yes
2534,Pakistan,Italy,Higher Education,Permanent,25-34,Female,Secondary,2015,Single,3039,Yes
2535,Bangladesh,Germany,Higher Education,Permanent,35-44,Female,Master's,2022,Married,339,Yes
2536,Nepal,United Kingdom,Higher Education,Permanent,18-24,Male,Bachelor's,2025,Divorced,11480,Yes
2537,Bangladesh,Japan,Marriage/Spouse,Permanent,18-24,Male,Bachelor's,2025,Single,10162,Yes
2538,Sri Lanka,Malaysia,Business/Investment,Work,45-54,Male,PhD,2023,Single,325,Yes
2539,Pakistan,Norway,Employment,Work,25-34,Female,Secondary,2016,Divorced,736,No
2540,India,Germany,Permanent Residency,Permanent,18-24,Female,Secondary,2019,Divorced,388,Yes
2541,Nepal,Oman,Higher Education,Permanent,45-54,Male,Vocational/Technical,2015,Single,797,Yes
2542,Sri Lanka,Australia,Skilled Worker Visa,Work,25-34,Male,Vocational/Technical,2020,Divorced,359,Yes
2543,India,New Zealand,Permanent Residency,Permanent,18-24,Female,Bachelor's,2005,Married,497,Yes
2544,India,Norway,Employment,Work,45-54,Male,Vocational/Technical,2014,Divorced,617,No
2545,Bangladesh,Germany,Healthcare,Permanent,25-34,Female,PhD,2016,Single,564,No
2546,Nepal,New Zealand,Permanent Residency,Permanent,35-44,Female,Secondary,2011,Single,406,Yes
2547,Bangladesh,Canada,Family Reunification,Permanent,35-44,Male,Secondary,2020,Single,3882,No
2548,Nepal,United States,Family Reunification,Permanent,45-54,Male,Bachelor's,2023,Married,789,Yes
2549,Pakistan,Japan,Employment,Work,25-34,Male,Vocational/Technical,2012,Single,390,Yes
2550,Pakistan,Canada,Employment,Work,55+,Male,Vocational/Technical,2017,Single,320,No
2551,Bangladesh,Saudi Arabia,Employment,Work,45-54,Male,Master's,2015,Single,1386,No
2552,Pakistan,Canada,Employment,Work,35-44,Male,Master's,2013,Single,538,Yes
2553,Nepal,Germany,Family Reunification,Permanent,35-44,Female,Vocational/Technical,2011,Single,2892,Yes
2554,Sri Lanka,United States,Marriage/Spouse,Permanent,25-34,Female,Secondary,2021,Married,2683,Yes
2555,India,Saudi Arabia,Permanent Residency,Permanent,25-34,Male,Primary,2023,Married,1302,Yes
2556,Bangladesh,New Zealand,Better Quality of Life,Permanent,35-44,Female,Secondary,2019,Married,2207,Yes
2557,Pakistan,New Zealand,Skilled Worker Visa,Work,35-44,Male,Bachelor's,2023,Married,7447,Yes
2558,Nepal,Norway,Better Quality of Life,Permanent,25-34,Male,Vocational/Technical,2006,Single,2578,Yes
2559,India,New Zealand,Marriage/Spouse,Permanent,25-34,Male,Secondary,2016,Married,4523,Yes
2560,India,Australia,Marriage/Spouse,Permanent,18-24,Male,Bachelor's,2014,Married,1368,Yes
2561,Sri Lanka,France,Refugee/Asylum,Permanent,45-54,Female,Secondary,2013,Married,206,No
2562,Pakistan,Australia,Higher Education,Permanent,25-34,Female,Vocational/Technical,2024,Single,865,Yes
2563,Pakistan,Oman,Employment,Work,25-34,Male,Bachelor's,2014,Single,3141,No
2564,Nepal,Australia,Family Reunification,Permanent,35-44,Female,Secondary,2016,Single,704,Yes
2565,Bangladesh,Italy,Higher Education,Permanent,55+,Male,Secondary,2019,Single,10784,No
2566,Pakistan,Oman,Skilled Worker Visa,Work,35-44,Male,Primary,2021,Married,1656,Yes
2567,India,Saudi Arabia,Better Quality of Life,Permanent,25-34,Female,Master's,2025,Married,3776,Yes
2568,Pakistan,Japan,Family Reunification,Permanent,35-44,Female,Primary,2012,Divorced,1816,Yes
2569,India,New Zealand,Economic Hardship,Permanent,35-44,Female,Secondary,2012,Married,393,Yes
2570,Bangladesh,New Zealand,Permanent Residency,Permanent,18-24,Male,PhD,2021,Divorced,992,Yes
2571,Pakistan,France,Employment,Work,55+,Male,Secondary,2022,Married,3303,Yes
2572,Nepal,Australia,Employment,Work,35-44,Female,Secondary,2019,Single,1230,Yes
2573,Nepal,New Zealand,Employment,Work,25-34,Male,Secondary,2012,Married,919,Yes
2574,Bangladesh,Oman,Employment,Work,45-54,Male,Bachelor's,2022,Divorced,1085,Yes
2575,Sri Lanka,Malaysia,Skilled Worker Visa,Work,25-34,Male,Bachelor's,2018,Single,3110,Yes
2576,Sri Lanka,Canada,Employment,Work,35-44,Female,Vocational/Technical,2008,Married,1107,Yes
2577,Bangladesh,South Korea,Employment,Work,25-34,Male,Master's,2010,Married,257,Yes
2578,Pakistan,UAE,Employment,Work,18-24,Male,Master's,2012,Single,999,No
2579,Bangladesh,France,Permanent Residency,Permanent,25-34,Male,Bachelor's,2016,Divorced,446,Yes
2580,India,Norway,Skilled Worker Visa,Work,18-24,Male,Secondary,2005,Single,529,Yes
2581,India,UAE,Business/Investment,Work,35-44,Male,Bachelor's,2015,Single,882,Yes
2582,Pakistan,France,Employment,Work,35-44,Male,Vocational/Technical,2014,Divorced,4912,Yes
2583,India,Germany,Refugee/Asylum,Permanent,25-34,Male,Bachelor's,2003,Single,553,No
2584,Bangladesh,Kuwait,Family Reunification,Permanent,18-24,Male,Bachelor's,2018,Divorced,4731,Yes
2585,Bangladesh,UAE,Employment,Work,35-44,Male,Secondary,2015,Married,1123,Yes
2586,Bangladesh,South Korea,Employment,Work,18-24,Male,Secondary,2013,Married,282,Yes
2587,Pakistan,Saudi Arabia,Employment,Work,35-44,Male,Primary,2013,Divorced,3312,Yes
2588,Sri Lanka,Qatar,Permanent Residency,Permanent,35-44,Male,Secondary,2012,Divorced,1360,No
2589,Sri Lanka,Canada,Better Quality of Life,Permanent,55+,Male,Master's,2017,Divorced,1015,No
2590,Pakistan,South Korea,Permanent Residency,Permanent,25-34,Male,Secondary,2022,Single,884,No
2591,Bangladesh,New Zealand,Permanent Residency,Permanent,18-24,Male,Bachelor's,2023,Divorced,248,Yes
2592,Nepal,France,Permanent Residency,Permanent,25-34,Female,Vocational/Technical,2008,Divorced,337,Yes
2593,Pakistan,Japan,Permanent Residency,Permanent,25-34,Male,Secondary,2014,Single,3431,Yes
2594,India,Oman,Family Reunification,Permanent,55+,Male,Bachelor's,2018,Married,630,No
2595,India,Australia,Marriage/Spouse,Permanent,18-24,Male,Secondary,2020,Single,798,No
2596,Bangladesh,Malaysia,Employment,Work,35-44,Female,Bachelor's,2002,Divorced,2034,Yes
2597,Pakistan,United Kingdom,Economic Hardship,Permanent,18-24,Male,Bachelor's,2019,Divorced,3208,Yes
2598,Sri Lanka,New Zealand,Family Reunification,Permanent,25-34,Female,Bachelor's,2010,Single,439,Yes
2599,Nepal,Germany,Permanent Residency,Permanent,25-34,Female,Vocational/Technical,2021,Single,3284,No
2600,Pakistan,South Korea,Permanent Residency,Permanent,25-34,Male,Master's,2017,Single,364,Yes
2601,India,France,Skilled Worker Visa,Work,35-44,Male,Bachelor's,2012,Single,698,Yes
2602,Nepal,New Zealand,Better Quality of Life,Permanent,35-44,Male,Secondary,2015,Divorced,382,Yes
2603,India,Germany,Skilled Worker Visa,Work,45-54,Male,Vocational/Technical,2022,Divorced,919,No
2604,Pakistan,South Korea,Business/Investment,Work,25-34,Male,Secondary,2012,Single,264,Yes
2605,Bangladesh,Germany,Employment,Work,25-34,Female,Master's,2023,Divorced,1290,Yes
2606,Bangladesh,Qatar,Employment,Work,25-34,Male,Bachelor's,2001,Divorced,337,No
2607,Nepal,Canada,Political Instability,Permanent,35-44,Female,Secondary,2017,Married,1458,Yes
2608,Bangladesh,Japan,Family Reunification,Permanent,35-44,Male,Master's,2018,Married,223,No
2609,Nepal,Japan,Higher Education,Permanent,25-34,Female,Bachelor's,2021,Single,2404,Yes
2610,India,United States,Family Reunification,Permanent,25-34,Male,Master's,2022,Divorced,3005,Yes
2611,Bangladesh,Malaysia,Family Reunification,Permanent,25-34,Male,Master's,2005,Single,1199,No
2612,India,Germany,Marriage/Spouse,Permanent,25-34,Female,Bachelor's,2020,Single,914,Yes
2613,Bangladesh,Australia,Better Quality of Life,Permanent,55+,Male,Secondary,2017,Divorced,1464,No
2614,Sri Lanka,France,Business/Investment,Work,18-24,Female,Master's,2017,Married,201,Yes
2615,Bangladesh,Norway,Better Quality of Life,Permanent,35-44,Female,Vocational/Technical,2016,Married,3424,Yes
2616,Pakistan,United States,Marriage/Spouse,Permanent,35-44,Male,Primary,2007,Divorced,379,Yes
2617,Pakistan,UAE,Employment,Work,25-34,Male,Secondary,2019,Married,388,Yes
2618,Nepal,United States,Higher Education,Permanent,18-24,Female,PhD,2010,Single,596,Yes
2619,Sri Lanka,South Korea,Permanent Residency,Permanent,25-34,Male,Bachelor's,2017,Divorced,1151,Yes
2620,Bangladesh,Germany,Refugee/Asylum,Permanent,35-44,Male,Vocational/Technical,2018,Divorced,317,Yes
2621,Sri Lanka,Japan,Employment,Work,18-24,Male,Bachelor's,2020,Divorced,1283,Yes
2622,Sri Lanka,South Korea,Permanent Residency,Permanent,35-44,Male,Bachelor's,2009,Single,912,No
2623,India,Malaysia,Employment,Work,35-44,Female,Vocational/Technical,2024,Single,412,Yes
2624,Sri Lanka,United Kingdom,Higher Education,Permanent,45-54,Male,Master's,2024,Divorced,343,Yes
2625,Nepal,Australia,Employment,Work,25-34,Female,Secondary,2017,Divorced,294,Yes
2626,India,Malaysia,Higher Education,Permanent,45-54,Female,Primary,2021,Married,2677,Yes
2627,India,UAE,Employment,Work,25-34,Female,Master's,2014,Married,1239,Yes
2628,Sri Lanka,Norway,Refugee/Asylum,Permanent,25-34,Male,Vocational/Technical,2016,Married,542,No
2629,India,New Zealand,Employment,Work,25-34,Female,Secondary,2017,Married,789,Yes
2630,Bangladesh,Kuwait,Skilled Worker Visa,Work,25-34,Male,Vocational/Technical,2007,Married,840,Yes
2631,Bangladesh,Kuwait,Refugee/Asylum,Permanent,18-24,Male,Master's,2011,Single,554,Yes
2632,Sri Lanka,Germany,Higher Education,Permanent,35-44,Female,Secondary,2023,Married,5328,Yes
2633,Sri Lanka,Qatar,Family Reunification,Permanent,25-34,Male,Master's,2001,Married,640,Yes
2634,Sri Lanka,Kuwait,Higher Education,Permanent,25-34,Male,Vocational/Technical,2021,Married,634,Yes
2635,Nepal,UAE,Permanent Residency,Permanent,55+,Male,Master's,2014,Single,852,No
2636,Nepal,Oman,Marriage/Spouse,Permanent,18-24,Male,Master's,2013,Married,813,Yes
2637,Pakistan,United Kingdom,Skilled Worker Visa,Work,35-44,Male,Bachelor's,2008,Married,405,Yes
2638,Nepal,New Zealand,Skilled Worker Visa,Work,55+,Male,Secondary,2013,Married,3021,No
2639,Nepal,France,Better Quality of Life,Permanent,25-34,Female,Secondary,2014,Married,2289,Yes
2640,Bangladesh,Norway,Better Quality of Life,Permanent,25-34,Male,Primary,2011,Married,1162,Yes
2641,Nepal,United Kingdom,Marriage/Spouse,Permanent,35-44,Female,Secondary,2024,Married,2074,No
2642,Nepal,United Kingdom,Employment,Work,25-34,Female,Bachelor's,2016,Single,237,Yes
2643,Nepal,UAE,Permanent Residency,Permanent,25-34,Male,Master's,2009,Married,10119,Yes
2644,Sri Lanka,Canada,Family Reunification,Permanent,45-54,Male,Bachelor's,2020,Married,11948,Yes
2645,Bangladesh,Canada,Employment,Work,25-34,Male,Master's,2019,Divorced,1057,Yes
2646,Pakistan,United States,Higher Education,Permanent,25-34,Male,Vocational/Technical,2025,Married,1801,Yes
2647,Sri Lanka,Kuwait,Marriage/Spouse,Permanent,25-34,Male,Secondary,2006,Married,630,Yes
2648,Sri Lanka,Germany,Higher Education,Permanent,55+,Female,Secondary,2021,Single,281,Yes
2649,India,Qatar,Employment,Work,18-24,Female,Bachelor's,2006,Married,769,Yes
2650,Nepal,Japan,Refugee/Asylum,Permanent,25-34,Female,Bachelor's,2006,Single,3821,Yes
2651,Pakistan,Kuwait,Employment,Work,18-24,Male,Vocational/Technical,2017,Married,1181,Yes
2652,Pakistan,Qatar,Family Reunification,Permanent,25-34,Male,Secondary,2015,Divorced,2018,Yes
2653,Sri Lanka,South Korea,Marriage/Spouse,Permanent,25-34,Male,Master's,2021,Married,3477,Yes
2654,India,France,Family Reunification,Permanent,35-44,Male,Bachelor's,2014,Single,924,Yes
2655,Bangladesh,Italy,Family Reunification,Permanent,18-24,Female,Bachelor's,2002,Single,840,No
2656,Pakistan,Canada,Family Reunification,Permanent,35-44,Female,Bachelor's,2022,Married,1373,Yes
2657,Bangladesh,Malaysia,Skilled Worker Visa,Work,25-34,Male,PhD,2009,Divorced,734,Yes
2658,Bangladesh,Kuwait,Employment,Work,45-54,Male,Master's,2022,Single,1126,Yes
2659,India,Germany,Family Reunification,Permanent,18-24,Male,Secondary,2022,Single,378,Yes
2660,India,Malaysia,Skilled Worker Visa,Work,55+,Female,PhD,2018,Single,1024,Yes
2661,India,France,Family Reunification,Permanent,25-34,Male,Master's,2004,Single,1022,No
2662,Pakistan,Qatar,Employment,Work,35-44,Male,Secondary,2014,Divorced,881,Yes
2663,India,Qatar,Marriage/Spouse,Permanent,35-44,Male,Secondary,2023,Married,1059,Yes
2664,India,United States,Skilled Worker Visa,Work,45-54,Male,Master's,2008,Married,458,No
2665,Pakistan,United States,Family Reunification,Permanent,18-24,Male,Vocational/Technical,2014,Single,210,Yes
2666,Pakistan,Saudi Arabia,Healthcare,Permanent,35-44,Male,Secondary,2022,Divorced,247,Yes
2667,Nepal,Saudi Arabia,Family Reunification,Permanent,35-44,Male,Primary,2024,Married,240,Yes
2668,Nepal,Japan,Employment,Work,18-24,Female,Secondary,2019,Single,2928,Yes
2669,Bangladesh,France,Family Reunification,Permanent,35-44,Female,Vocational/Technical,2024,Single,1434,Yes
2670,India,United States,Employment,Work,35-44,Female,Bachelor's,2021,Single,866,Yes
2671,Pakistan,Italy,Marriage/Spouse,Permanent,35-44,Male,Vocational/Technical,2022,Divorced,574,Yes
2672,India,Germany,Political Instability,Permanent,25-34,Male,Bachelor's,2016,Divorced,1377,Yes
2673,Sri Lanka,Malaysia,Family Reunification,Permanent,45-54,Male,Bachelor's,2023,Divorced,3993,Yes
2674,Sri Lanka,Italy,Higher Education,Permanent,35-44,Female,Secondary,2011,Married,428,Yes
2675,Sri Lanka,Germany,Permanent Residency,Permanent,25-34,Male,Bachelor's,2020,Single,857,Yes
2676,India,Germany,Higher Education,Permanent,45-54,Male,Master's,2021,Married,380,Yes
2677,Nepal,Norway,Better Quality of Life,Permanent,25-34,Male,Primary,2022,Married,520,Yes
2678,Sri Lanka,Oman,Employment,Work,18-24,Female,PhD,2020,Married,856,Yes
2679,Sri Lanka,Oman,Healthcare,Permanent,25-34,Male,Master's,2021,Married,1464,Yes
2680,India,Oman,Political Instability,Permanent,55+,Male,Secondary,2012,Single,927,Yes
2681,Bangladesh,Kuwait,Family Reunification,Permanent,18-24,Male,Master's,2023,Married,10836,Yes
2682,Sri Lanka,Canada,Refugee/Asylum,Permanent,35-44,Male,Bachelor's,2017,Married,2621,Yes
2683,Bangladesh,Malaysia,Higher Education,Permanent,55+,Male,Vocational/Technical,2011,Divorced,1719,No
2684,Nepal,Australia,Business/Investment,Work,35-44,Male,Master's,2014,Divorced,11452,Yes
2685,India,Norway,Business/Investment,Work,45-54,Male,Master's,2020,Single,1756,Yes
2686,Sri Lanka,Malaysia,Employment,Work,55+,Female,Bachelor's,2010,Single,956,No
2687,Bangladesh,Germany,Higher Education,Permanent,55+,Male,Bachelor's,2021,Divorced,1922,Yes
2688,Sri Lanka,South Korea,Employment,Work,18-24,Female,Bachelor's,2010,Divorced,1496,Yes
2689,India,Saudi Arabia,Employment,Work,55+,Male,Bachelor's,2015,Single,2896,Yes
2690,Nepal,United States,Marriage/Spouse,Permanent,45-54,Male,Bachelor's,2022,Married,3989,Yes
2691,Nepal,New Zealand,Permanent Residency,Permanent,35-44,Female,Primary,2022,Single,691,No
2692,India,United States,Higher Education,Permanent,18-24,Male,Bachelor's,2018,Divorced,300,Yes
2693,Nepal,Saudi Arabia,Skilled Worker Visa,Work,35-44,Male,Secondary,2019,Married,295,Yes
2694,Sri Lanka,Qatar,Skilled Worker Visa,Work,18-24,Male,Secondary,2006,Divorced,2262,No
2695,India,New Zealand,Family Reunification,Permanent,18-24,Male,Bachelor's,2011,Single,2810,Yes
2696,Nepal,Germany,Family Reunification,Permanent,45-54,Male,Bachelor's,2005,Single,735,No
2697,Bangladesh,Germany,Employment,Work,45-54,Male,PhD,2025,Married,739,Yes
2698,India,Italy,Higher Education,Permanent,18-24,Male,Vocational/Technical,2008,Single,559,Yes
2699,Pakistan,Italy,Permanent Residency,Permanent,25-34,Male,Secondary,2006,Single,579,Yes
2700,Bangladesh,Italy,Higher Education,Permanent,45-54,Male,Bachelor's,2004,Divorced,8176,Yes
2701,Sri Lanka,Italy,Permanent Residency,Permanent,25-34,Female,Secondary,2015,Married,2483,No
2702,Sri Lanka,Norway,Marriage/Spouse,Permanent,35-44,Female,Primary,2015,Divorced,543,Yes
2703,Sri Lanka,Oman,Marriage/Spouse,Permanent,35-44,Male,Master's,2015,Married,425,Yes
2704,Bangladesh,UAE,Healthcare,Permanent,55+,Male,PhD,2009,Married,3342,Yes
2705,Bangladesh,Canada,Family Reunification,Permanent,35-44,Male,Primary,2005,Divorced,1935,No
2706,Bangladesh,New Zealand,Refugee/Asylum,Permanent,25-34,Female,Primary,2022,Married,1086,Yes
2707,India,Qatar,Family Reunification,Permanent,25-34,Male,Bachelor's,2019,Single,432,No
2708,Pakistan,United States,Skilled Worker Visa,Work,35-44,Male,Secondary,2023,Single,841,Yes
2709,Bangladesh,United States,Political Instability,Permanent,45-54,Female,Secondary,2010,Divorced,1375,Yes
2710,India,France,Family Reunification,Permanent,25-34,Male,Secondary,2003,Married,3850,Yes
2711,Bangladesh,United Kingdom,Skilled Worker Visa,Work,45-54,Male,Bachelor's,2004,Married,3245,Yes
2712,Sri Lanka,Australia,Skilled Worker Visa,Work,35-44,Male,Bachelor's,2021,Divorced,2301,Yes
2713,Nepal,Germany,Skilled Worker Visa,Work,25-34,Female,Vocational/Technical,2025,Divorced,2440,Yes
2714,Bangladesh,Qatar,Skilled Worker Visa,Work,55+,Female,Vocational/Technical,2008,Divorced,319,Yes
2715,Pakistan,Italy,Marriage/Spouse,Permanent,45-54,Male,Bachelor's,2015,Married,1314,Yes
2716,Bangladesh,Oman,Skilled Worker Visa,Work,25-34,Male,Secondary,2019,Single,4181,Yes
2717,Sri Lanka,New Zealand,Higher Education,Permanent,45-54,Female,Primary,2023,Divorced,1220,Yes
2718,India,Australia,Higher Education,Permanent,18-24,Male,Master's,2016,Divorced,3493,Yes
2719,India,Norway,Skilled Worker Visa,Work,35-44,Female,Master's,2017,Married,819,Yes
2720,Nepal,United States,Family Reunification,Permanent,25-34,Male,Bachelor's,2013,Single,3694,Yes
2721,Bangladesh,Malaysia,Employment,Work,45-54,Female,Bachelor's,2022,Married,3596,No
2722,Nepal,Italy,Employment,Work,45-54,Female,Bachelor's,2010,Married,991,Yes
2723,Nepal,Norway,Skilled Worker Visa,Work,18-24,Male,Master's,2016,Single,246,Yes
2724,Pakistan,Australia,Better Quality of Life,Permanent,25-34,Female,Vocational/Technical,2020,Divorced,590,Yes
2725,Nepal,United Kingdom,Higher Education,Permanent,45-54,Female,Vocational/Technical,2000,Married,1463,Yes
2726,Nepal,Saudi Arabia,Employment,Work,35-44,Male,Vocational/Technical,2012,Married,1264,Yes
2727,Nepal,UAE,Employment,Work,25-34,Male,Bachelor's,2023,Single,396,Yes
2728,Pakistan,France,Higher Education,Permanent,25-34,Male,Secondary,2005,Married,482,No
2729,Pakistan,South Korea,Family Reunification,Permanent,35-44,Female,Master's,2018,Divorced,1072,No
2730,Sri Lanka,New Zealand,Permanent Residency,Permanent,35-44,Male,Secondary,2018,Divorced,1570,No
2731,Nepal,Kuwait,Higher Education,Permanent,18-24,Male,PhD,2020,Divorced,2580,No
2732,Bangladesh,Saudi Arabia,Employment,Work,25-34,Male,Bachelor's,2010,Married,502,Yes
2733,Sri Lanka,Italy,Skilled Worker Visa,Work,25-34,Male,Bachelor's,2016,Single,8971,No
2734,Bangladesh,Australia,Refugee/Asylum,Permanent,45-54,Male,Secondary,2008,Single,2939,Yes
2735,Pakistan,South Korea,Skilled Worker Visa,Work,45-54,Male,Vocational/Technical,2014,Single,244,Yes
2736,Sri Lanka,UAE,Marriage/Spouse,Permanent,18-24,Female,Secondary,2016,Divorced,907,Yes
2737,Bangladesh,Qatar,Business/Investment,Work,45-54,Male,Master's,2019,Single,3230,Yes
2738,Pakistan,Japan,Higher Education,Permanent,25-34,Male,Master's,2015,Single,11211,Yes
2739,Nepal,Japan,Higher Education,Permanent,55+,Male,Vocational/Technical,2013,Married,587,Yes
2740,Nepal,South Korea,Family Reunification,Permanent,35-44,Male,Bachelor's,2021,Single,530,No
2741,Bangladesh,Saudi Arabia,Economic Hardship,Permanent,35-44,Male,Secondary,2013,Married,8083,Yes
2742,Nepal,Oman,Skilled Worker Visa,Work,35-44,Male,Bachelor's,2017,Single,234,Yes
2743,Bangladesh,Malaysia,Family Reunification,Permanent,35-44,Male,Secondary,2017,Single,2729,Yes
2744,Pakistan,Kuwait,Employment,Work,18-24,Male,Secondary,2024,Married,615,Yes
2745,India,Malaysia,Business/Investment,Work,25-34,Male,Vocational/Technical,2001,Single,312,Yes
2746,Pakistan,United Kingdom,Family Reunification,Permanent,18-24,Male,PhD,2021,Divorced,1322,Yes
2747,Nepal,Malaysia,Marriage/Spouse,Permanent,55+,Female,Secondary,2024,Married,297,Yes
2748,Sri Lanka,Italy,Employment,Work,25-34,Male,Secondary,2023,Single,992,Yes
2749,Pakistan,Saudi Arabia,Employment,Work,35-44,Male,Bachelor's,2025,Single,296,Yes
2750,Nepal,Saudi Arabia,Employment,Work,55+,Male,Bachelor's,2009,Divorced,1142,No
2751,India,Canada,Marriage/Spouse,Permanent,18-24,Male,Secondary,2025,Married,8372,Yes
2752,Pakistan,Germany,Permanent Residency,Permanent,25-34,Female,Vocational/Technical,2016,Married,337,Yes
2753,Pakistan,UAE,Business/Investment,Work,18-24,Male,PhD,2012,Married,443,Yes
2754,India,United Kingdom,Permanent Residency,Permanent,35-44,Female,Secondary,2015,Divorced,718,No
2755,Pakistan,UAE,Employment,Work,25-34,Male,Vocational/Technical,2020,Married,1219,Yes
2756,India,Canada,Business/Investment,Work,45-54,Male,Bachelor's,2025,Single,957,Yes
2757,Nepal,Germany,Permanent Residency,Permanent,18-24,Female,Bachelor's,2025,Divorced,4838,No
2758,Sri Lanka,United Kingdom,Employment,Work,25-34,Male,Secondary,2022,Married,1676,Yes
2759,Nepal,Japan,Permanent Residency,Permanent,25-34,Female,Master's,2010,Single,257,Yes
2760,Pakistan,Kuwait,Family Reunification,Permanent,35-44,Male,Primary,2022,Single,9184,Yes
2761,Bangladesh,Canada,Family Reunification,Permanent,35-44,Female,Bachelor's,2007,Divorced,1204,Yes
2762,Bangladesh,Germany,Family Reunification,Permanent,55+,Female,Vocational/Technical,2003,Divorced,528,Yes
2763,India,France,Permanent Residency,Permanent,35-44,Male,Vocational/Technical,2020,Married,1149,No
2764,Nepal,United Kingdom,Business/Investment,Work,45-54,Female,Vocational/Technical,2018,Divorced,10200,Yes
2765,Sri Lanka,Oman,Employment,Work,18-24,Male,Master's,2025,Married,202,Yes
2766,Sri Lanka,Norway,Family Reunification,Permanent,25-34,Male,Bachelor's,2011,Single,1014,Yes
2767,Pakistan,Germany,Business/Investment,Work,18-24,Male,Master's,2020,Single,2172,Yes
2768,Bangladesh,Germany,Marriage/Spouse,Permanent,45-54,Female,Secondary,2012,Single,1141,Yes
2769,Bangladesh,Norway,Better Quality of Life,Permanent,25-34,Female,Bachelor's,2025,Married,1300,No
2770,Pakistan,Saudi Arabia,Employment,Work,25-34,Male,Master's,2022,Single,647,Yes
2771,India,Italy,Higher Education,Permanent,25-34,Female,Master's,2008,Single,1090,Yes
2772,Bangladesh,UAE,Business/Investment,Work,25-34,Male,Vocational/Technical,2008,Married,982,Yes
2773,Pakistan,Italy,Employment,Work,45-54,Male,Vocational/Technical,2024,Single,3391,Yes
2774,Nepal,Oman,Healthcare,Permanent,55+,Male,Secondary,2014,Divorced,778,Yes
2775,Bangladesh,Australia,Family Reunification,Permanent,35-44,Female,PhD,2008,Divorced,266,Yes
2776,Nepal,Australia,Higher Education,Permanent,35-44,Female,Primary,2020,Single,1213,No
2777,Bangladesh,United Kingdom,Business/Investment,Work,25-34,Female,Bachelor's,2020,Single,286,Yes
2778,Pakistan,UAE,Family Reunification,Permanent,18-24,Female,Master's,2012,Single,579,No
2779,Bangladesh,UAE,Employment,Work,35-44,Male,Bachelor's,2019,Single,1817,Yes
2780,Pakistan,Qatar,Family Reunification,Permanent,35-44,Male,Primary,2023,Divorced,1480,Yes
2781,Bangladesh,Oman,Skilled Worker Visa,Work,45-54,Male,PhD,2024,Single,4733,Yes
2782,Sri Lanka,New Zealand,Skilled Worker Visa,Work,35-44,Male,Vocational/Technical,2018,Married,1492,Yes
2783,Sri Lanka,United States,Employment,Work,35-44,Male,Master's,2023,Married,10595,Yes
2784,Sri Lanka,Kuwait,Marriage/Spouse,Permanent,18-24,Female,Bachelor's,2012,Single,11149,No
2785,India,Italy,Better Quality of Life,Permanent,25-34,Male,Master's,2020,Divorced,507,No
2786,Pakistan,Saudi Arabia,Employment,Work,25-34,Male,Bachelor's,2021,Single,1430,Yes
2787,Pakistan,Saudi Arabia,Employment,Work,18-24,Male,Vocational/Technical,2011,Married,737,Yes
2788,Sri Lanka,South Korea,Better Quality of Life,Permanent,25-34,Male,Bachelor's,2005,Divorced,4617,Yes
2789,Bangladesh,Canada,Refugee/Asylum,Permanent,45-54,Male,Bachelor's,2005,Married,4683,Yes
2790,India,UAE,Better Quality of Life,Permanent,45-54,Male,Master's,2016,Divorced,869,Yes
2791,India,Malaysia,Business/Investment,Work,55+,Female,Primary,2018,Divorced,1179,Yes
2792,Sri Lanka,UAE,Employment,Work,18-24,Male,Vocational/Technical,2014,Divorced,934,Yes
2793,Bangladesh,Norway,Business/Investment,Work,45-54,Male,Secondary,2008,Divorced,2129,Yes
2794,India,France,Marriage/Spouse,Permanent,25-34,Male,Bachelor's,2024,Single,1283,No
2795,India,New Zealand,Business/Investment,Work,35-44,Male,Master's,2007,Married,1722,Yes
2796,Bangladesh,South Korea,Skilled Worker Visa,Work,25-34,Female,Secondary,2024,Single,333,No
2797,Sri Lanka,Qatar,Higher Education,Permanent,18-24,Male,Bachelor's,2012,Married,555,Yes
2798,Nepal,Qatar,Employment,Work,25-34,Female,Bachelor's,2003,Married,4934,Yes
2799,Pakistan,Kuwait,Marriage/Spouse,Permanent,18-24,Female,Vocational/Technical,2014,Single,378,Yes
2800,Sri Lanka,France,Family Reunification,Permanent,45-54,Male,Vocational/Technical,2008,Single,1838,Yes
2801,Nepal,New Zealand,Economic Hardship,Permanent,25-34,Female,Master's,2003,Married,1210,No
2802,Pakistan,Italy,Skilled Worker Visa,Work,45-54,Male,Master's,2017,Single,1235,Yes
2803,Nepal,United Kingdom,Family Reunification,Permanent,35-44,Female,Bachelor's,2007,Divorced,872,Yes
2804,India,Germany,Employment,Work,55+,Male,Bachelor's,2016,Divorced,10467,No
2805,Nepal,Italy,Skilled Worker Visa,Work,35-44,Female,PhD,2021,Divorced,966,Yes
2806,Sri Lanka,Malaysia,Skilled Worker Visa,Work,55+,Male,Primary,2007,Married,6059,Yes
2807,Pakistan,Japan,Higher Education,Permanent,45-54,Female,Bachelor's,2008,Single,3221,Yes
2808,Nepal,Norway,Family Reunification,Permanent,55+,Male,Bachelor's,2018,Married,498,No
2809,India,Qatar,Employment,Work,25-34,Male,Master's,2006,Married,727,Yes
2810,Nepal,United Kingdom,Skilled Worker Visa,Work,45-54,Male,Bachelor's,2014,Single,4022,No
2811,Nepal,Italy,Permanent Residency,Permanent,35-44,Male,Primary,2019,Single,281,Yes
2812,Nepal,UAE,Employment,Work,35-44,Male,Bachelor's,2018,Single,595,Yes
2813,Nepal,Saudi Arabia,Employment,Work,35-44,Male,Vocational/Technical,2020,Married,2847,Yes
2814,Pakistan,South Korea,Business/Investment,Work,25-34,Male,Bachelor's,2015,Divorced,422,Yes
2815,Nepal,Germany,Economic Hardship,Permanent,35-44,Male,Vocational/Technical,2024,Single,901,Yes
2816,Pakistan,Oman,Skilled Worker Visa,Work,25-34,Male,Master's,2019,Married,1264,No
2817,Nepal,Canada,Marriage/Spouse,Permanent,35-44,Male,PhD,2013,Divorced,1104,Yes
2818,Pakistan,New Zealand,Skilled Worker Visa,Work,45-54,Female,Bachelor's,2006,Single,242,Yes
2819,Pakistan,United States,Employment,Work,35-44,Female,Secondary,2016,Divorced,2270,Yes
2820,India,Germany,Skilled Worker Visa,Work,18-24,Male,Primary,2002,Single,2016,Yes
2821,Nepal,Germany,Marriage/Spouse,Permanent,25-34,Female,Bachelor's,2022,Married,536,Yes
2822,Bangladesh,New Zealand,Permanent Residency,Permanent,18-24,Male,Secondary,2012,Single,11736,No
2823,India,UAE,Employment,Work,25-34,Male,Secondary,2021,Married,882,Yes
2824,Pakistan,Norway,Marriage/Spouse,Permanent,18-24,Female,Bachelor's,2013,Divorced,752,Yes
2825,Pakistan,UAE,Economic Hardship,Permanent,25-34,Female,Secondary,2024,Divorced,300,Yes
2826,Sri Lanka,New Zealand,Business/Investment,Work,25-34,Male,Primary,2017,Married,583,Yes
2827,Pakistan,Qatar,Skilled Worker Visa,Work,25-34,Male,Primary,2020,Divorced,611,No
2828,Pakistan,Malaysia,Family Reunification,Permanent,25-34,Male,Vocational/Technical,2011,Divorced,2970,Yes
2829,Bangladesh,France,Family Reunification,Permanent,25-34,Male,Secondary,2024,Divorced,2942,Yes
2830,Sri Lanka,Qatar,Skilled Worker Visa,Work,25-34,Male,PhD,2005,Single,3909,Yes
2831,Sri Lanka,New Zealand,Skilled Worker Visa,Work,45-54,Male,Secondary,2000,Single,9435,Yes
2832,India,South Korea,Permanent Residency,Permanent,18-24,Male,Secondary,2019,Married,8453,No
2833,Pakistan,Kuwait,Healthcare,Permanent,25-34,Female,Bachelor's,2020,Single,626,Yes
2834,Bangladesh,United States,Political Instability,Permanent,25-34,Female,PhD,2011,Single,424,Yes
2835,Nepal,Malaysia,Skilled Worker Visa,Work,35-44,Male,Bachelor's,2015,Divorced,3422,Yes
2836,India,UAE,Employment,Work,35-44,Male,Secondary,2025,Single,895,Yes
2837,Bangladesh,Malaysia,Political Instability,Permanent,45-54,Female,Vocational/Technical,2004,Married,3389,Yes
2838,Pakistan,Malaysia,Employment,Work,35-44,Male,Secondary,2013,Divorced,2839,No
2839,Sri Lanka,Japan,Employment,Work,25-34,Female,Master's,2020,Single,1304,Yes
2840,Bangladesh,UAE,Healthcare,Permanent,55+,Female,PhD,2012,Single,1187,Yes
2841,Sri Lanka,New Zealand,Skilled Worker Visa,Work,25-34,Male,Bachelor's,2023,Married,7499,Yes
2842,India,New Zealand,Employment,Work,25-34,Male,Vocational/Technical,2021,Married,280,Yes
2843,Pakistan,Japan,Employment,Work,55+,Male,Bachelor's,2024,Divorced,1011,No
2844,Nepal,Qatar,Marriage/Spouse,Permanent,45-54,Male,Primary,2023,Divorced,224,No
2845,India,United States,Permanent Residency,Permanent,45-54,Female,Master's,2022,Married,469,No
2846,Bangladesh,New Zealand,Business/Investment,Work,35-44,Male,Secondary,2019,Married,280,Yes
2847,India,Malaysia,Employment,Work,25-34,Male,Bachelor's,2025,Single,3560,Yes
2848,Bangladesh,Australia,Family Reunification,Permanent,35-44,Male,Master's,2022,Single,1239,No
2849,Bangladesh,Malaysia,Skilled Worker Visa,Work,55+,Male,Master's,2002,Divorced,448,Yes
2850,India,Norway,Marriage/Spouse,Permanent,35-44,Male,Vocational/Technical,2020,Divorced,422,Yes
2851,Bangladesh,United States,Skilled Worker Visa,Work,35-44,Male,Master's,2019,Married,3470,Yes
2852,Bangladesh,South Korea,Permanent Residency,Permanent,18-24,Female,Bachelor's,2000,Divorced,388,Yes
2853,Pakistan,Kuwait,Business/Investment,Work,35-44,Male,Master's,2025,Married,1308,Yes
2854,Sri Lanka,Malaysia,Employment,Work,35-44,Male,Bachelor's,2022,Married,3999,Yes
2855,India,Norway,Employment,Work,55+,Male,Secondary,2022,Divorced,294,Yes
2856,Nepal,New Zealand,Permanent Residency,Permanent,25-34,Male,Secondary,2013,Married,557,Yes
2857,Sri Lanka,New Zealand,Permanent Residency,Permanent,25-34,Male,Primary,2014,Single,1361,Yes
2858,Pakistan,United Kingdom,Employment,Work,25-34,Female,Master's,2025,Married,792,Yes
2859,Bangladesh,United States,Healthcare,Permanent,45-54,Male,Primary,2022,Married,2754,Yes
2860,Nepal,Canada,Refugee/Asylum,Permanent,45-54,Male,Bachelor's,2023,Single,6992,Yes
2861,India,South Korea,Employment,Work,35-44,Female,Master's,2024,Divorced,1242,Yes
2862,Nepal,France,Employment,Work,35-44,Female,Primary,2020,Divorced,702,No
2863,Bangladesh,Kuwait,Marriage/Spouse,Permanent,25-34,Male,Secondary,2005,Divorced,744,No
2864,Sri Lanka,Malaysia,Family Reunification,Permanent,35-44,Female,Secondary,2013,Married,1003,No
2865,Pakistan,Saudi Arabia,Permanent Residency,Permanent,25-34,Male,Bachelor's,2010,Married,391,Yes
2866,India,Norway,Skilled Worker Visa,Work,25-34,Male,Bachelor's,2023,Divorced,3483,No
2867,India,Oman,Higher Education,Permanent,35-44,Male,Vocational/Technical,2009,Divorced,1016,Yes
2868,Pakistan,France,Refugee/Asylum,Permanent,35-44,Male,Master's,2018,Divorced,839,Yes
2869,Bangladesh,Norway,Employment,Work,35-44,Male,Secondary,2010,Single,852,Yes
2870,Nepal,Canada,Higher Education,Permanent,55+,Female,Primary,2025,Married,529,Yes
2871,India,United Kingdom,Family Reunification,Permanent,45-54,Female,Bachelor's,2019,Married,2364,Yes
2872,Pakistan,South Korea,Employment,Work,35-44,Male,Bachelor's,2015,Divorced,1358,Yes
2873,Pakistan,Oman,Employment,Work,45-54,Male,Bachelor's,2018,Single,582,No
2874,Sri Lanka,New Zealand,Political Instability,Permanent,35-44,Male,Master's,2013,Single,444,No
2875,Nepal,Qatar,Business/Investment,Work,35-44,Male,Vocational/Technical,2015,Single,295,Yes
2876,Pakistan,Canada,Family Reunification,Permanent,25-34,Male,Master's,2023,Married,2013,No
2877,Bangladesh,Australia,Refugee/Asylum,Permanent,35-44,Female,Bachelor's,2006,Divorced,11946,Yes
2878,India,Australia,Skilled Worker Visa,Work,25-34,Male,Vocational/Technical,2020,Married,1573,Yes
2879,Pakistan,United States,Marriage/Spouse,Permanent,18-24,Male,Vocational/Technical,2010,Single,5734,No
2880,Bangladesh,Italy,Employment,Work,45-54,Male,Vocational/Technical,2020,Married,880,Yes
2881,Pakistan,New Zealand,Skilled Worker Visa,Work,25-34,Male,Bachelor's,2023,Single,3888,Yes
2882,Sri Lanka,New Zealand,Business/Investment,Work,25-34,Male,Secondary,2015,Married,1244,No
2883,Sri Lanka,Italy,Higher Education,Permanent,35-44,Male,Vocational/Technical,2022,Divorced,463,No
2884,Nepal,Malaysia,Higher Education,Permanent,25-34,Male,Master's,2015,Divorced,3527,Yes
2885,Pakistan,Oman,Employment,Work,35-44,Female,Master's,2017,Divorced,1987,Yes
2886,India,Malaysia,Skilled Worker Visa,Work,25-34,Female,Bachelor's,2003,Married,805,Yes
2887,Sri Lanka,Oman,Healthcare,Permanent,25-34,Male,Master's,2024,Single,3786,No
2888,Bangladesh,France,Political Instability,Permanent,18-24,Male,Bachelor's,2011,Divorced,8048,Yes
2889,Pakistan,New Zealand,Family Reunification,Permanent,25-34,Female,Vocational/Technical,2013,Single,1124,Yes
2890,Sri Lanka,Japan,Skilled Worker Visa,Work,25-34,Male,Vocational/Technical,2008,Married,453,No
2891,Sri Lanka,Oman,Business/Investment,Work,35-44,Male,Primary,2000,Married,524,Yes
2892,Sri Lanka,Japan,Better Quality of Life,Permanent,25-34,Male,Bachelor's,2000,Single,1036,Yes
2893,Nepal,Canada,Marriage/Spouse,Permanent,25-34,Male,Master's,2016,Single,1096,Yes
2894,Nepal,Italy,Permanent Residency,Permanent,45-54,Female,Secondary,2018,Married,1350,Yes
2895,Nepal,France,Permanent Residency,Permanent,25-34,Male,Secondary,2019,Single,1434,Yes
2896,Pakistan,Italy,Permanent Residency,Permanent,18-24,Female,PhD,2005,Divorced,585,Yes
2897,Sri Lanka,United Kingdom,Economic Hardship,Permanent,55+,Male,Secondary,2003,Divorced,1828,Yes
2898,Nepal,New Zealand,Higher Education,Permanent,25-34,Male,Secondary,2014,Single,418,Yes
2899,Bangladesh,Italy,Better Quality of Life,Permanent,25-34,Female,Master's,2025,Single,556,No
2900,Sri Lanka,Japan,Employment,Work,35-44,Female,Secondary,2020,Divorced,1300,Yes
2901,Bangladesh,Oman,Family Reunification,Permanent,45-54,Male,Primary,2003,Married,1330,Yes
2902,Bangladesh,Italy,Skilled Worker Visa,Work,25-34,Female,Master's,2013,Single,3549,Yes
2903,Sri Lanka,South Korea,Better Quality of Life,Permanent,45-54,Female,Primary,2020,Married,2036,Yes
2904,India,Oman,Family Reunification,Permanent,55+,Female,Master's,2023,Married,702,Yes
2905,Pakistan,UAE,Healthcare,Permanent,25-34,Male,Secondary,2023,Single,802,Yes
2906,Bangladesh,Saudi Arabia,Skilled Worker Visa,Work,18-24,Male,Bachelor's,2010,Single,1087,Yes
2907,Pakistan,Italy,Employment,Work,35-44,Female,Vocational/Technical,2015,Single,2745,Yes
2908,Pakistan,Kuwait,Family Reunification,Permanent,55+,Male,Secondary,2014,Single,11677,Yes
2909,Sri Lanka,UAE,Employment,Work,45-54,Male,Master's,2017,Single,5150,No
2910,Pakistan,Canada,Permanent Residency,Permanent,45-54,Male,Secondary,2010,Divorced,1296,Yes
2911,Sri Lanka,Oman,Higher Education,Permanent,18-24,Male,Secondary,2017,Married,630,Yes
2912,Pakistan,Italy,Skilled Worker Visa,Work,18-24,Male,Vocational/Technical,2018,Single,1205,Yes
2913,Nepal,United States,Refugee/Asylum,Permanent,25-34,Male,Bachelor's,2011,Divorced,830,Yes
2914,Pakistan,United Kingdom,Employment,Work,18-24,Male,Master's,2025,Married,680,No
2915,India,Malaysia,Employment,Work,25-34,Male,Bachelor's,2010,Divorced,313,No
2916,India,Saudi Arabia,Employment,Work,55+,Female,Bachelor's,2021,Divorced,391,Yes
2917,Bangladesh,Oman,Skilled Worker Visa,Work,18-24,Male,Bachelor's,2022,Married,3820,No
2918,India,Italy,Marriage/Spouse,Permanent,25-34,Male,PhD,2024,Married,2756,Yes
2919,Pakistan,Australia,Family Reunification,Permanent,35-44,Female,Primary,2025,Divorced,538,No
2920,Nepal,Italy,Better Quality of Life,Permanent,25-34,Female,PhD,2023,Married,431,No
2921,Nepal,United Kingdom,Marriage/Spouse,Permanent,25-34,Female,Master's,2018,Single,870,Yes
2922,Bangladesh,Qatar,Skilled Worker Visa,Work,45-54,Male,Bachelor's,2020,Divorced,3568,Yes
2923,Sri Lanka,Oman,Economic Hardship,Permanent,35-44,Female,Vocational/Technical,2012,Divorced,855,Yes
2924,Bangladesh,Saudi Arabia,Marriage/Spouse,Permanent,18-24,Male,Secondary,2020,Divorced,2792,Yes
2925,Sri Lanka,Kuwait,Skilled Worker Visa,Work,25-34,Male,Master's,2013,Divorced,1127,Yes
2926,Bangladesh,Canada,Employment,Work,45-54,Male,Secondary,2006,Married,1139,Yes
2927,India,United States,Family Reunification,Permanent,45-54,Male,Master's,2006,Married,343,Yes
2928,Bangladesh,Japan,Better Quality of Life,Permanent,25-34,Female,Bachelor's,2025,Married,897,Yes
2929,India,South Korea,Higher Education,Permanent,35-44,Male,Vocational/Technical,2023,Single,7650,Yes
2930,Sri Lanka,Japan,Marriage/Spouse,Permanent,25-34,Male,Primary,2005,Divorced,257,No
2931,Pakistan,Saudi Arabia,Skilled Worker Visa,Work,25-34,Male,Bachelor's,2006,Single,3327,Yes
2932,India,Kuwait,Employment,Work,25-34,Male,Bachelor's,2019,Single,2924,Yes
2933,Pakistan,New Zealand,Healthcare,Permanent,18-24,Male,Bachelor's,2001,Married,684,Yes
2934,Pakistan,Saudi Arabia,Skilled Worker Visa,Work,45-54,Male,PhD,2022,Married,3924,Yes
2935,Nepal,New Zealand,Higher Education,Permanent,18-24,Male,Master's,2005,Married,521,Yes
2936,India,United Kingdom,Employment,Work,18-24,Male,Secondary,2013,Single,1028,No
2937,India,Qatar,Skilled Worker Visa,Work,25-34,Male,Vocational/Technical,2004,Single,395,Yes
2938,India,Norway,Marriage/Spouse,Permanent,35-44,Male,PhD,2025,Single,678,Yes
2939,Pakistan,Kuwait,Family Reunification,Permanent,18-24,Male,Bachelor's,2022,Divorced,282,Yes
2940,Pakistan,New Zealand,Permanent Residency,Permanent,35-44,Female,Vocational/Technical,2006,Single,7948,Yes
2941,Pakistan,Malaysia,Economic Hardship,Permanent,35-44,Male,Vocational/Technical,2025,Divorced,9279,Yes
2942,Pakistan,United Kingdom,Family Reunification,Permanent,25-34,Male,Vocational/Technical,2024,Divorced,1541,Yes
2943,Pakistan,Japan,Higher Education,Permanent,25-34,Male,Vocational/Technical,2013,Single,2943,No
2944,Sri Lanka,Australia,Employment,Work,25-34,Male,Vocational/Technical,2013,Married,302,No
2945,India,Canada,Business/Investment,Work,45-54,Male,Bachelor's,2021,Divorced,675,Yes
2946,Nepal,Norway,Family Reunification,Permanent,18-24,Male,Secondary,2010,Divorced,358,Yes
2947,Sri Lanka,France,Higher Education,Permanent,25-34,Male,Master's,2012,Single,715,No
2948,Pakistan,Kuwait,Employment,Work,18-24,Male,Master's,2011,Divorced,3386,No
2949,Pakistan,Malaysia,Healthcare,Permanent,25-34,Male,Secondary,2011,Married,1045,Yes
2950,Bangladesh,Canada,Employment,Work,45-54,Male,Vocational/Technical,2022,Single,282,Yes
2951,Bangladesh,Saudi Arabia,Skilled Worker Visa,Work,25-34,Male,Secondary,2006,Divorced,654,Yes
2952,Nepal,Kuwait,Employment,Work,55+,Male,Bachelor's,2017,Single,1360,Yes
2953,Nepal,Italy,Permanent Residency,Permanent,25-34,Female,Master's,2004,Single,2509,No
2954,Bangladesh,Germany,Business/Investment,Work,18-24,Female,Vocational/Technical,2004,Married,366,Yes
2955,Nepal,Australia,Employment,Work,25-34,Male,Secondary,2020,Single,11903,No
2956,India,Qatar,Employment,Work,55+,Male,Bachelor's,2023,Married,405,Yes
2957,Sri Lanka,Japan,Permanent Residency,Permanent,25-34,Male,Bachelor's,2021,Single,293,Yes
2958,Bangladesh,Saudi Arabia,Skilled Worker Visa,Work,55+,Male,Master's,2017,Divorced,1026,Yes
2959,Sri Lanka,South Korea,Skilled Worker Visa,Work,35-44,Male,Secondary,2012,Married,921,Yes
2960,India,Canada,Higher Education,Permanent,25-34,Male,Vocational/Technical,2025,Divorced,356,No
2961,Pakistan,Qatar,Employment,Work,25-34,Male,Vocational/Technical,2018,Divorced,616,Yes
2962,Bangladesh,Germany,Marriage/Spouse,Permanent,18-24,Female,Primary,2015,Divorced,1242,No
2963,Pakistan,New Zealand,Marriage/Spouse,Permanent,35-44,Male,Secondary,2006,Single,489,Yes
2964,India,Germany,Business/Investment,Work,25-34,Male,Bachelor's,2012,Married,3179,Yes
2965,Pakistan,Oman,Skilled Worker Visa,Work,45-54,Male,Master's,2022,Married,1391,Yes
2966,Sri Lanka,Kuwait,Employment,Work,35-44,Male,Master's,2016,Single,1341,Yes
2967,Bangladesh,South Korea,Permanent Residency,Permanent,35-44,Male,Master's,2008,Married,2524,Yes
2968,Pakistan,Australia,Higher Education,Permanent,55+,Male,Vocational/Technical,2024,Married,2641,Yes
2969,Sri Lanka,United States,Permanent Residency,Permanent,35-44,Male,Bachelor's,2025,Married,969,Yes
2970,Bangladesh,UAE,Employment,Work,35-44,Male,PhD,2015,Divorced,381,Yes
2971,India,Qatar,Employment,Work,25-34,Male,Secondary,2015,Married,1066,Yes
2972,Sri Lanka,United States,Skilled Worker Visa,Work,35-44,Female,PhD,2006,Divorced,577,Yes
2973,India,New Zealand,Higher Education,Permanent,18-24,Female,Vocational/Technical,2020,Single,571,Yes
2974,Pakistan,United States,Marriage/Spouse,Permanent,18-24,Male,Vocational/Technical,2010,Single,318,Yes
2975,Pakistan,Australia,Permanent Residency,Permanent,35-44,Female,Bachelor's,2006,Married,477,Yes
2976,Bangladesh,Canada,Family Reunification,Permanent,18-24,Female,Vocational/Technical,2023,Single,11833,Yes
2977,Sri Lanka,Japan,Employment,Work,25-34,Female,Vocational/Technical,2013,Divorced,449,Yes
2978,Sri Lanka,Qatar,Employment,Work,35-44,Male,Bachelor's,2015,Divorced,964,No
2979,India,Canada,Employment,Work,35-44,Male,Master's,2017,Single,1143,Yes
2980,Nepal,UAE,Family Reunification,Permanent,18-24,Male,Primary,2025,Married,385,Yes
2981,Bangladesh,United Kingdom,Marriage/Spouse,Permanent,55+,Male,Master's,2003,Married,894,Yes
2982,India,United Kingdom,Higher Education,Permanent,35-44,Female,Primary,2016,Single,9591,Yes
2983,Sri Lanka,Australia,Higher Education,Permanent,35-44,Female,Master's,2022,Divorced,2523,Yes
2984,Pakistan,UAE,Employment,Work,25-34,Male,Master's,2018,Married,1199,Yes
2985,Pakistan,UAE,Family Reunification,Permanent,25-34,Male,Secondary,2012,Married,1412,Yes
2986,Bangladesh,Kuwait,Better Quality of Life,Permanent,55+,Male,Vocational/Technical,2000,Divorced,312,Yes
2987,Pakistan,Canada,Permanent Residency,Permanent,25-34,Male,Secondary,2025,Married,284,Yes
2988,Bangladesh,Oman,Skilled Worker Visa,Work,18-24,Male,Secondary,2023,Single,627,Yes
2989,Bangladesh,United Kingdom,Employment,Work,18-24,Male,Master's,2018,Married,523,Yes
2990,Bangladesh,Qatar,Skilled Worker Visa,Work,25-34,Male,Master's,2014,Single,1398,Yes
2991,Bangladesh,Germany,Employment,Work,25-34,Male,Master's,2024,Single,254,No
2992,Nepal,United States,Higher Education,Permanent,35-44,Male,Master's,2022,Married,311,Yes
2993,Pakistan,United States,Marriage/Spouse,Permanent,35-44,Male,Bachelor's,2000,Married,314,Yes
2994,Bangladesh,Germany,Higher Education,Permanent,45-54,Male,Primary,2018,Married,317,Yes
2995,Nepal,Norway,Family Reunification,Permanent,25-34,Female,Bachelor's,2012,Single,1245,Yes
2996,India,Japan,Family Reunification,Permanent,25-34,Female,Bachelor's,2013,Divorced,521,Yes
2997,Sri Lanka,Japan,Business/Investment,Work,45-54,Female,Master's,2015,Married,450,Yes
2998,Bangladesh,Qatar,Family Reunification,Permanent,55+,Male,Primary,2017,Single,488,No
2999,Sri Lanka,Saudi Arabia,Higher Education,Permanent,35-44,Male,Vocational/Technical,2001,Single,1567,Yes
3000,Pakistan,Qatar,Family Reunification,Permanent,45-54,Female,Bachelor's,2020,Married,6792,Yes
3001,Sri Lanka,South Korea,Permanent Residency,Permanent,35-44,Female,Bachelor's,2013,Single,568,No
3002,India,New Zealand,Family Reunification,Permanent,25-34,Male,Secondary,2010,Divorced,9960,Yes
3003,Nepal,Canada,Business/Investment,Work,18-24,Male,Primary,2025,Married,914,Yes
3004,Bangladesh,United States,Healthcare,Permanent,25-34,Male,Bachelor's,2000,Married,819,No
3005,Nepal,UAE,Employment,Work,45-54,Male,Secondary,2007,Divorced,3392,Yes
3006,Sri Lanka,Germany,Marriage/Spouse,Permanent,35-44,Female,Bachelor's,2016,Married,336,Yes
3007,Bangladesh,United States,Employment,Work,35-44,Female,Vocational/Technical,2007,Divorced,370,No
3008,India,South Korea,Better Quality of Life,Permanent,25-34,Male,Secondary,2022,Divorced,2707,Yes
3009,Pakistan,Italy,Employment,Work,25-34,Female,PhD,2017,Married,790,Yes
3010,Nepal,New Zealand,Higher Education,Permanent,35-44,Male,Bachelor's,2015,Divorced,8793,Yes
3011,Nepal,Norway,Refugee/Asylum,Permanent,25-34,Male,Secondary,2024,Divorced,7906,Yes
3012,Nepal,Malaysia,Family Reunification,Permanent,25-34,Male,Primary,2017,Married,3928,Yes
3013,Pakistan,Canada,Better Quality of Life,Permanent,55+,Male,Bachelor's,2018,Married,670,Yes
3014,Bangladesh,Japan,Family Reunification,Permanent,35-44,Female,Secondary,2015,Divorced,3437,No
3015,Pakistan,New Zealand,Permanent Residency,Permanent,25-34,Male,Bachelor's,2013,Married,774,No
3016,Nepal,France,Higher Education,Permanent,25-34,Male,Bachelor's,2016,Divorced,1267,Yes
3017,Nepal,Oman,Employment,Work,25-34,Male,Secondary,2001,Single,1113,Yes
3018,Sri Lanka,Canada,Employment,Work,35-44,Male,Master's,2005,Divorced,1262,Yes
3019,Nepal,Kuwait,Employment,Work,35-44,Male,Master's,2016,Single,2400,Yes
3020,Sri Lanka,New Zealand,Higher Education,Permanent,35-44,Male,Bachelor's,2025,Married,317,Yes
3021,Pakistan,Malaysia,Skilled Worker Visa,Work,45-54,Female,Vocational/Technical,2004,Married,2605,Yes
3022,Pakistan,Norway,Permanent Residency,Permanent,25-34,Male,Bachelor's,2015,Divorced,3687,No
3023,Sri Lanka,New Zealand,Marriage/Spouse,Permanent,25-34,Male,Bachelor's,2012,Divorced,927,No
3024,Sri Lanka,Oman,Higher Education,Permanent,35-44,Male,Bachelor's,2010,Divorced,1359,No
3025,Nepal,Germany,Economic Hardship,Permanent,25-34,Male,Master's,2001,Single,349,Yes
3026,India,Malaysia,Employment,Work,35-44,Female,Vocational/Technical,2021,Single,874,Yes
3027,Nepal,Saudi Arabia,Family Reunification,Permanent,18-24,Male,Master's,2010,Single,647,Yes
3028,Nepal,Kuwait,Employment,Work,25-34,Male,Vocational/Technical,2016,Single,477,No
3029,Pakistan,South Korea,Skilled Worker Visa,Work,25-34,Male,Master's,2010,Married,363,Yes
3030,Pakistan,Italy,Employment,Work,35-44,Male,Bachelor's,2022,Single,3858,No
3031,Nepal,UAE,Marriage/Spouse,Permanent,18-24,Male,Master's,2013,Divorced,3013,No
3032,Pakistan,Oman,Better Quality of Life,Permanent,55+,Female,Vocational/Technical,2017,Married,5381,Yes
3033,Bangladesh,UAE,Skilled Worker Visa,Work,25-34,Male,Bachelor's,2022,Divorced,1086,Yes
3034,Pakistan,Saudi Arabia,Employment,Work,45-54,Male,Bachelor's,2005,Single,3730,Yes
3035,Pakistan,Saudi Arabia,Permanent Residency,Permanent,25-34,Male,Bachelor's,2021,Divorced,6787,No
3036,Sri Lanka,Qatar,Employment,Work,35-44,Female,PhD,2015,Divorced,1077,Yes
3037,Pakistan,Saudi Arabia,Skilled Worker Visa,Work,25-34,Female,Vocational/Technical,2023,Divorced,586,Yes
3038,Bangladesh,France,Family Reunification,Permanent,35-44,Female,Primary,2024,Divorced,348,Yes
3039,Sri Lanka,United Kingdom,Skilled Worker Visa,Work,35-44,Female,Bachelor's,2012,Divorced,1309,Yes
3040,India,France,Higher Education,Permanent,35-44,Male,Master's,2010,Married,905,Yes
3041,Nepal,Canada,Marriage/Spouse,Permanent,25-34,Male,Primary,2012,Single,681,No
3042,Bangladesh,France,Economic Hardship,Permanent,45-54,Female,Bachelor's,2012,Single,1419,Yes
3043,Nepal,Germany,Refugee/Asylum,Permanent,25-34,Male,PhD,2015,Single,1191,Yes
3044,India,Italy,Business/Investment,Work,35-44,Male,Bachelor's,2012,Married,1421,Yes
3045,Bangladesh,South Korea,Better Quality of Life,Permanent,45-54,Male,Bachelor's,2025,Single,587,Yes
3046,Pakistan,Malaysia,Family Reunification,Permanent,35-44,Male,Vocational/Technical,2014,Single,3443,Yes
3047,Pakistan,Qatar,Skilled Worker Visa,Work,35-44,Male,Master's,2019,Divorced,779,No
3048,Nepal,Kuwait,Marriage/Spouse,Permanent,35-44,Female,PhD,2005,Married,3698,Yes
3049,Pakistan,Kuwait,Employment,Work,55+,Male,Bachelor's,2020,Married,3670,No
3050,India,Malaysia,Skilled Worker Visa,Work,25-34,Female,Master's,2008,Married,856,Yes
3051,Nepal,New Zealand,Higher Education,Permanent,25-34,Male,Secondary,2025,Married,3840,Yes
3052,Sri Lanka,United States,Permanent Residency,Permanent,18-24,Male,Bachelor's,2014,Divorced,5113,Yes
3053,India,Saudi Arabia,Employment,Work,55+,Male,Bachelor's,2022,Divorced,650,Yes
3054,Sri Lanka,UAE,Employment,Work,35-44,Male,Secondary,2012,Divorced,529,Yes
3055,Pakistan,Japan,Higher Education,Permanent,45-54,Female,Secondary,2023,Married,1325,Yes
3056,Sri Lanka,New Zealand,Family Reunification,Permanent,25-34,Male,Bachelor's,2016,Single,293,Yes
3057,Sri Lanka,Japan,Employment,Work,25-34,Female,Bachelor's,2014,Divorced,870,Yes
3058,Nepal,Kuwait,Employment,Work,35-44,Male,Bachelor's,2024,Single,520,Yes
3059,Pakistan,Japan,Higher Education,Permanent,55+,Male,Bachelor's,2022,Single,243,Yes
3060,Pakistan,United States,Family Reunification,Permanent,45-54,Male,Vocational/Technical,2003,Single,2722,No
3061,India,Canada,Refugee/Asylum,Permanent,18-24,Female,Secondary,2000,Married,414,No
3062,Bangladesh,Norway,Skilled Worker Visa,Work,35-44,Female,Master's,2002,Married,265,Yes
3063,Bangladesh,Australia,Marriage/Spouse,Permanent,35-44,Male,Vocational/Technical,2025,Divorced,1173,No
3064,India,Japan,Permanent Residency,Permanent,18-24,Male,Vocational/Technical,2025,Divorced,3115,Yes
3065,Nepal,Qatar,Higher Education,Permanent,25-34,Male,Primary,2006,Single,405,Yes
3066,India,Italy,Better Quality of Life,Permanent,25-34,Male,Secondary,2020,Married,313,Yes
3067,Nepal,Kuwait,Employment,Work,18-24,Male,Secondary,2010,Single,2783,No
3068,India,Qatar,Skilled Worker Visa,Work,45-54,Male,Bachelor's,2024,Married,414,Yes
3069,India,Canada,Better Quality of Life,Permanent,55+,Male,Vocational/Technical,2024,Married,3193,Yes
3070,Bangladesh,Japan,Marriage/Spouse,Permanent,35-44,Female,Bachelor's,2020,Divorced,330,Yes
3071,Nepal,United Kingdom,Employment,Work,25-34,Female,Bachelor's,2002,Single,514,No
3072,Pakistan,France,Higher Education,Permanent,45-54,Male,Primary,2009,Divorced,1353,Yes
3073,Pakistan,Japan,Marriage/Spouse,Permanent,25-34,Male,Bachelor's,2019,Single,6664,No
3074,Bangladesh,New Zealand,Permanent Residency,Permanent,25-34,Male,Bachelor's,2021,Single,232,Yes
3075,Sri Lanka,France,Permanent Residency,Permanent,35-44,Male,Vocational/Technical,2000,Single,3483,Yes
3076,Nepal,Oman,Employment,Work,35-44,Male,Secondary,2019,Married,1087,Yes
3077,India,Australia,Permanent Residency,Permanent,18-24,Male,PhD,2018,Single,2719,No
3078,Nepal,Kuwait,Skilled Worker Visa,Work,25-34,Male,Bachelor's,2023,Divorced,1007,Yes
3079,Bangladesh,France,Skilled Worker Visa,Work,35-44,Male,Vocational/Technical,2011,Single,1424,Yes
3080,Bangladesh,United States,Employment,Work,18-24,Male,Bachelor's,2013,Divorced,238,No
3081,Nepal,United Kingdom,Political Instability,Permanent,45-54,Male,Bachelor's,2018,Single,392,Yes
3082,Bangladesh,Kuwait,Skilled Worker Visa,Work,25-34,Male,Bachelor's,2015,Divorced,493,Yes
3083,India,UAE,Employment,Work,25-34,Male,Bachelor's,2021,Single,209,Yes
3084,Nepal,New Zealand,Better Quality of Life,Permanent,25-34,Male,Master's,2015,Married,1191,Yes
3085,Sri Lanka,Norway,Employment,Work,45-54,Female,Primary,2025,Divorced,475,Yes
3086,Bangladesh,South Korea,Employment,Work,25-34,Male,Bachelor's,2025,Single,1208,Yes
3087,Pakistan,United States,Higher Education,Permanent,18-24,Male,Primary,2001,Single,578,No
3088,Sri Lanka,Oman,Skilled Worker Visa,Work,55+,Male,Master's,2025,Single,408,Yes
3089,Pakistan,Saudi Arabia,Employment,Work,45-54,Male,Bachelor's,2022,Married,557,Yes
3090,India,Germany,Marriage/Spouse,Permanent,18-24,Male,Primary,2008,Married,1446,Yes
3091,Pakistan,Oman,Economic Hardship,Permanent,55+,Male,Master's,2018,Divorced,565,Yes
3092,Bangladesh,Oman,Skilled Worker Visa,Work,25-34,Male,Vocational/Technical,2025,Divorced,1885,Yes
3093,Pakistan,New Zealand,Marriage/Spouse,Permanent,25-34,Male,Vocational/Technical,2009,Married,2852,No
3094,Nepal,Qatar,Employment,Work,18-24,Female,Bachelor's,2024,Divorced,1286,Yes
3095,Nepal,South Korea,Better Quality of Life,Permanent,35-44,Female,Secondary,2010,Married,896,No
3096,Nepal,Japan,Marriage/Spouse,Permanent,35-44,Male,Master's,2003,Married,531,Yes
3097,India,United Kingdom,Skilled Worker Visa,Work,35-44,Male,Vocational/Technical,2015,Married,3268,Yes
3098,Sri Lanka,Qatar,Skilled Worker Visa,Work,45-54,Female,Master's,2000,Divorced,3640,No
3099,Sri Lanka,Italy,Employment,Work,25-34,Male,Bachelor's,2001,Single,11887,No
3100,India,France,Business/Investment,Work,55+,Male,Secondary,2022,Divorced,602,Yes
3101,India,Japan,Family Reunification,Permanent,25-34,Female,Vocational/Technical,2022,Married,1293,Yes
3102,India,New Zealand,Family Reunification,Permanent,35-44,Male,Bachelor's,2019,Married,1771,Yes
3103,India,Qatar,Employment,Work,35-44,Male,Master's,2010,Single,222,Yes
3104,Sri Lanka,United Kingdom,Family Reunification,Permanent,35-44,Male,Vocational/Technical,2015,Divorced,2558,No
3105,Pakistan,Canada,Marriage/Spouse,Permanent,18-24,Female,Secondary,2012,Single,1229,Yes
3106,Sri Lanka,Japan,Higher Education,Permanent,18-24,Female,Master's,2023,Married,1259,Yes
3107,India,Saudi Arabia,Employment,Work,35-44,Male,Primary,2011,Single,708,No
3108,Sri Lanka,Italy,Skilled Worker Visa,Work,25-34,Male,Vocational/Technical,2025,Single,10172,Yes
3109,Sri Lanka,Germany,Employment,Work,18-24,Male,Bachelor's,2018,Divorced,348,No
3110,Bangladesh,Norway,Skilled Worker Visa,Work,25-34,Male,Primary,2007,Married,452,No
3111,Nepal,Malaysia,Refugee/Asylum,Permanent,45-54,Male,PhD,2013,Single,1067,Yes
3112,India,Italy,Employment,Work,25-34,Female,Bachelor's,2022,Married,1150,Yes
3113,Sri Lanka,United Kingdom,Family Reunification,Permanent,55+,Male,Primary,2021,Married,426,Yes
3114,India,New Zealand,Marriage/Spouse,Permanent,25-34,Male,PhD,2017,Single,1339,Yes
3115,Bangladesh,Germany,Better Quality of Life,Permanent,55+,Male,Primary,2024,Single,10221,No
3116,Bangladesh,Kuwait,Marriage/Spouse,Permanent,35-44,Male,Primary,2020,Married,857,Yes
3117,Sri Lanka,Malaysia,Marriage/Spouse,Permanent,55+,Female,Vocational/Technical,2010,Married,2273,No
3118,Nepal,United Kingdom,Employment,Work,35-44,Female,Secondary,2024,Single,2239,Yes
3119,Pakistan,Japan,Employment,Work,35-44,Male,Master's,2020,Divorced,11700,No
3120,Pakistan,Saudi Arabia,Employment,Work,18-24,Male,Vocational/Technical,2021,Divorced,257,No
3121,India,Qatar,Business/Investment,Work,45-54,Female,Bachelor's,2022,Divorced,270,Yes
3122,Pakistan,Italy,Permanent Residency,Permanent,35-44,Female,Bachelor's,2023,Married,1068,No
3123,Nepal,United Kingdom,Employment,Work,25-34,Male,Bachelor's,2005,Divorced,503,Yes
3124,Pakistan,Norway,Better Quality of Life,Permanent,35-44,Female,Bachelor's,2013,Single,1662,No
3125,Bangladesh,South Korea,Skilled Worker Visa,Work,25-34,Male,PhD,2009,Married,6941,Yes
3126,Nepal,New Zealand,Refugee/Asylum,Permanent,55+,Female,Master's,2016,Single,1325,Yes
3127,Bangladesh,Germany,Family Reunification,Permanent,55+,Male,Primary,2015,Married,251,No
3128,Sri Lanka,Norway,Employment,Work,55+,Female,Bachelor's,2016,Married,671,No
3129,Bangladesh,France,Higher Education,Permanent,45-54,Male,Bachelor's,2018,Married,3941,Yes
3130,Bangladesh,Germany,Employment,Work,45-54,Male,Vocational/Technical,2023,Married,1183,No
3131,India,Malaysia,Employment,Work,18-24,Male,Master's,2008,Single,1802,Yes
3132,Sri Lanka,UAE,Employment,Work,35-44,Male,Bachelor's,2017,Single,11215,Yes
3133,Nepal,United States,Employment,Work,45-54,Female,Secondary,2018,Married,265,Yes
3134,Pakistan,South Korea,Higher Education,Permanent,35-44,Male,Secondary,2020,Single,2865,Yes
3135,Pakistan,Australia,Refugee/Asylum,Permanent,55+,Male,Bachelor's,2022,Single,1383,No
3136,Bangladesh,Japan,Employment,Work,35-44,Female,PhD,2025,Married,857,Yes
3137,Pakistan,Kuwait,Employment,Work,18-24,Male,Secondary,2018,Single,314,Yes
3138,Bangladesh,Saudi Arabia,Marriage/Spouse,Permanent,25-34,Female,Vocational/Technical,2017,Married,442,Yes
3139,Sri Lanka,France,Family Reunification,Permanent,25-34,Male,Master's,2015,Married,3862,Yes
3140,Bangladesh,United Kingdom,Refugee/Asylum,Permanent,35-44,Female,Secondary,2009,Married,415,No
3141,Nepal,Japan,Family Reunification,Permanent,25-34,Male,Master's,2021,Divorced,667,No
3142,Bangladesh,Oman,Economic Hardship,Permanent,55+,Male,Primary,2023,Single,1200,Yes
3143,Pakistan,Kuwait,Employment,Work,25-34,Male,Primary,2016,Married,583,Yes
3144,Sri Lanka,France,Higher Education,Permanent,18-24,Male,Bachelor's,2018,Single,1072,Yes
3145,Sri Lanka,Kuwait,Refugee/Asylum,Permanent,45-54,Female,PhD,2011,Married,1010,No
3146,Nepal,South Korea,Skilled Worker Visa,Work,25-34,Male,Vocational/Technical,2016,Divorced,974,Yes
3147,Bangladesh,United States,Higher Education,Permanent,18-24,Female,Primary,2019,Divorced,1410,Yes
3148,Bangladesh,Saudi Arabia,Employment,Work,25-34,Male,Primary,2002,Single,10176,Yes
3149,Bangladesh,New Zealand,Political Instability,Permanent,55+,Male,Bachelor's,2008,Divorced,1314,No
3150,Bangladesh,Germany,Permanent Residency,Permanent,35-44,Male,Secondary,2025,Single,474,Yes
3151,Bangladesh,Norway,Permanent Residency,Permanent,35-44,Male,Vocational/Technical,2020,Single,606,Yes
3152,Nepal,Norway,Refugee/Asylum,Permanent,25-34,Female,Master's,2009,Single,7960,Yes
3153,Sri Lanka,UAE,Employment,Work,55+,Male,Vocational/Technical,2015,Married,1025,Yes
3154,Nepal,United States,Employment,Work,25-34,Male,Bachelor's,2020,Married,1164,No
3155,India,UAE,Employment,Work,25-34,Male,Master's,2022,Divorced,594,No
3156,Pakistan,Norway,Permanent Residency,Permanent,45-54,Male,Bachelor's,2023,Single,8582,Yes
3157,Bangladesh,Italy,Permanent Residency,Permanent,25-34,Male,Vocational/Technical,2016,Divorced,201,Yes
3158,India,Japan,Skilled Worker Visa,Work,18-24,Female,Master's,2024,Single,586,Yes
3159,Bangladesh,Canada,Family Reunification,Permanent,25-34,Male,Vocational/Technical,2021,Divorced,3746,Yes
3160,India,Australia,Family Reunification,Permanent,45-54,Female,Primary,2015,Married,208,Yes
3161,Bangladesh,Norway,Permanent Residency,Permanent,18-24,Female,Primary,2004,Single,1150,Yes
3162,Sri Lanka,New Zealand,Higher Education,Permanent,18-24,Male,Vocational/Technical,2016,Married,5229,Yes
3163,Bangladesh,UAE,Better Quality of Life,Permanent,55+,Male,Master's,2006,Single,2884,No
3164,India,France,Permanent Residency,Permanent,25-34,Female,Bachelor's,2016,Married,472,Yes
3165,Nepal,Kuwait,Employment,Work,18-24,Male,PhD,2000,Married,323,Yes
3166,India,UAE,Higher Education,Permanent,45-54,Male,Secondary,2000,Married,1514,Yes
3167,Sri Lanka,Japan,Business/Investment,Work,25-34,Male,Master's,2016,Divorced,9222,Yes
3168,Sri Lanka,Kuwait,Family Reunification,Permanent,55+,Male,PhD,2022,Single,3906,No
3169,Nepal,Japan,Higher Education,Permanent,18-24,Female,Master's,2022,Single,465,Yes
3170,India,United Kingdom,Employment,Work,45-54,Male,Bachelor's,2010,Divorced,506,No
3171,Bangladesh,France,Higher Education,Permanent,55+,Male,Master's,2022,Single,507,Yes
3172,Pakistan,Italy,Employment,Work,25-34,Male,Master's,2025,Married,11841,Yes
3173,India,France,Marriage/Spouse,Permanent,25-34,Male,Vocational/Technical,2025,Divorced,3986,No
3174,Nepal,Norway,Family Reunification,Permanent,35-44,Male,Primary,2005,Divorced,1004,Yes
3175,Sri Lanka,Oman,Employment,Work,45-54,Male,Bachelor's,2023,Divorced,658,Yes
3176,Sri Lanka,United Kingdom,Family Reunification,Permanent,25-34,Female,Bachelor's,2014,Divorced,254,Yes
3177,Sri Lanka,Kuwait,Higher Education,Permanent,35-44,Male,Primary,2005,Divorced,1484,Yes
3178,Pakistan,Oman,Employment,Work,45-54,Male,Bachelor's,2003,Divorced,3379,Yes
3179,Bangladesh,Germany,Higher Education,Permanent,35-44,Female,Secondary,2017,Divorced,324,Yes
3180,India,New Zealand,Marriage/Spouse,Permanent,45-54,Male,Master's,2011,Divorced,1445,Yes
3181,India,Norway,Employment,Work,25-34,Male,Bachelor's,2022,Divorced,595,No
3182,Nepal,New Zealand,Permanent Residency,Permanent,45-54,Male,Master's,2005,Single,2923,Yes
3183,India,Germany,Healthcare,Permanent,18-24,Female,Vocational/Technical,2023,Single,705,Yes
3184,India,Oman,Family Reunification,Permanent,25-34,Male,Bachelor's,2023,Single,278,No
3185,Nepal,Norway,Employment,Work,55+,Male,Secondary,2006,Married,254,No
3186,Pakistan,Malaysia,Family Reunification,Permanent,35-44,Male,Bachelor's,2012,Married,3143,Yes
3187,Pakistan,Norway,Family Reunification,Permanent,35-44,Male,PhD,2021,Single,643,Yes
3188,Sri Lanka,Qatar,Marriage/Spouse,Permanent,25-34,Male,Bachelor's,2020,Single,373,Yes
3189,Pakistan,New Zealand,Family Reunification,Permanent,55+,Male,Bachelor's,2013,Divorced,10379,Yes
3190,Nepal,Qatar,Employment,Work,35-44,Male,Bachelor's,2019,Married,1228,Yes
3191,Nepal,South Korea,Better Quality of Life,Permanent,25-34,Male,Primary,2018,Married,5818,Yes
3192,Nepal,Australia,Marriage/Spouse,Permanent,35-44,Male,Master's,2022,Single,5384,Yes
3193,Nepal,Oman,Family Reunification,Permanent,25-34,Male,Primary,2021,Married,527,Yes
3194,Pakistan,South Korea,Family Reunification,Permanent,25-34,Female,Primary,2004,Single,1087,Yes
3195,India,Qatar,Marriage/Spouse,Permanent,25-34,Male,Master's,2013,Single,7911,No
3196,Sri Lanka,New Zealand,Family Reunification,Permanent,25-34,Male,Vocational/Technical,2021,Married,565,Yes
3197,Pakistan,New Zealand,Employment,Work,45-54,Female,Primary,2006,Married,654,Yes
3198,Bangladesh,United States,Employment,Work,45-54,Male,Secondary,2018,Married,1586,Yes
3199,Pakistan,UAE,Employment,Work,18-24,Male,Bachelor's,2012,Single,512,Yes
3200,Bangladesh,Malaysia,Skilled Worker Visa,Work,45-54,Male,Master's,2020,Single,552,No
3201,Sri Lanka,Italy,Permanent Residency,Permanent,25-34,Female,Master's,2011,Married,1420,Yes
3202,Nepal,Saudi Arabia,Employment,Work,45-54,Male,PhD,2020,Married,3887,Yes
3203,Bangladesh,Qatar,Employment,Work,55+,Male,Secondary,2007,Divorced,3799,Yes
3204,Sri Lanka,Australia,Business/Investment,Work,25-34,Male,Bachelor's,2022,Divorced,1590,Yes
3205,Bangladesh,UAE,Higher Education,Permanent,35-44,Male,Secondary,2022,Married,1442,Yes
3206,Sri Lanka,Oman,Higher Education,Permanent,18-24,Male,Bachelor's,2024,Married,464,Yes
3207,India,UAE,Employment,Work,35-44,Male,Primary,2021,Divorced,938,No
3208,Nepal,Saudi Arabia,Skilled Worker Visa,Work,35-44,Female,Bachelor's,2014,Single,1089,No
3209,Pakistan,Oman,Employment,Work,35-44,Male,Secondary,2016,Married,1276,Yes
3210,India,Norway,Skilled Worker Visa,Work,25-34,Female,Bachelor's,2006,Divorced,6177,Yes
3211,Pakistan,Australia,Permanent Residency,Permanent,55+,Female,Vocational/Technical,2024,Divorced,1214,Yes
3212,Sri Lanka,United States,Permanent Residency,Permanent,25-34,Male,Secondary,2006,Divorced,848,Yes
3213,Pakistan,Canada,Employment,Work,45-54,Male,Master's,2014,Married,3066,Yes
3214,India,Canada,Family Reunification,Permanent,45-54,Male,Secondary,2015,Married,11405,No
3215,India,United States,Skilled Worker Visa,Work,55+,Female,Bachelor's,2017,Married,466,No
3216,Bangladesh,Qatar,Permanent Residency,Permanent,55+,Male,Secondary,2016,Married,685,Yes
3217,India,Malaysia,Higher Education,Permanent,25-34,Female,Master's,2018,Married,1106,Yes
3218,Pakistan,New Zealand,Higher Education,Permanent,25-34,Male,Master's,2004,Divorced,828,No
3219,Pakistan,Oman,Employment,Work,25-34,Male,Bachelor's,2006,Single,310,Yes
3220,Sri Lanka,UAE,Employment,Work,25-34,Male,Master's,2020,Single,814,Yes
3221,Nepal,New Zealand,Refugee/Asylum,Permanent,55+,Female,Vocational/Technical,2023,Divorced,300,Yes
3222,Pakistan,Australia,Better Quality of Life,Permanent,45-54,Male,Master's,2007,Divorced,334,Yes
3223,Sri Lanka,Saudi Arabia,Employment,Work,35-44,Male,Secondary,2017,Married,206,Yes
3224,Nepal,New Zealand,Marriage/Spouse,Permanent,25-34,Male,Master's,2022,Divorced,895,Yes
3225,Pakistan,Australia,Family Reunification,Permanent,18-24,Male,Secondary,2023,Single,382,Yes
3226,Nepal,France,Employment,Work,18-24,Female,Primary,2014,Divorced,641,Yes
3227,India,Japan,Permanent Residency,Permanent,35-44,Female,Master's,2019,Divorced,1787,Yes
3228,Bangladesh,United Kingdom,Family Reunification,Permanent,45-54,Female,Bachelor's,2024,Divorced,2386,Yes
3229,Bangladesh,Malaysia,Family Reunification,Permanent,25-34,Female,Vocational/Technical,2000,Divorced,1409,Yes
3230,Pakistan,Saudi Arabia,Economic Hardship,Permanent,25-34,Male,Primary,2009,Married,437,Yes
3231,Sri Lanka,Norway,Marriage/Spouse,Permanent,25-34,Male,Bachelor's,2015,Single,8495,No
3232,Nepal,New Zealand,Permanent Residency,Permanent,55+,Female,Primary,2011,Divorced,449,No
3233,India,Australia,Family Reunification,Permanent,45-54,Male,Primary,2011,Divorced,352,Yes
3234,Nepal,Norway,Family Reunification,Permanent,35-44,Male,Master's,2016,Divorced,250,Yes
3235,Sri Lanka,Kuwait,Marriage/Spouse,Permanent,45-54,Female,Primary,2018,Single,270,Yes
3236,Pakistan,Norway,Refugee/Asylum,Permanent,25-34,Male,Master's,2019,Divorced,1455,No
3237,Nepal,Germany,Permanent Residency,Permanent,55+,Male,Vocational/Technical,2016,Married,681,Yes
3238,Bangladesh,Norway,Family Reunification,Permanent,55+,Male,Secondary,2020,Married,1269,Yes
3239,Bangladesh,United Kingdom,Business/Investment,Work,35-44,Male,Master's,2021,Divorced,10076,Yes
3240,Sri Lanka,Canada,Higher Education,Permanent,35-44,Female,Bachelor's,2022,Single,1314,No
3241,Sri Lanka,United Kingdom,Political Instability,Permanent,25-34,Male,Bachelor's,2006,Divorced,3442,Yes
3242,Sri Lanka,UAE,Employment,Work,25-34,Male,Vocational/Technical,2020,Divorced,492,Yes
3243,India,Malaysia,Permanent Residency,Permanent,25-34,Male,PhD,2008,Married,3030,Yes
3244,Sri Lanka,Oman,Employment,Work,25-34,Male,Secondary,2006,Single,1315,Yes
3245,Pakistan,UAE,Employment,Work,35-44,Male,Bachelor's,2005,Married,1345,No
3246,Sri Lanka,Malaysia,Higher Education,Permanent,35-44,Male,Bachelor's,2024,Divorced,2590,Yes
3247,Sri Lanka,United Kingdom,Business/Investment,Work,55+,Female,Bachelor's,2016,Single,2960,Yes
3248,Nepal,Kuwait,Employment,Work,25-34,Male,Primary,2005,Single,708,No
3249,India,Norway,Higher Education,Permanent,25-34,Female,Bachelor's,2021,Single,1883,Yes
3250,Sri Lanka,Australia,Skilled Worker Visa,Work,45-54,Male,Master's,2014,Married,557,No
3251,Sri Lanka,United Kingdom,Permanent Residency,Permanent,35-44,Female,Master's,2017,Divorced,2890,No
3252,Bangladesh,New Zealand,Healthcare,Permanent,45-54,Female,Secondary,2010,Married,1121,Yes
3253,Sri Lanka,Kuwait,Marriage/Spouse,Permanent,25-34,Male,Bachelor's,2022,Married,670,Yes
3254,Pakistan,UAE,Marriage/Spouse,Permanent,25-34,Male,Secondary,2024,Single,308,Yes
3255,Bangladesh,Canada,Higher Education,Permanent,18-24,Male,Master's,2010,Single,3358,Yes
3256,India,Malaysia,Economic Hardship,Permanent,25-34,Male,Bachelor's,2013,Married,2047,No
3257,Pakistan,New Zealand,Higher Education,Permanent,25-34,Female,Master's,2020,Single,616,Yes
3258,India,Saudi Arabia,Skilled Worker Visa,Work,25-34,Male,Vocational/Technical,2024,Single,8031,No
3259,Nepal,Saudi Arabia,Employment,Work,25-34,Female,Master's,2018,Divorced,6539,Yes
3260,Bangladesh,Canada,Skilled Worker Visa,Work,35-44,Female,Bachelor's,2013,Single,240,No
3261,Sri Lanka,New Zealand,Political Instability,Permanent,25-34,Male,Secondary,2013,Married,1269,Yes
3262,India,United States,Family Reunification,Permanent,18-24,Female,Secondary,2000,Married,1270,No
3263,Bangladesh,Japan,Family Reunification,Permanent,35-44,Female,Secondary,2007,Married,1098,Yes
3264,Nepal,Norway,Higher Education,Permanent,35-44,Male,Bachelor's,2009,Divorced,392,Yes
3265,Nepal,Australia,Employment,Work,45-54,Male,Vocational/Technical,2023,Single,573,Yes
3266,Sri Lanka,Norway,Employment,Work,25-34,Male,Bachelor's,2016,Single,1468,No
3267,Pakistan,France,Family Reunification,Permanent,25-34,Female,Bachelor's,2017,Single,267,Yes
3268,Sri Lanka,Canada,Better Quality of Life,Permanent,25-34,Male,Secondary,2021,Divorced,1466,No
3269,Bangladesh,South Korea,Skilled Worker Visa,Work,25-34,Female,Bachelor's,2025,Single,396,No
3270,Bangladesh,Canada,Family Reunification,Permanent,25-34,Female,Primary,2025,Married,10898,Yes
3271,Bangladesh,Oman,Family Reunification,Permanent,18-24,Male,Secondary,2008,Divorced,445,Yes
3272,Sri Lanka,Oman,Skilled Worker Visa,Work,35-44,Female,Secondary,2025,Single,262,Yes
3273,Nepal,United States,Employment,Work,25-34,Male,Vocational/Technical,2024,Single,1423,Yes
3274,Sri Lanka,Saudi Arabia,Employment,Work,25-34,Male,Master's,2020,Married,11479,No
3275,Bangladesh,United Kingdom,Employment,Work,25-34,Male,Vocational/Technical,2025,Divorced,683,Yes
3276,Nepal,Norway,Higher Education,Permanent,45-54,Male,Vocational/Technical,2011,Divorced,1444,No
3277,Sri Lanka,Germany,Skilled Worker Visa,Work,25-34,Female,Bachelor's,2023,Divorced,3054,No
3278,Pakistan,United Kingdom,Family Reunification,Permanent,35-44,Female,Bachelor's,2022,Single,2937,Yes
3279,Bangladesh,Germany,Employment,Work,25-34,Male,Primary,2020,Divorced,1290,Yes
3280,Nepal,Australia,Healthcare,Permanent,25-34,Male,Bachelor's,2015,Divorced,7307,Yes
3281,Nepal,Italy,Higher Education,Permanent,25-34,Female,Master's,2005,Divorced,8998,Yes
3282,Sri Lanka,France,Family Reunification,Permanent,35-44,Male,Primary,2019,Divorced,595,Yes
3283,Bangladesh,Malaysia,Employment,Work,25-34,Male,PhD,2024,Divorced,4252,Yes
3284,Sri Lanka,Oman,Marriage/Spouse,Permanent,35-44,Male,Master's,2022,Single,328,Yes
3285,Sri Lanka,Japan,Family Reunification,Permanent,45-54,Male,Bachelor's,2012,Divorced,300,Yes
3286,Pakistan,Malaysia,Permanent Residency,Permanent,25-34,Male,Secondary,2021,Single,210,Yes
3287,Bangladesh,Italy,Business/Investment,Work,55+,Female,Secondary,2016,Single,7591,No
3288,India,Oman,Employment,Work,35-44,Male,Vocational/Technical,2011,Single,222,Yes
3289,Pakistan,Qatar,Employment,Work,25-34,Male,Bachelor's,2005,Divorced,523,Yes
3290,Sri Lanka,Norway,Family Reunification,Permanent,35-44,Male,Bachelor's,2021,Married,317,Yes
3291,Nepal,Italy,Family Reunification,Permanent,25-34,Male,Vocational/Technical,2019,Single,873,Yes
3292,India,Italy,Family Reunification,Permanent,25-34,Female,Primary,2019,Divorced,591,Yes
3293,Sri Lanka,United Kingdom,Higher Education,Permanent,45-54,Male,Secondary,2007,Married,525,Yes
3294,Sri Lanka,Italy,Higher Education,Permanent,45-54,Female,Primary,2023,Divorced,2037,No
3295,Bangladesh,Italy,Skilled Worker Visa,Work,25-34,Male,Bachelor's,2022,Divorced,7597,No
3296,Bangladesh,Italy,Marriage/Spouse,Permanent,45-54,Male,Bachelor's,2017,Single,1099,Yes
3297,Pakistan,New Zealand,Family Reunification,Permanent,25-34,Female,Bachelor's,2011,Divorced,2212,Yes
3298,Pakistan,Germany,Employment,Work,35-44,Male,Bachelor's,2023,Divorced,2489,Yes
3299,Pakistan,Oman,Higher Education,Permanent,35-44,Male,Secondary,2001,Divorced,11965,Yes
3300,India,Germany,Family Reunification,Permanent,25-34,Male,Master's,2018,Single,626,No
3301,Sri Lanka,United States,Permanent Residency,Permanent,25-34,Male,Vocational/Technical,2013,Single,1439,Yes
3302,India,Norway,Healthcare,Permanent,45-54,Male,PhD,2012,Married,875,Yes
3303,Bangladesh,Japan,Higher Education,Permanent,45-54,Female,Secondary,2025,Married,539,Yes
3304,Pakistan,Germany,Employment,Work,18-24,Female,Master's,2012,Single,1123,Yes
3305,Pakistan,Japan,Better Quality of Life,Permanent,18-24,Female,Bachelor's,2011,Married,220,No
3306,Pakistan,Qatar,Higher Education,Permanent,35-44,Male,Master's,2023,Single,333,Yes
3307,Nepal,South Korea,Higher Education,Permanent,45-54,Male,Secondary,2017,Married,3612,Yes
3308,Sri Lanka,UAE,Employment,Work,55+,Male,Vocational/Technical,2024,Single,1151,Yes
3309,Sri Lanka,Australia,Economic Hardship,Permanent,25-34,Male,Master's,2020,Single,1733,Yes
3310,Sri Lanka,United States,Permanent Residency,Permanent,18-24,Female,PhD,2022,Single,1395,Yes
3311,Nepal,South Korea,Refugee/Asylum,Permanent,18-24,Female,Secondary,2013,Single,344,No
3312,Bangladesh,Italy,Employment,Work,55+,Female,Bachelor's,2011,Divorced,3344,Yes
3313,Sri Lanka,South Korea,Skilled Worker Visa,Work,18-24,Female,Bachelor's,2022,Single,2108,Yes
3314,Bangladesh,Kuwait,Permanent Residency,Permanent,35-44,Male,Bachelor's,2018,Single,1264,Yes
3315,India,Italy,Family Reunification,Permanent,18-24,Male,Primary,2014,Married,477,No
3316,Nepal,South Korea,Employment,Work,35-44,Male,Bachelor's,2016,Married,872,Yes
3317,Bangladesh,Norway,Skilled Worker Visa,Work,25-34,Female,Bachelor's,2008,Single,715,Yes
3318,Pakistan,Saudi Arabia,Family Reunification,Permanent,35-44,Male,Bachelor's,2009,Divorced,448,Yes
3319,India,Norway,Refugee/Asylum,Permanent,55+,Male,Vocational/Technical,2015,Married,9068,Yes
3320,Bangladesh,Japan,Employment,Work,35-44,Female,Bachelor's,2021,Divorced,543,Yes
3321,India,Saudi Arabia,Skilled Worker Visa,Work,25-34,Male,Vocational/Technical,2010,Single,248,Yes
3322,Pakistan,Japan,Marriage/Spouse,Permanent,45-54,Female,Bachelor's,2015,Single,667,No
3323,Pakistan,Kuwait,Skilled Worker Visa,Work,25-34,Male,Bachelor's,2025,Single,1003,Yes
3324,Bangladesh,New Zealand,Higher Education,Permanent,35-44,Male,Bachelor's,2011,Divorced,209,No
3325,Pakistan,New Zealand,Family Reunification,Permanent,18-24,Female,Secondary,2023,Married,370,Yes
3326,Pakistan,Saudi Arabia,Employment,Work,18-24,Male,Master's,2015,Single,10780,Yes
3327,Bangladesh,Oman,Employment,Work,35-44,Male,Bachelor's,2023,Divorced,840,No
3328,Pakistan,Malaysia,Employment,Work,25-34,Male,Master's,2002,Married,3896,Yes
3329,Sri Lanka,Australia,Employment,Work,25-34,Female,Master's,2013,Married,660,Yes
3330,Bangladesh,United States,Marriage/Spouse,Permanent,55+,Female,Secondary,2014,Single,204,Yes
3331,Bangladesh,Oman,Healthcare,Permanent,18-24,Male,Bachelor's,2017,Married,355,Yes
3332,Pakistan,Australia,Higher Education,Permanent,25-34,Female,Secondary,2024,Single,1392,Yes
3333,Pakistan,Kuwait,Skilled Worker Visa,Work,18-24,Female,Bachelor's,2016,Single,461,Yes
3334,Pakistan,UAE,Family Reunification,Permanent,35-44,Male,Primary,2025,Divorced,1310,Yes
3335,Sri Lanka,Norway,Higher Education,Permanent,35-44,Male,Master's,2021,Divorced,793,No
3336,Sri Lanka,Germany,Skilled Worker Visa,Work,35-44,Male,Master's,2021,Single,1265,Yes
3337,Sri Lanka,Oman,Employment,Work,25-34,Male,Secondary,2020,Divorced,1101,Yes
3338,Nepal,UAE,Employment,Work,35-44,Male,Primary,2024,Single,264,No
3339,Bangladesh,Australia,Family Reunification,Permanent,45-54,Male,Bachelor's,2010,Married,1375,Yes
3340,India,Italy,Better Quality of Life,Permanent,25-34,Male,Vocational/Technical,2025,Divorced,1887,Yes
3341,India,Norway,Business/Investment,Work,25-34,Female,Secondary,2014,Divorced,1979,Yes
3342,Bangladesh,UAE,Employment,Work,35-44,Male,Secondary,2024,Single,279,Yes
3343,Sri Lanka,Oman,Family Reunification,Permanent,45-54,Male,Vocational/Technical,2013,Divorced,332,Yes
3344,Pakistan,United Kingdom,Skilled Worker Visa,Work,35-44,Male,Bachelor's,2017,Divorced,3227,No
3345,Bangladesh,South Korea,Permanent Residency,Permanent,45-54,Female,Master's,2013,Married,409,Yes
3346,India,Oman,Employment,Work,25-34,Female,Master's,2024,Divorced,416,No
3347,Bangladesh,France,Employment,Work,45-54,Male,Bachelor's,2008,Divorced,448,Yes
3348,Bangladesh,Australia,Economic Hardship,Permanent,45-54,Male,Master's,2025,Married,305,Yes
3349,Pakistan,Japan,Better Quality of Life,Permanent,35-44,Male,Master's,2015,Divorced,736,No
3350,Bangladesh,Australia,Family Reunification,Permanent,55+,Female,Master's,2021,Divorced,484,No
3351,Sri Lanka,Kuwait,Higher Education,Permanent,35-44,Male,Secondary,2022,Married,1061,Yes
3352,Bangladesh,UAE,Family Reunification,Permanent,45-54,Male,Vocational/Technical,2003,Divorced,1416,No
3353,Sri Lanka,UAE,Employment,Work,25-34,Male,Bachelor's,2005,Divorced,296,Yes
3354,Nepal,South Korea,Family Reunification,Permanent,55+,Female,Secondary,2016,Single,927,Yes
3355,Pakistan,Qatar,Employment,Work,25-34,Male,Master's,2024,Married,2475,Yes
3356,India,Germany,Business/Investment,Work,18-24,Male,Master's,2002,Single,8742,Yes
3357,India,Germany,Marriage/Spouse,Permanent,35-44,Male,Bachelor's,2011,Married,593,Yes
3358,Sri Lanka,South Korea,Business/Investment,Work,25-34,Male,Vocational/Technical,2024,Single,518,No
3359,Bangladesh,United Kingdom,Skilled Worker Visa,Work,25-34,Male,Master's,2023,Married,525,No
3360,Bangladesh,Italy,Family Reunification,Permanent,35-44,Male,Bachelor's,2003,Married,205,No
3361,Nepal,UAE,Employment,Work,35-44,Male,Bachelor's,2018,Single,3960,Yes
3362,Bangladesh,Qatar,Employment,Work,35-44,Male,Master's,2023,Married,926,Yes
3363,Bangladesh,Kuwait,Employment,Work,35-44,Male,PhD,2007,Divorced,527,Yes
3364,Pakistan,Saudi Arabia,Better Quality of Life,Permanent,45-54,Male,Bachelor's,2022,Divorced,369,Yes
3365,Bangladesh,United States,Family Reunification,Permanent,18-24,Male,Secondary,2021,Single,1608,No
3366,Bangladesh,Kuwait,Employment,Work,25-34,Male,Vocational/Technical,2025,Married,426,Yes
3367,India,UAE,Family Reunification,Permanent,35-44,Male,Bachelor's,2013,Married,11091,Yes
3368,Sri Lanka,South Korea,Skilled Worker Visa,Work,35-44,Female,Bachelor's,2016,Divorced,3027,No
3369,Pakistan,United States,Employment,Work,35-44,Male,Secondary,2006,Divorced,1442,Yes
3370,India,Qatar,Employment,Work,55+,Male,Vocational/Technical,2005,Single,551,No
3371,Bangladesh,Oman,Employment,Work,18-24,Female,Master's,2017,Married,5990,No
3372,Sri Lanka,New Zealand,Higher Education,Permanent,55+,Male,Bachelor's,2023,Married,6365,Yes
3373,Sri Lanka,France,Skilled Worker Visa,Work,35-44,Male,Secondary,2007,Single,597,Yes
3374,Pakistan,Germany,Refugee/Asylum,Permanent,25-34,Female,Primary,2013,Divorced,3182,Yes
3375,Nepal,Kuwait,Family Reunification,Permanent,35-44,Male,Vocational/Technical,2024,Single,1005,No
3376,Nepal,Germany,Family Reunification,Permanent,25-34,Female,Bachelor's,2021,Married,1307,No
3377,Nepal,UAE,Skilled Worker Visa,Work,25-34,Male,Bachelor's,2020,Divorced,453,No
3378,India,Japan,Refugee/Asylum,Permanent,45-54,Female,Master's,2024,Married,1155,Yes
3379,Nepal,Qatar,Skilled Worker Visa,Work,25-34,Male,Bachelor's,2014,Single,844,No
3380,Bangladesh,Saudi Arabia,Employment,Work,18-24,Male,Vocational/Technical,2018,Single,1515,Yes
3381,Nepal,Qatar,Skilled Worker Visa,Work,18-24,Male,Secondary,2024,Divorced,2794,No
3382,India,France,Economic Hardship,Permanent,35-44,Male,Primary,2023,Single,1246,Yes
3383,Pakistan,Japan,Permanent Residency,Permanent,25-34,Male,Secondary,2005,Single,1179,Yes
3384,India,South Korea,Political Instability,Permanent,55+,Male,Master's,2024,Married,479,No
3385,Bangladesh,United States,Employment,Work,25-34,Male,Bachelor's,2005,Married,1105,No
3386,Bangladesh,Australia,Higher Education,Permanent,25-34,Female,Secondary,2012,Married,1167,No
3387,Bangladesh,Kuwait,Family Reunification,Permanent,45-54,Female,Bachelor's,2023,Divorced,561,Yes
3388,Bangladesh,Norway,Employment,Work,25-34,Male,Master's,2023,Divorced,349,Yes
3389,Nepal,South Korea,Better Quality of Life,Permanent,35-44,Female,Primary,2018,Married,651,Yes
3390,Nepal,Japan,Family Reunification,Permanent,55+,Male,Bachelor's,2019,Single,448,Yes
3391,Bangladesh,Oman,Employment,Work,25-34,Male,Secondary,2015,Divorced,338,Yes
3392,Pakistan,Germany,Skilled Worker Visa,Work,45-54,Female,Bachelor's,2019,Married,5496,Yes
3393,Bangladesh,Norway,Marriage/Spouse,Permanent,35-44,Female,Primary,2004,Single,215,Yes
3394,Bangladesh,Germany,Family Reunification,Permanent,35-44,Female,Vocational/Technical,2022,Divorced,2208,Yes
3395,India,United Kingdom,Employment,Work,18-24,Male,Bachelor's,2025,Married,652,Yes
3396,Pakistan,Canada,Marriage/Spouse,Permanent,45-54,Female,Master's,2002,Married,1309,Yes
3397,Nepal,Saudi Arabia,Higher Education,Permanent,25-34,Male,PhD,2017,Married,414,Yes
3398,India,Qatar,Business/Investment,Work,25-34,Male,Vocational/Technical,2022,Married,4804,Yes
3399,Nepal,United Kingdom,Employment,Work,35-44,Female,Master's,2024,Single,1032,Yes
3400,Sri Lanka,New Zealand,Business/Investment,Work,35-44,Female,Bachelor's,2022,Divorced,1286,Yes
3401,Bangladesh,South Korea,Marriage/Spouse,Permanent,35-44,Male,Secondary,2009,Married,559,Yes
3402,Nepal,Oman,Family Reunification,Permanent,25-34,Female,Bachelor's,2015,Divorced,2653,Yes
3403,Pakistan,Germany,Employment,Work,25-34,Male,Primary,2007,Single,2890,Yes
3404,Bangladesh,United States,Employment,Work,45-54,Male,Vocational/Technical,2020,Married,3460,Yes
3405,Sri Lanka,Malaysia,Family Reunification,Permanent,25-34,Male,PhD,2012,Married,612,Yes
3406,Pakistan,Italy,Skilled Worker Visa,Work,25-34,Female,Vocational/Technical,2000,Divorced,916,No
3407,Pakistan,United States,Marriage/Spouse,Permanent,35-44,Male,Master's,2025,Married,8130,No
3408,Pakistan,Canada,Refugee/Asylum,Permanent,25-34,Male,Secondary,2014,Married,2850,Yes
3409,Nepal,United States,Better Quality of Life,Permanent,35-44,Male,Bachelor's,2016,Single,8828,Yes
3410,Pakistan,Australia,Refugee/Asylum,Permanent,25-34,Male,Secondary,2005,Divorced,2470,Yes
3411,India,Germany,Permanent Residency,Permanent,35-44,Female,Secondary,2006,Married,1165,No
3412,Sri Lanka,United Kingdom,Better Quality of Life,Permanent,25-34,Male,Bachelor's,2011,Divorced,2231,Yes
3413,Bangladesh,Norway,Business/Investment,Work,35-44,Male,Bachelor's,2003,Married,855,Yes
3414,Pakistan,United Kingdom,Family Reunification,Permanent,18-24,Male,Master's,2013,Single,1325,Yes
3415,Pakistan,Australia,Skilled Worker Visa,Work,18-24,Male,Master's,2023,Married,1160,No
3416,Bangladesh,South Korea,Skilled Worker Visa,Work,25-34,Male,PhD,2022,Married,1122,Yes
3417,Nepal,Italy,Employment,Work,25-34,Male,Master's,2014,Married,419,Yes
3418,Pakistan,Germany,Employment,Work,25-34,Female,Primary,2019,Divorced,1117,Yes
3419,India,Germany,Higher Education,Permanent,35-44,Male,Bachelor's,2020,Single,441,Yes
3420,Nepal,United States,Employment,Work,25-34,Female,PhD,2007,Divorced,6286,Yes
3421,Pakistan,Italy,Employment,Work,25-34,Male,Vocational/Technical,2021,Divorced,804,Yes
3422,India,UAE,Marriage/Spouse,Permanent,25-34,Male,Bachelor's,2016,Divorced,1330,Yes
3423,Bangladesh,Germany,Skilled Worker Visa,Work,18-24,Male,Bachelor's,2018,Divorced,1381,Yes
3424,Nepal,Oman,Permanent Residency,Permanent,45-54,Male,Vocational/Technical,2022,Divorced,9184,Yes
3425,Sri Lanka,United Kingdom,Employment,Work,35-44,Male,Vocational/Technical,2012,Single,461,No
3426,Pakistan,Germany,Healthcare,Permanent,18-24,Male,PhD,2015,Married,3165,No
3427,Bangladesh,Saudi Arabia,Family Reunification,Permanent,18-24,Male,Bachelor's,2019,Divorced,684,Yes
3428,Pakistan,Saudi Arabia,Better Quality of Life,Permanent,25-34,Male,Vocational/Technical,2011,Married,2003,Yes
3429,Bangladesh,Australia,Healthcare,Permanent,18-24,Female,Bachelor's,2012,Married,289,No
3430,Nepal,Norway,Skilled Worker Visa,Work,18-24,Male,Primary,2009,Divorced,865,No
3431,Sri Lanka,Australia,Higher Education,Permanent,25-34,Male,Bachelor's,2000,Divorced,1034,No
3432,India,Canada,Family Reunification,Permanent,35-44,Female,Secondary,2020,Married,569,Yes
3433,India,New Zealand,Permanent Residency,Permanent,35-44,Male,Vocational/Technical,2010,Divorced,3591,Yes
3434,India,France,Family Reunification,Permanent,45-54,Male,Vocational/Technical,2020,Married,1949,Yes
3435,India,France,Family Reunification,Permanent,35-44,Male,Bachelor's,2013,Divorced,371,Yes
3436,Bangladesh,Canada,Skilled Worker Visa,Work,25-34,Male,Vocational/Technical,2012,Single,1142,Yes
3437,Bangladesh,Oman,Employment,Work,18-24,Female,Master's,2015,Single,1047,No
3438,Sri Lanka,Australia,Employment,Work,25-34,Male,Vocational/Technical,2023,Single,3192,No
3439,Sri Lanka,Norway,Marriage/Spouse,Permanent,25-34,Female,Secondary,2017,Divorced,11821,Yes
3440,Bangladesh,United Kingdom,Employment,Work,35-44,Female,Secondary,2024,Divorced,1184,No
3441,Nepal,France,Business/Investment,Work,45-54,Male,Bachelor's,2019,Married,1034,Yes
3442,Bangladesh,Canada,Employment,Work,55+,Male,Master's,2020,Married,587,No
3443,Pakistan,Malaysia,Economic Hardship,Permanent,35-44,Female,Vocational/Technical,2025,Married,423,Yes
3444,Sri Lanka,UAE,Better Quality of Life,Permanent,25-34,Male,PhD,2009,Single,965,Yes
3445,Sri Lanka,Oman,Skilled Worker Visa,Work,25-34,Male,Primary,2021,Married,398,Yes
3446,Bangladesh,South Korea,Skilled Worker Visa,Work,35-44,Male,Vocational/Technical,2015,Single,210,Yes
3447,Bangladesh,Japan,Employment,Work,25-34,Female,Secondary,2016,Single,506,Yes
3448,Pakistan,Japan,Healthcare,Permanent,45-54,Male,Bachelor's,2022,Married,860,Yes
3449,Sri Lanka,Canada,Refugee/Asylum,Permanent,35-44,Male,Master's,2022,Married,912,Yes
3450,Sri Lanka,Australia,Skilled Worker Visa,Work,45-54,Male,Bachelor's,2024,Divorced,575,Yes
3451,Nepal,Saudi Arabia,Employment,Work,18-24,Male,Vocational/Technical,2023,Single,2712,Yes
3452,Sri Lanka,Kuwait,Economic Hardship,Permanent,35-44,Male,Bachelor's,2023,Single,399,Yes
3453,Pakistan,Malaysia,Family Reunification,Permanent,35-44,Male,Master's,2022,Single,438,No
3454,Nepal,Norway,Family Reunification,Permanent,18-24,Male,Secondary,2016,Single,233,Yes
3455,Pakistan,Oman,Healthcare,Permanent,55+,Male,Vocational/Technical,2024,Married,2405,No
3456,Nepal,Japan,Skilled Worker Visa,Work,18-24,Male,Bachelor's,2020,Married,7520,Yes
3457,Nepal,Qatar,Employment,Work,25-34,Male,Vocational/Technical,2017,Divorced,277,No
3458,India,Italy,Marriage/Spouse,Permanent,35-44,Female,Secondary,2016,Single,652,No
3459,Sri Lanka,South Korea,Higher Education,Permanent,25-34,Female,Secondary,2021,Single,3974,Yes
3460,India,UAE,Employment,Work,25-34,Male,Bachelor's,2024,Divorced,1188,No
3461,Sri Lanka,Japan,Family Reunification,Permanent,35-44,Female,Primary,2023,Divorced,351,Yes
3462,India,Canada,Family Reunification,Permanent,55+,Female,Master's,2009,Divorced,650,No
3463,Nepal,Qatar,Employment,Work,25-34,Male,Master's,2019,Single,2421,Yes
3464,Nepal,Japan,Refugee/Asylum,Permanent,55+,Female,Master's,2025,Divorced,997,No
3465,Nepal,Italy,Employment,Work,25-34,Female,Bachelor's,2024,Divorced,974,Yes
3466,Bangladesh,UAE,Marriage/Spouse,Permanent,18-24,Male,Primary,2024,Divorced,1660,Yes
3467,India,United States,Higher Education,Permanent,18-24,Male,Vocational/Technical,2025,Divorced,596,Yes
3468,Nepal,Kuwait,Economic Hardship,Permanent,25-34,Male,Master's,2003,Divorced,1977,Yes
3469,Bangladesh,Malaysia,Family Reunification,Permanent,35-44,Male,Vocational/Technical,2013,Single,1181,Yes
3470,Bangladesh,New Zealand,Skilled Worker Visa,Work,25-34,Female,Bachelor's,2020,Single,1119,Yes
3471,Bangladesh,Japan,Family Reunification,Permanent,25-34,Female,Vocational/Technical,2006,Married,972,Yes
3472,India,Japan,Higher Education,Permanent,25-34,Male,Bachelor's,2020,Divorced,2399,Yes
3473,Nepal,New Zealand,Family Reunification,Permanent,18-24,Male,Bachelor's,2025,Single,856,Yes
3474,Nepal,Norway,Business/Investment,Work,25-34,Male,Bachelor's,2023,Divorced,706,Yes
3475,Pakistan,Qatar,Skilled Worker Visa,Work,18-24,Male,Secondary,2006,Single,3281,Yes
3476,India,Kuwait,Skilled Worker Visa,Work,45-54,Male,Bachelor's,2007,Single,272,Yes
3477,Sri Lanka,UAE,Employment,Work,25-34,Male,Vocational/Technical,2016,Divorced,3007,Yes
3478,Pakistan,Kuwait,Employment,Work,35-44,Female,Vocational/Technical,2023,Divorced,6862,Yes
3479,Sri Lanka,Saudi Arabia,Employment,Work,25-34,Male,Secondary,2018,Single,11528,Yes
3480,Bangladesh,Qatar,Skilled Worker Visa,Work,25-34,Male,Vocational/Technical,2016,Divorced,1019,Yes
3481,Bangladesh,Malaysia,Employment,Work,35-44,Male,Secondary,2016,Divorced,734,Yes
3482,India,Qatar,Employment,Work,25-34,Male,Vocational/Technical,2020,Married,1049,No
3483,India,Malaysia,Political Instability,Permanent,45-54,Female,Master's,2017,Married,3386,No
3484,Nepal,Norway,Marriage/Spouse,Permanent,35-44,Female,Bachelor's,2022,Single,1370,Yes
3485,Bangladesh,United States,Skilled Worker Visa,Work,55+,Male,Secondary,2015,Single,1193,Yes
3486,Sri Lanka,Norway,Family Reunification,Permanent,18-24,Male,Primary,2008,Single,6412,Yes
3487,India,Kuwait,Employment,Work,55+,Male,Primary,2019,Divorced,1243,Yes
3488,Sri Lanka,United States,Refugee/Asylum,Permanent,55+,Male,Vocational/Technical,2021,Divorced,2090,Yes
3489,Bangladesh,Norway,Higher Education,Permanent,18-24,Male,Bachelor's,2015,Single,502,Yes
3490,Bangladesh,Malaysia,Employment,Work,25-34,Male,PhD,2019,Divorced,2055,Yes
3491,India,Germany,Employment,Work,45-54,Female,Master's,2019,Married,3900,Yes
3492,Sri Lanka,UAE,Marriage/Spouse,Permanent,45-54,Male,Bachelor's,2010,Married,1254,No
3493,Bangladesh,Australia,Marriage/Spouse,Permanent,45-54,Male,Secondary,2019,Divorced,1069,Yes
3494,India,Qatar,Employment,Work,55+,Male,Master's,2012,Single,992,Yes
3495,Nepal,New Zealand,Better Quality of Life,Permanent,25-34,Male,Master's,2017,Single,521,Yes
3496,Sri Lanka,Saudi Arabia,Employment,Work,45-54,Male,Secondary,2012,Married,1137,Yes
3497,Nepal,Oman,Employment,Work,55+,Male,Bachelor's,2023,Single,1105,No
3498,Pakistan,France,Family Reunification,Permanent,25-34,Female,Secondary,2010,Divorced,1419,No
3499,Bangladesh,Italy,Marriage/Spouse,Permanent,35-44,Male,Bachelor's,2019,Married,1242,No
3500,Bangladesh,Qatar,Employment,Work,35-44,Male,Secondary,2021,Divorced,324,Yes
3501,Bangladesh,Italy,Permanent Residency,Permanent,45-54,Male,Secondary,2022,Divorced,879,Yes
3502,India,Canada,Employment,Work,55+,Female,Vocational/Technical,2022,Single,256,Yes
3503,India,France,Marriage/Spouse,Permanent,35-44,Male,Master's,2016,Divorced,2825,Yes
3504,Nepal,Canada,Higher Education,Permanent,35-44,Female,Primary,2016,Single,1348,Yes
3505,India,Italy,Higher Education,Permanent,25-34,Male,PhD,2019,Single,1022,Yes
3506,Pakistan,Qatar,Family Reunification,Permanent,35-44,Female,Bachelor's,2024,Divorced,1472,No
3507,Pakistan,Norway,Employment,Work,35-44,Female,Bachelor's,2021,Single,2653,Yes
3508,Nepal,Norway,Employment,Work,45-54,Male,Bachelor's,2016,Single,520,Yes
3509,Bangladesh,New Zealand,Skilled Worker Visa,Work,35-44,Male,Bachelor's,2021,Divorced,582,Yes
3510,Pakistan,Japan,Refugee/Asylum,Permanent,35-44,Female,Vocational/Technical,2010,Divorced,3036,Yes
3511,India,South Korea,Family Reunification,Permanent,45-54,Male,Bachelor's,2018,Single,3236,Yes
3512,Nepal,France,Higher Education,Permanent,25-34,Female,Vocational/Technical,2021,Single,1385,Yes
3513,Pakistan,France,Refugee/Asylum,Permanent,25-34,Male,Secondary,2018,Single,906,Yes
3514,Nepal,Norway,Higher Education,Permanent,45-54,Male,PhD,2002,Single,3637,Yes
3515,Pakistan,Saudi Arabia,Employment,Work,25-34,Male,PhD,2007,Married,3845,No
3516,Nepal,New Zealand,Marriage/Spouse,Permanent,55+,Female,Bachelor's,2023,Single,2342,Yes
3517,India,Saudi Arabia,Higher Education,Permanent,45-54,Male,Secondary,2022,Divorced,1377,Yes
3518,Bangladesh,Germany,Employment,Work,35-44,Female,Master's,2022,Divorced,614,Yes
3519,Sri Lanka,United Kingdom,Employment,Work,25-34,Male,PhD,2022,Single,588,Yes
3520,Bangladesh,Japan,Healthcare,Permanent,35-44,Male,Primary,2018,Married,3450,Yes
3521,Bangladesh,Canada,Skilled Worker Visa,Work,18-24,Male,Secondary,2018,Single,3976,Yes
3522,Pakistan,United Kingdom,Better Quality of Life,Permanent,25-34,Female,PhD,2018,Single,763,Yes
3523,India,UAE,Employment,Work,45-54,Male,Secondary,2007,Married,1393,No
3524,India,Saudi Arabia,Healthcare,Permanent,25-34,Male,Bachelor's,2015,Single,1683,Yes
3525,India,Japan,Employment,Work,25-34,Male,Vocational/Technical,2009,Divorced,430,Yes
3526,Pakistan,Qatar,Economic Hardship,Permanent,35-44,Male,Bachelor's,2025,Divorced,1056,Yes
3527,Pakistan,France,Permanent Residency,Permanent,55+,Female,Master's,2006,Divorced,3715,No
3528,Bangladesh,Japan,Employment,Work,25-34,Female,Primary,2022,Divorced,625,No
3529,India,Australia,Family Reunification,Permanent,25-34,Male,Secondary,2024,Divorced,555,Yes
3530,Nepal,France,Family Reunification,Permanent,25-34,Female,PhD,2024,Married,544,No
3531,Pakistan,Oman,Employment,Work,25-34,Male,Master's,2011,Divorced,615,Yes
3532,Nepal,Norway,Higher Education,Permanent,25-34,Male,Secondary,2021,Divorced,6510,No
3533,Bangladesh,Norway,Higher Education,Permanent,25-34,Male,Bachelor's,2016,Divorced,1349,No
3534,Bangladesh,United Kingdom,Marriage/Spouse,Permanent,35-44,Female,Secondary,2025,Married,2871,No
3535,Bangladesh,United Kingdom,Healthcare,Permanent,35-44,Female,Vocational/Technical,2008,Married,1133,Yes
3536,Pakistan,Saudi Arabia,Marriage/Spouse,Permanent,35-44,Female,Secondary,2011,Divorced,2884,Yes
3537,Bangladesh,Saudi Arabia,Employment,Work,25-34,Female,Bachelor's,2015,Divorced,3885,Yes
3538,Bangladesh,Norway,Employment,Work,25-34,Male,Master's,2001,Married,10818,Yes
3539,Pakistan,Japan,Marriage/Spouse,Permanent,25-34,Female,Master's,2021,Married,571,No
3540,Bangladesh,Australia,Higher Education,Permanent,55+,Male,Master's,2014,Married,3195,Yes
3541,India,United States,Higher Education,Permanent,25-34,Female,Master's,2017,Married,1416,Yes
3542,India,United Kingdom,Family Reunification,Permanent,35-44,Male,Vocational/Technical,2022,Married,2796,Yes
3543,India,United States,Higher Education,Permanent,18-24,Female,Bachelor's,2021,Divorced,360,Yes
3544,Sri Lanka,Kuwait,Employment,Work,35-44,Male,Master's,2007,Divorced,1103,No
3545,Pakistan,Kuwait,Economic Hardship,Permanent,35-44,Male,Bachelor's,2024,Single,3140,No
3546,India,Italy,Permanent Residency,Permanent,18-24,Female,Bachelor's,2014,Single,263,Yes
3547,Bangladesh,France,Employment,Work,25-34,Male,Master's,2016,Married,739,Yes
3548,India,United Kingdom,Permanent Residency,Permanent,18-24,Female,Secondary,2019,Married,1308,No
3549,Bangladesh,Norway,Economic Hardship,Permanent,45-54,Female,Master's,2011,Married,865,Yes
3550,Pakistan,UAE,Employment,Work,35-44,Male,Vocational/Technical,2022,Married,2395,Yes
3551,Pakistan,New Zealand,Family Reunification,Permanent,55+,Female,Master's,2022,Single,565,Yes
3552,Sri Lanka,United Kingdom,Permanent Residency,Permanent,25-34,Male,Bachelor's,2008,Single,1129,Yes
3553,Nepal,Malaysia,Employment,Work,45-54,Male,Vocational/Technical,2020,Divorced,1555,Yes
3554,Sri Lanka,Kuwait,Employment,Work,55+,Male,Secondary,2015,Single,1020,No
3555,Nepal,Norway,Business/Investment,Work,18-24,Male,Secondary,2018,Married,10378,Yes
3556,Sri Lanka,France,Healthcare,Permanent,25-34,Male,Bachelor's,2011,Single,10015,Yes
3557,Bangladesh,Kuwait,Employment,Work,35-44,Male,Secondary,2025,Married,1369,Yes
3558,Bangladesh,Japan,Refugee/Asylum,Permanent,25-34,Male,Master's,2011,Divorced,262,Yes
3559,Nepal,Norway,Employment,Work,35-44,Male,Bachelor's,2005,Divorced,6564,Yes
3560,Bangladesh,Germany,Marriage/Spouse,Permanent,55+,Female,PhD,2025,Divorced,7372,Yes
3561,Pakistan,Oman,Employment,Work,45-54,Female,Bachelor's,2018,Single,586,Yes
3562,India,United Kingdom,Political Instability,Permanent,25-34,Male,Primary,2002,Divorced,2982,Yes
3563,Bangladesh,South Korea,Skilled Worker Visa,Work,45-54,Female,Secondary,2007,Single,4000,No
3564,Pakistan,Japan,Permanent Residency,Permanent,55+,Male,Bachelor's,2024,Divorced,1203,Yes
3565,Bangladesh,United Kingdom,Employment,Work,35-44,Male,PhD,2006,Married,944,No
3566,Pakistan,Qatar,Higher Education,Permanent,35-44,Female,Bachelor's,2007,Married,9844,Yes
3567,India,Canada,Higher Education,Permanent,35-44,Male,Primary,2023,Divorced,10624,Yes
3568,Bangladesh,Oman,Family Reunification,Permanent,18-24,Female,Secondary,2024,Married,3307,No
3569,India,Saudi Arabia,Family Reunification,Permanent,25-34,Male,Master's,2018,Single,1019,Yes
3570,Bangladesh,France,Permanent Residency,Permanent,25-34,Female,Master's,2010,Married,518,Yes
3571,Pakistan,Qatar,Business/Investment,Work,25-34,Female,Vocational/Technical,2023,Divorced,1218,Yes
3572,Pakistan,Qatar,Family Reunification,Permanent,45-54,Male,Bachelor's,2007,Married,343,No
3573,Sri Lanka,Oman,Skilled Worker Visa,Work,25-34,Male,Vocational/Technical,2022,Married,469,No
3574,India,Italy,Family Reunification,Permanent,45-54,Female,Secondary,2002,Married,3926,Yes
3575,Nepal,New Zealand,Employment,Work,45-54,Female,Secondary,2015,Single,470,Yes
3576,India,Qatar,Marriage/Spouse,Permanent,35-44,Male,Master's,2010,Married,1141,Yes
3577,India,Kuwait,Employment,Work,35-44,Male,Master's,2006,Married,1406,Yes
3578,India,South Korea,Higher Education,Permanent,55+,Female,Master's,2022,Single,586,Yes
3579,Nepal,United States,Higher Education,Permanent,45-54,Male,Bachelor's,2000,Divorced,391,Yes
3580,Pakistan,Kuwait,Skilled Worker Visa,Work,18-24,Male,Bachelor's,2005,Divorced,4336,Yes
3581,India,United States,Skilled Worker Visa,Work,25-34,Female,PhD,2021,Married,353,Yes
3582,Nepal,South Korea,Marriage/Spouse,Permanent,25-34,Male,Bachelor's,2011,Divorced,3623,No
3583,Pakistan,Canada,Skilled Worker Visa,Work,55+,Female,Master's,2020,Divorced,3929,Yes
3584,Bangladesh,United Kingdom,Employment,Work,25-34,Female,Bachelor's,2011,Single,885,Yes
3585,Bangladesh,France,Refugee/Asylum,Permanent,18-24,Male,Master's,2016,Single,1233,Yes
3586,Nepal,Saudi Arabia,Family Reunification,Permanent,25-34,Male,Master's,2022,Single,394,Yes
3587,Pakistan,Kuwait,Skilled Worker Visa,Work,18-24,Male,Master's,2015,Single,1067,Yes
3588,Nepal,UAE,Marriage/Spouse,Permanent,18-24,Male,Bachelor's,2009,Single,420,Yes
3589,Nepal,Italy,Family Reunification,Permanent,35-44,Female,Bachelor's,2016,Divorced,519,Yes
3590,Pakistan,Kuwait,Business/Investment,Work,25-34,Male,Primary,2020,Single,6841,Yes
3591,Nepal,Malaysia,Permanent Residency,Permanent,35-44,Male,Bachelor's,2021,Married,11130,Yes
3592,Nepal,Italy,Permanent Residency,Permanent,35-44,Female,Bachelor's,2014,Single,3342,Yes
3593,Bangladesh,United States,Employment,Work,25-34,Male,Secondary,2012,Married,205,No
3594,Pakistan,Qatar,Employment,Work,55+,Female,Primary,2019,Single,1842,Yes
3595,Bangladesh,South Korea,Employment,Work,18-24,Male,Bachelor's,2025,Married,3463,Yes
3596,India,United States,Marriage/Spouse,Permanent,35-44,Female,Master's,2023,Divorced,3211,Yes
3597,Bangladesh,Australia,Refugee/Asylum,Permanent,35-44,Female,PhD,2009,Single,1205,Yes
3598,Pakistan,Qatar,Refugee/Asylum,Permanent,35-44,Male,Primary,2012,Married,354,Yes
3599,Sri Lanka,Kuwait,Employment,Work,55+,Male,Bachelor's,2020,Married,526,Yes
3600,Pakistan,Oman,Employment,Work,25-34,Male,Master's,2022,Married,3014,Yes
3601,Sri Lanka,Norway,Business/Investment,Work,18-24,Female,Master's,2021,Divorced,8645,Yes
3602,India,Malaysia,Family Reunification,Permanent,45-54,Male,Secondary,2019,Single,246,Yes
3603,Bangladesh,Malaysia,Permanent Residency,Permanent,35-44,Male,Secondary,2020,Single,388,No
3604,Nepal,Kuwait,Economic Hardship,Permanent,45-54,Female,PhD,2023,Married,1406,Yes
3605,India,United Kingdom,Skilled Worker Visa,Work,45-54,Female,Master's,2019,Married,223,Yes
3606,India,Qatar,Political Instability,Permanent,25-34,Male,Master's,2015,Divorced,593,Yes
3607,Bangladesh,United Kingdom,Marriage/Spouse,Permanent,25-34,Male,Bachelor's,2019,Married,522,Yes
3608,Nepal,Japan,Permanent Residency,Permanent,55+,Male,Bachelor's,2014,Divorced,1010,Yes
3609,Nepal,Oman,Employment,Work,35-44,Male,Master's,2013,Married,2973,Yes
3610,Bangladesh,Germany,Employment,Work,55+,Female,Vocational/Technical,2022,Married,272,Yes
3611,Nepal,Canada,Better Quality of Life,Permanent,25-34,Male,Vocational/Technical,2008,Married,1471,Yes
3612,Pakistan,Australia,Healthcare,Permanent,55+,Male,Secondary,2022,Single,1034,No
3613,Pakistan,Germany,Better Quality of Life,Permanent,45-54,Female,Bachelor's,2013,Single,1393,Yes
3614,Bangladesh,Oman,Employment,Work,35-44,Female,Bachelor's,2022,Single,1241,Yes
3615,Bangladesh,Kuwait,Employment,Work,25-34,Male,Bachelor's,2007,Divorced,447,No
3616,Pakistan,Qatar,Employment,Work,25-34,Male,Bachelor's,2005,Single,406,Yes
3617,Pakistan,Canada,Family Reunification,Permanent,45-54,Male,Primary,2011,Divorced,1268,Yes
3618,Bangladesh,Canada,Employment,Work,55+,Female,Bachelor's,2025,Single,314,Yes
3619,Bangladesh,Norway,Higher Education,Permanent,35-44,Male,Master's,2017,Divorced,556,Yes
3620,Pakistan,UAE,Marriage/Spouse,Permanent,25-34,Male,Bachelor's,2023,Divorced,456,Yes
3621,Bangladesh,United States,Permanent Residency,Permanent,55+,Male,Bachelor's,2016,Divorced,615,Yes
3622,Sri Lanka,Kuwait,Employment,Work,35-44,Female,Bachelor's,2005,Divorced,1352,Yes
3623,Pakistan,UAE,Employment,Work,45-54,Male,Primary,2019,Single,1363,Yes
3624,Pakistan,United States,Family Reunification,Permanent,18-24,Female,Secondary,2025,Married,501,Yes
3625,Sri Lanka,UAE,Employment,Work,18-24,Male,Secondary,2008,Single,1951,Yes
3626,Pakistan,Saudi Arabia,Employment,Work,35-44,Male,Bachelor's,2008,Married,584,Yes
3627,Nepal,United Kingdom,Marriage/Spouse,Permanent,35-44,Male,PhD,2019,Single,229,Yes
3628,India,United Kingdom,Family Reunification,Permanent,25-34,Male,Secondary,2003,Divorced,10712,Yes
3629,Sri Lanka,South Korea,Marriage/Spouse,Permanent,25-34,Male,Master's,2025,Married,612,Yes
3630,Nepal,Oman,Family Reunification,Permanent,45-54,Male,Master's,2008,Married,520,Yes
3631,Bangladesh,South Korea,Family Reunification,Permanent,18-24,Male,Bachelor's,2016,Divorced,544,No
3632,India,South Korea,Refugee/Asylum,Permanent,55+,Female,Secondary,2023,Divorced,2599,Yes
3633,India,Malaysia,Permanent Residency,Permanent,25-34,Male,Bachelor's,2017,Single,1250,Yes
3634,Nepal,Saudi Arabia,Employment,Work,35-44,Female,Vocational/Technical,2020,Married,1165,No
3635,Bangladesh,Japan,Higher Education,Permanent,18-24,Female,Master's,2002,Married,321,Yes
3636,India,Oman,Family Reunification,Permanent,18-24,Male,Master's,2020,Single,1179,Yes
3637,India,United States,Marriage/Spouse,Permanent,25-34,Female,Master's,2024,Married,3421,Yes
3638,Sri Lanka,United States,Family Reunification,Permanent,18-24,Male,Bachelor's,2017,Single,719,Yes
3639,India,Italy,Higher Education,Permanent,25-34,Male,Vocational/Technical,2019,Divorced,2905,Yes
3640,India,Malaysia,Higher Education,Permanent,55+,Male,Vocational/Technical,2025,Single,705,No
3641,Sri Lanka,Canada,Family Reunification,Permanent,35-44,Male,Primary,2010,Married,629,Yes
3642,Pakistan,Australia,Better Quality of Life,Permanent,25-34,Male,Vocational/Technical,2020,Divorced,1442,Yes
3643,Bangladesh,South Korea,Better Quality of Life,Permanent,25-34,Male,Secondary,2018,Divorced,4707,Yes
3644,Sri Lanka,Norway,Marriage/Spouse,Permanent,18-24,Female,Primary,2013,Married,279,Yes
3645,Pakistan,Oman,Skilled Worker Visa,Work,18-24,Male,Vocational/Technical,2004,Divorced,3176,No
3646,Nepal,Canada,Permanent Residency,Permanent,45-54,Male,Bachelor's,2020,Divorced,545,Yes
3647,Bangladesh,UAE,Marriage/Spouse,Permanent,18-24,Male,Vocational/Technical,2000,Divorced,1835,No
3648,Bangladesh,Norway,Marriage/Spouse,Permanent,45-54,Male,Vocational/Technical,2020,Divorced,266,Yes
3649,Pakistan,Malaysia,Skilled Worker Visa,Work,25-34,Male,Secondary,2023,Single,1504,Yes
3650,Bangladesh,Kuwait,Employment,Work,35-44,Male,Vocational/Technical,2009,Married,454,Yes
3651,India,Kuwait,Marriage/Spouse,Permanent,18-24,Male,Bachelor's,2016,Divorced,343,Yes
3652,Sri Lanka,Italy,Skilled Worker Visa,Work,35-44,Male,Bachelor's,2017,Divorced,560,Yes
3653,Pakistan,New Zealand,Family Reunification,Permanent,35-44,Female,Bachelor's,2021,Divorced,794,Yes
3654,Pakistan,Canada,Business/Investment,Work,25-34,Male,Bachelor's,2005,Divorced,338,No
3655,Pakistan,South Korea,Better Quality of Life,Permanent,45-54,Male,Secondary,2016,Married,1505,No
3656,India,Saudi Arabia,Employment,Work,45-54,Male,Vocational/Technical,2014,Single,290,No
3657,Pakistan,UAE,Employment,Work,25-34,Male,Bachelor's,2017,Single,304,Yes
3658,Pakistan,Canada,Employment,Work,55+,Female,Master's,2017,Single,639,Yes
3659,Nepal,Norway,Political Instability,Permanent,25-34,Male,Primary,2006,Divorced,1446,Yes
3660,Sri Lanka,South Korea,Employment,Work,18-24,Female,Master's,2022,Married,482,No
3661,Bangladesh,France,Higher Education,Permanent,45-54,Female,Master's,2025,Married,1821,No
3662,Pakistan,UAE,Refugee/Asylum,Permanent,18-24,Male,Vocational/Technical,2022,Single,1045,No
3663,Bangladesh,Italy,Family Reunification,Permanent,45-54,Female,Master's,2009,Divorced,894,Yes
3664,Sri Lanka,Qatar,Family Reunification,Permanent,45-54,Male,PhD,2017,Single,2431,Yes
3665,India,Australia,Employment,Work,25-34,Male,Bachelor's,2021,Single,382,Yes
3666,Sri Lanka,Saudi Arabia,Employment,Work,25-34,Male,Master's,2010,Married,557,Yes
3667,Bangladesh,Canada,Family Reunification,Permanent,35-44,Female,Master's,2022,Single,368,No
3668,Bangladesh,Oman,Political Instability,Permanent,25-34,Female,Bachelor's,2023,Single,231,Yes
3669,Sri Lanka,Kuwait,Family Reunification,Permanent,25-34,Female,Bachelor's,2022,Divorced,5696,Yes
3670,Nepal,Kuwait,Skilled Worker Visa,Work,45-54,Female,Master's,2013,Married,1298,Yes
3671,Nepal,France,Skilled Worker Visa,Work,25-34,Male,Secondary,2014,Single,2073,No
3672,Bangladesh,Japan,Refugee/Asylum,Permanent,35-44,Male,Secondary,2007,Divorced,578,Yes
3673,Nepal,Malaysia,Higher Education,Permanent,25-34,Female,Bachelor's,2021,Divorced,1018,No
3674,India,South Korea,Refugee/Asylum,Permanent,55+,Female,Vocational/Technical,2021,Married,2458,Yes
3675,Nepal,United States,Family Reunification,Permanent,35-44,Male,Master's,2022,Single,2976,Yes
3676,Sri Lanka,Canada,Skilled Worker Visa,Work,25-34,Female,Bachelor's,2018,Married,754,Yes
3677,Sri Lanka,Kuwait,Employment,Work,18-24,Female,Master's,2022,Single,229,Yes
3678,Bangladesh,Japan,Employment,Work,55+,Male,Vocational/Technical,2014,Single,3197,Yes
3679,India,UAE,Marriage/Spouse,Permanent,35-44,Female,Vocational/Technical,2005,Married,676,Yes
3680,Bangladesh,France,Higher Education,Permanent,35-44,Male,Vocational/Technical,2006,Divorced,1673,Yes
3681,Bangladesh,Saudi Arabia,Family Reunification,Permanent,18-24,Male,Master's,2016,Married,2300,Yes
3682,Nepal,South Korea,Family Reunification,Permanent,25-34,Male,Master's,2010,Divorced,10302,Yes
3683,Pakistan,France,Family Reunification,Permanent,25-34,Male,Vocational/Technical,2019,Single,1951,No
3684,Sri Lanka,United Kingdom,Higher Education,Permanent,25-34,Male,Master's,2008,Married,1748,Yes
3685,Nepal,Norway,Higher Education,Permanent,45-54,Male,Master's,2002,Married,1030,Yes
3686,Sri Lanka,Kuwait,Marriage/Spouse,Permanent,35-44,Male,Vocational/Technical,2015,Divorced,464,Yes
3687,Sri Lanka,Saudi Arabia,Permanent Residency,Permanent,35-44,Male,Master's,2021,Married,657,No
3688,Bangladesh,Kuwait,Skilled Worker Visa,Work,25-34,Male,Vocational/Technical,2023,Divorced,3681,Yes
3689,Sri Lanka,Italy,Refugee/Asylum,Permanent,25-34,Female,Bachelor's,2013,Married,1011,Yes
3690,Bangladesh,Germany,Higher Education,Permanent,18-24,Male,Bachelor's,2019,Single,1334,No
3691,India,Italy,Family Reunification,Permanent,18-24,Male,Secondary,2021,Single,1212,Yes
3692,India,Saudi Arabia,Family Reunification,Permanent,45-54,Male,Vocational/Technical,2017,Married,1449,Yes
3693,Pakistan,Qatar,Employment,Work,25-34,Male,Vocational/Technical,2024,Divorced,2247,Yes
3694,Bangladesh,Canada,Family Reunification,Permanent,25-34,Female,Bachelor's,2009,Divorced,6989,Yes
3695,Bangladesh,Oman,Permanent Residency,Permanent,25-34,Male,Master's,2018,Single,467,Yes
3696,Sri Lanka,Oman,Higher Education,Permanent,35-44,Male,Primary,2022,Divorced,261,Yes
3697,Sri Lanka,United Kingdom,Skilled Worker Visa,Work,18-24,Male,Secondary,2008,Married,1264,Yes
3698,Sri Lanka,Qatar,Employment,Work,18-24,Male,Bachelor's,2000,Married,1731,No
3699,Pakistan,Germany,Healthcare,Permanent,55+,Male,Master's,2025,Single,1618,Yes
3700,Pakistan,Australia,Higher Education,Permanent,35-44,Female,Secondary,2020,Single,1469,Yes
3701,Nepal,France,Family Reunification,Permanent,25-34,Male,Master's,2021,Single,955,Yes
3702,Sri Lanka,Kuwait,Employment,Work,25-34,Male,Master's,2022,Single,8726,Yes
3703,India,Germany,Employment,Work,18-24,Male,Bachelor's,2004,Single,689,Yes
3704,Bangladesh,Norway,Employment,Work,45-54,Male,Vocational/Technical,2023,Divorced,2211,Yes
3705,Bangladesh,South Korea,Permanent Residency,Permanent,35-44,Female,Bachelor's,2000,Married,448,Yes
3706,Bangladesh,Australia,Employment,Work,25-34,Female,Bachelor's,2004,Married,3201,Yes
3707,Pakistan,South Korea,Family Reunification,Permanent,18-24,Male,Bachelor's,2015,Married,671,Yes
3708,Nepal,Italy,Political Instability,Permanent,35-44,Female,Bachelor's,2007,Divorced,208,Yes
3709,Bangladesh,United States,Refugee/Asylum,Permanent,45-54,Male,PhD,2023,Divorced,1563,Yes
3710,India,UAE,Marriage/Spouse,Permanent,35-44,Male,Primary,2011,Single,354,Yes
3711,Bangladesh,Italy,Higher Education,Permanent,35-44,Female,Primary,2019,Divorced,3680,No
3712,Sri Lanka,Japan,Family Reunification,Permanent,25-34,Female,Secondary,2013,Single,1768,No
3713,Nepal,Japan,Political Instability,Permanent,25-34,Male,Secondary,2016,Single,1391,No
3714,Pakistan,Japan,Employment,Work,35-44,Male,Vocational/Technical,2016,Divorced,226,No
3715,Nepal,Qatar,Political Instability,Permanent,18-24,Female,Secondary,2005,Single,503,Yes
3716,Pakistan,Italy,Marriage/Spouse,Permanent,55+,Female,PhD,2025,Divorced,1202,Yes
3717,Bangladesh,Saudi Arabia,Skilled Worker Visa,Work,18-24,Male,Bachelor's,2011,Married,336,Yes
3718,India,United Kingdom,Higher Education,Permanent,25-34,Male,Bachelor's,2019,Single,4071,Yes
3719,Pakistan,Norway,Permanent Residency,Permanent,45-54,Male,Bachelor's,2016,Single,1500,Yes
3720,Pakistan,New Zealand,Employment,Work,35-44,Male,Bachelor's,2019,Divorced,506,Yes
3721,Bangladesh,Saudi Arabia,Employment,Work,45-54,Male,Vocational/Technical,2002,Single,600,No
3722,Pakistan,Italy,Employment,Work,25-34,Female,Vocational/Technical,2011,Married,1352,Yes
3723,India,New Zealand,Higher Education,Permanent,35-44,Male,Secondary,2025,Single,303,No
3724,Nepal,United Kingdom,Political Instability,Permanent,18-24,Male,Secondary,2011,Single,234,Yes
3725,India,New Zealand,Higher Education,Permanent,55+,Male,Primary,2018,Married,928,Yes
3726,Sri Lanka,United States,Family Reunification,Permanent,25-34,Female,PhD,2005,Single,372,No
3727,India,Saudi Arabia,Skilled Worker Visa,Work,18-24,Male,Secondary,2012,Single,9784,Yes
3728,Nepal,Germany,Permanent Residency,Permanent,35-44,Male,Master's,2000,Divorced,2130,Yes
3729,Bangladesh,France,Family Reunification,Permanent,45-54,Female,Secondary,2016,Divorced,1080,Yes
3730,Pakistan,Italy,Employment,Work,25-34,Female,Primary,2024,Divorced,675,Yes
3731,Bangladesh,Kuwait,Employment,Work,18-24,Male,Bachelor's,2006,Single,319,Yes
3732,Sri Lanka,Qatar,Family Reunification,Permanent,25-34,Male,Vocational/Technical,2020,Single,211,Yes
3733,India,Germany,Employment,Work,18-24,Male,Bachelor's,2019,Divorced,639,Yes
3734,Nepal,UAE,Employment,Work,25-34,Male,Bachelor's,2014,Divorced,8867,Yes
3735,Sri Lanka,South Korea,Higher Education,Permanent,35-44,Female,Secondary,2016,Divorced,1649,Yes
3736,Sri Lanka,United States,Employment,Work,25-34,Female,Master's,2024,Married,1514,Yes
3737,Sri Lanka,Oman,Employment,Work,45-54,Male,Bachelor's,2023,Divorced,507,Yes
3738,Pakistan,Qatar,Refugee/Asylum,Permanent,25-34,Male,Primary,2020,Divorced,395,Yes
3739,Pakistan,Japan,Employment,Work,18-24,Male,PhD,2013,Married,798,Yes
3740,Sri Lanka,Italy,Employment,Work,25-34,Male,Primary,2015,Divorced,1045,Yes
3741,Pakistan,Germany,Family Reunification,Permanent,25-34,Female,Vocational/Technical,2024,Single,1342,No
3742,Nepal,Qatar,Employment,Work,18-24,Male,Vocational/Technical,2022,Married,3357,Yes
3743,Bangladesh,South Korea,Skilled Worker Visa,Work,35-44,Male,Primary,2022,Married,3063,Yes
3744,Nepal,United States,Employment,Work,18-24,Male,Vocational/Technical,2025,Married,2457,Yes
3745,Sri Lanka,Norway,Permanent Residency,Permanent,55+,Male,Secondary,2023,Divorced,762,Yes
3746,India,Oman,Employment,Work,45-54,Male,Master's,2023,Married,1532,Yes
3747,Bangladesh,Japan,Business/Investment,Work,55+,Male,Secondary,2010,Single,885,Yes
3748,Sri Lanka,United States,Permanent Residency,Permanent,25-34,Male,Secondary,2008,Married,1441,Yes
3749,Sri Lanka,Italy,Employment,Work,45-54,Male,Secondary,2002,Married,316,Yes
3750,Nepal,United Kingdom,Higher Education,Permanent,35-44,Male,Bachelor's,2001,Married,315,Yes
3751,Nepal,United States,Family Reunification,Permanent,55+,Male,Vocational/Technical,2020,Married,540,No
3752,Sri Lanka,France,Employment,Work,35-44,Male,Primary,2015,Divorced,291,Yes
3753,Nepal,Australia,Family Reunification,Permanent,25-34,Male,Vocational/Technical,2023,Married,3308,Yes
3754,Sri Lanka,Germany,Refugee/Asylum,Permanent,18-24,Male,Primary,2002,Single,3178,Yes
3755,Bangladesh,United States,Permanent Residency,Permanent,25-34,Female,Bachelor's,2016,Divorced,828,Yes
3756,Nepal,Saudi Arabia,Employment,Work,55+,Male,Master's,2006,Divorced,344,Yes
3757,Sri Lanka,South Korea,Employment,Work,25-34,Male,Bachelor's,2006,Divorced,414,Yes
3758,Bangladesh,Australia,Higher Education,Permanent,45-54,Female,Master's,2021,Divorced,2216,Yes
3759,Pakistan,Australia,Refugee/Asylum,Permanent,45-54,Male,Bachelor's,2021,Married,239,Yes
3760,Sri Lanka,Australia,Employment,Work,25-34,Female,Bachelor's,2007,Divorced,805,Yes
3761,India,France,Skilled Worker Visa,Work,18-24,Male,Master's,2009,Divorced,1275,Yes
3762,India,Australia,Employment,Work,25-34,Male,Bachelor's,2013,Single,7576,No
3763,India,South Korea,Refugee/Asylum,Permanent,25-34,Male,Primary,2019,Divorced,414,Yes
3764,India,UAE,Higher Education,Permanent,35-44,Female,Bachelor's,2013,Divorced,11121,Yes
3765,Bangladesh,Kuwait,Skilled Worker Visa,Work,55+,Male,Primary,2019,Divorced,11073,No
3766,Nepal,Japan,Economic Hardship,Permanent,45-54,Female,Vocational/Technical,2007,Divorced,1008,No
3767,Pakistan,Australia,Family Reunification,Permanent,35-44,Male,Primary,2019,Married,3484,Yes
3768,Pakistan,Italy,Political Instability,Permanent,55+,Male,Master's,2014,Married,3862,No
3769,Bangladesh,Oman,Marriage/Spouse,Permanent,55+,Male,Bachelor's,2004,Married,9933,Yes
3770,Pakistan,Canada,Skilled Worker Visa,Work,35-44,Female,Secondary,2007,Married,821,Yes
3771,Pakistan,New Zealand,Skilled Worker Visa,Work,45-54,Male,Master's,2016,Divorced,641,Yes
3772,Bangladesh,Qatar,Employment,Work,35-44,Male,Vocational/Technical,2005,Divorced,551,Yes
3773,Sri Lanka,United States,Refugee/Asylum,Permanent,35-44,Male,Bachelor's,2010,Divorced,389,No
3774,Pakistan,Oman,Employment,Work,25-34,Male,Bachelor's,2019,Married,283,Yes
3775,Sri Lanka,Qatar,Employment,Work,18-24,Male,Bachelor's,2009,Single,923,Yes
3776,Pakistan,United States,Economic Hardship,Permanent,35-44,Male,Master's,2018,Married,396,No
3777,Bangladesh,UAE,Employment,Work,25-34,Female,Secondary,2020,Divorced,2568,Yes
3778,Nepal,Kuwait,Family Reunification,Permanent,25-34,Male,Secondary,2012,Single,3405,Yes
3779,India,New Zealand,Employment,Work,25-34,Female,Bachelor's,2007,Single,227,No
3780,Bangladesh,New Zealand,Skilled Worker Visa,Work,25-34,Female,Bachelor's,2021,Divorced,1972,Yes
3781,Pakistan,France,Family Reunification,Permanent,25-34,Female,Primary,2000,Married,2347,Yes
3782,Bangladesh,Japan,Skilled Worker Visa,Work,18-24,Male,Bachelor's,2006,Single,786,Yes
3783,India,New Zealand,Employment,Work,45-54,Female,Master's,2009,Married,601,No
3784,Bangladesh,Oman,Employment,Work,45-54,Male,Vocational/Technical,2020,Divorced,810,Yes
3785,Sri Lanka,Oman,Marriage/Spouse,Permanent,25-34,Male,Vocational/Technical,2006,Single,3009,Yes
3786,India,Canada,Skilled Worker Visa,Work,18-24,Male,Bachelor's,2022,Single,1065,Yes
3787,Sri Lanka,Norway,Refugee/Asylum,Permanent,18-24,Male,PhD,2011,Single,246,Yes
3788,Pakistan,South Korea,Skilled Worker Visa,Work,18-24,Female,Bachelor's,2011,Married,504,Yes
3789,Bangladesh,Australia,Permanent Residency,Permanent,55+,Male,Secondary,2022,Single,3491,Yes
3790,Sri Lanka,Italy,Employment,Work,55+,Female,Bachelor's,2006,Single,419,Yes
3791,Sri Lanka,Japan,Employment,Work,55+,Male,Bachelor's,2025,Divorced,10392,No
3792,Pakistan,Norway,Skilled Worker Visa,Work,45-54,Female,Bachelor's,2020,Divorced,441,Yes
3793,Sri Lanka,Australia,Permanent Residency,Permanent,35-44,Male,Bachelor's,2021,Single,2944,Yes
3794,India,Japan,Marriage/Spouse,Permanent,35-44,Female,PhD,2019,Married,1721,Yes
3795,Nepal,Norway,Family Reunification,Permanent,45-54,Female,Bachelor's,2015,Divorced,2178,Yes
3796,Bangladesh,Italy,Better Quality of Life,Permanent,18-24,Female,PhD,2019,Single,1631,Yes
3797,Bangladesh,Japan,Employment,Work,35-44,Male,Master's,2006,Married,6551,Yes
3798,Bangladesh,Kuwait,Healthcare,Permanent,55+,Male,Master's,2012,Divorced,2791,Yes
3799,Bangladesh,Canada,Employment,Work,25-34,Male,Secondary,2018,Divorced,2618,No
3800,Sri Lanka,Norway,Employment,Work,25-34,Male,Bachelor's,2022,Divorced,2994,Yes
3801,India,South Korea,Healthcare,Permanent,25-34,Female,Vocational/Technical,2011,Divorced,1089,Yes
3802,Pakistan,Saudi Arabia,Employment,Work,45-54,Male,Master's,2012,Divorced,3941,Yes
3803,India,United Kingdom,Political Instability,Permanent,18-24,Male,Master's,2022,Single,2707,No
3804,Pakistan,Saudi Arabia,Family Reunification,Permanent,25-34,Male,Primary,2016,Divorced,673,Yes
3805,India,South Korea,Employment,Work,25-34,Male,Secondary,2013,Single,8590,No
3806,Bangladesh,Germany,Marriage/Spouse,Permanent,45-54,Male,Vocational/Technical,2020,Single,404,Yes
3807,Nepal,Italy,Employment,Work,25-34,Male,Bachelor's,2001,Divorced,595,Yes
3808,India,New Zealand,Business/Investment,Work,25-34,Male,Secondary,2016,Married,1385,No
3809,Pakistan,Canada,Economic Hardship,Permanent,35-44,Male,Secondary,2011,Single,244,Yes
3810,India,UAE,Higher Education,Permanent,25-34,Male,Bachelor's,2025,Divorced,1830,Yes
3811,Bangladesh,Canada,Employment,Work,18-24,Female,Secondary,2009,Married,1263,Yes
3812,Pakistan,Oman,Marriage/Spouse,Permanent,25-34,Male,Bachelor's,2006,Married,3517,Yes
3813,Pakistan,Oman,Political Instability,Permanent,18-24,Male,Secondary,2022,Divorced,554,Yes
3814,Pakistan,South Korea,Family Reunification,Permanent,18-24,Female,Secondary,2022,Single,1327,Yes
3815,Nepal,Kuwait,Employment,Work,45-54,Male,Bachelor's,2009,Divorced,6582,Yes
3816,Nepal,United States,Better Quality of Life,Permanent,18-24,Male,Primary,2011,Single,367,Yes
3817,India,Oman,Employment,Work,45-54,Male,Bachelor's,2023,Single,581,Yes
3818,Sri Lanka,UAE,Employment,Work,45-54,Female,Vocational/Technical,2012,Single,853,No
3819,Nepal,Saudi Arabia,Skilled Worker Visa,Work,18-24,Male,Master's,2010,Single,2252,Yes
3820,Nepal,Oman,Employment,Work,18-24,Female,Primary,2024,Married,328,No
3821,Sri Lanka,Norway,Family Reunification,Permanent,35-44,Male,Secondary,2012,Married,1012,No
3822,Pakistan,Oman,Higher Education,Permanent,25-34,Male,Master's,2021,Single,260,Yes
3823,Pakistan,UAE,Business/Investment,Work,25-34,Female,Bachelor's,2024,Divorced,5406,Yes
3824,Pakistan,New Zealand,Higher Education,Permanent,18-24,Female,Bachelor's,2015,Divorced,633,Yes
3825,Bangladesh,New Zealand,Family Reunification,Permanent,25-34,Male,Vocational/Technical,2014,Divorced,745,Yes
3826,Pakistan,Australia,Business/Investment,Work,25-34,Male,Vocational/Technical,2012,Married,3497,Yes
3827,Bangladesh,Kuwait,Employment,Work,25-34,Male,Bachelor's,2003,Divorced,1034,Yes
3828,Pakistan,UAE,Better Quality of Life,Permanent,35-44,Male,Primary,2019,Divorced,338,Yes
3829,Sri Lanka,UAE,Family Reunification,Permanent,25-34,Male,Bachelor's,2022,Divorced,602,Yes
3830,Pakistan,Japan,Higher Education,Permanent,25-34,Male,Primary,2021,Married,2456,Yes
3831,Sri Lanka,UAE,Skilled Worker Visa,Work,35-44,Female,Primary,2011,Divorced,1129,Yes
3832,Bangladesh,Saudi Arabia,Employment,Work,35-44,Male,Master's,2020,Single,9570,Yes
3833,Sri Lanka,UAE,Marriage/Spouse,Permanent,45-54,Male,Secondary,2020,Married,1145,Yes
3834,India,Australia,Employment,Work,18-24,Female,Bachelor's,2011,Married,499,Yes
3835,Sri Lanka,Italy,Family Reunification,Permanent,55+,Male,Master's,2019,Single,10957,No
3836,Pakistan,New Zealand,Economic Hardship,Permanent,25-34,Male,Secondary,2005,Single,1394,Yes
3837,Nepal,Australia,Business/Investment,Work,35-44,Female,Master's,2010,Divorced,2682,No
3838,Bangladesh,Malaysia,Employment,Work,25-34,Female,Vocational/Technical,2011,Married,1753,Yes
3839,Nepal,UAE,Employment,Work,25-34,Male,Secondary,2012,Married,868,No
3840,Bangladesh,South Korea,Higher Education,Permanent,35-44,Male,Vocational/Technical,2003,Divorced,541,Yes
3841,Nepal,Saudi Arabia,Business/Investment,Work,25-34,Male,Bachelor's,2023,Married,3103,Yes
3842,Nepal,United Kingdom,Business/Investment,Work,35-44,Female,Master's,2024,Married,2295,Yes
3843,Nepal,New Zealand,Family Reunification,Permanent,25-34,Female,Master's,2002,Single,440,Yes
3844,Bangladesh,Germany,Employment,Work,55+,Female,Bachelor's,2008,Divorced,1222,No
3845,Pakistan,Italy,Higher Education,Permanent,25-34,Male,Secondary,2018,Divorced,295,Yes
3846,Pakistan,Qatar,Skilled Worker Visa,Work,18-24,Male,Master's,2021,Divorced,4383,Yes
3847,Pakistan,UAE,Employment,Work,25-34,Female,Vocational/Technical,2021,Divorced,2226,Yes
3848,Nepal,UAE,Skilled Worker Visa,Work,35-44,Male,Vocational/Technical,2012,Single,749,Yes
3849,Pakistan,Italy,Healthcare,Permanent,25-34,Male,Master's,2012,Single,313,Yes
3850,Sri Lanka,Germany,Refugee/Asylum,Permanent,25-34,Male,Secondary,2007,Single,516,Yes
3851,Nepal,Malaysia,Business/Investment,Work,35-44,Female,Primary,2011,Single,799,Yes
3852,Sri Lanka,Kuwait,Employment,Work,55+,Male,Vocational/Technical,2025,Divorced,3580,No
3853,Nepal,France,Higher Education,Permanent,25-34,Male,Vocational/Technical,2018,Single,658,Yes
3854,India,Italy,Family Reunification,Permanent,25-34,Male,Master's,2023,Divorced,565,Yes
3855,Bangladesh,Australia,Marriage/Spouse,Permanent,25-34,Female,Bachelor's,2013,Single,317,Yes
3856,Bangladesh,Oman,Employment,Work,25-34,Male,Secondary,2011,Single,11370,Yes
3857,Nepal,United States,Higher Education,Permanent,35-44,Male,Bachelor's,2013,Divorced,3288,No
3858,Nepal,Italy,Family Reunification,Permanent,25-34,Male,Master's,2011,Divorced,1815,Yes
3859,Sri Lanka,Canada,Refugee/Asylum,Permanent,45-54,Male,Bachelor's,2005,Married,635,Yes
3860,Pakistan,Qatar,Skilled Worker Visa,Work,25-34,Male,Bachelor's,2021,Married,1466,Yes
3861,Bangladesh,Japan,Employment,Work,35-44,Female,Secondary,2012,Single,253,Yes
3862,Pakistan,Oman,Employment,Work,25-34,Male,Secondary,2020,Divorced,2540,Yes
3863,Nepal,Oman,Better Quality of Life,Permanent,25-34,Male,PhD,2023,Married,440,Yes
3864,Sri Lanka,UAE,Employment,Work,25-34,Male,Secondary,2023,Married,452,Yes
3865,Bangladesh,Canada,Permanent Residency,Permanent,25-34,Male,Master's,2010,Divorced,1068,Yes
3866,Bangladesh,Kuwait,Higher Education,Permanent,25-34,Male,Vocational/Technical,2014,Married,8665,Yes
3867,Sri Lanka,France,Refugee/Asylum,Permanent,25-34,Female,Vocational/Technical,2021,Married,3683,Yes
3868,Nepal,United Kingdom,Permanent Residency,Permanent,25-34,Female,Bachelor's,2008,Single,6152,Yes
3869,India,Italy,Employment,Work,25-34,Female,Master's,2016,Married,3323,Yes
3870,Nepal,Kuwait,Skilled Worker Visa,Work,25-34,Male,Master's,2024,Divorced,767,Yes
3871,Bangladesh,Saudi Arabia,Skilled Worker Visa,Work,25-34,Male,Master's,2023,Single,5131,Yes
3872,Nepal,Qatar,Business/Investment,Work,18-24,Male,Primary,2021,Divorced,331,Yes
3873,Nepal,South Korea,Marriage/Spouse,Permanent,35-44,Female,Bachelor's,2010,Divorced,278,Yes
3874,India,Norway,Employment,Work,45-54,Female,Secondary,2018,Single,523,No
3875,Sri Lanka,France,Higher Education,Permanent,25-34,Male,Secondary,2015,Divorced,1470,Yes
3876,Pakistan,South Korea,Business/Investment,Work,25-34,Male,Bachelor's,2022,Divorced,2410,No
3877,Bangladesh,Oman,Employment,Work,25-34,Male,Primary,2021,Single,739,Yes
3878,Sri Lanka,Qatar,Marriage/Spouse,Permanent,35-44,Male,Bachelor's,2014,Single,1089,No
3879,Sri Lanka,Kuwait,Higher Education,Permanent,25-34,Male,Master's,2012,Married,1884,Yes
3880,India,UAE,Family Reunification,Permanent,55+,Male,Secondary,2017,Divorced,202,Yes
3881,India,New Zealand,Skilled Worker Visa,Work,25-34,Female,Secondary,2021,Single,1106,No
3882,Nepal,Australia,Economic Hardship,Permanent,45-54,Female,Bachelor's,2019,Married,3099,Yes
3883,India,South Korea,Permanent Residency,Permanent,25-34,Female,Vocational/Technical,2021,Single,339,Yes
3884,India,Oman,Skilled Worker Visa,Work,55+,Male,Bachelor's,2010,Married,493,No
3885,Pakistan,United Kingdom,Employment,Work,35-44,Female,Vocational/Technical,2023,Married,932,Yes
3886,Pakistan,Italy,Skilled Worker Visa,Work,35-44,Male,Master's,2014,Married,936,Yes
3887,India,Kuwait,Marriage/Spouse,Permanent,18-24,Male,Master's,2021,Divorced,500,Yes
3888,India,Canada,Family Reunification,Permanent,45-54,Female,Secondary,2023,Married,2726,Yes
3889,Nepal,New Zealand,Family Reunification,Permanent,35-44,Male,Bachelor's,2012,Divorced,2323,No
3890,Nepal,Oman,Employment,Work,25-34,Male,Master's,2007,Single,1466,Yes
3891,Pakistan,Italy,Permanent Residency,Permanent,55+,Male,Secondary,2020,Married,1918,No
3892,Sri Lanka,Germany,Higher Education,Permanent,25-34,Female,Bachelor's,2003,Married,553,Yes
3893,Pakistan,Japan,Employment,Work,35-44,Male,Secondary,2023,Married,2693,Yes
3894,Sri Lanka,Kuwait,Skilled Worker Visa,Work,35-44,Male,Bachelor's,2025,Married,1007,Yes
3895,Nepal,United States,Higher Education,Permanent,25-34,Male,Vocational/Technical,2014,Single,206,No
3896,Bangladesh,New Zealand,Permanent Residency,Permanent,25-34,Female,Secondary,2017,Single,3594,Yes
3897,Bangladesh,United Kingdom,Higher Education,Permanent,25-34,Female,Bachelor's,2012,Divorced,474,Yes
3898,Sri Lanka,Oman,Employment,Work,35-44,Male,Secondary,2006,Married,8207,No
3899,India,United States,Family Reunification,Permanent,35-44,Female,Secondary,2015,Married,855,Yes
3900,Bangladesh,Kuwait,Skilled Worker Visa,Work,25-34,Female,Bachelor's,2024,Married,9215,No
3901,India,Italy,Business/Investment,Work,45-54,Male,Bachelor's,2010,Single,1349,Yes
3902,Sri Lanka,New Zealand,Employment,Work,18-24,Female,PhD,2017,Divorced,473,No
3903,Sri Lanka,Italy,Employment,Work,55+,Female,Primary,2001,Single,234,No
3904,Bangladesh,Oman,Employment,Work,35-44,Male,Primary,2021,Divorced,284,Yes
3905,Bangladesh,Norway,Higher Education,Permanent,25-34,Female,Master's,2017,Single,718,No
3906,Nepal,Qatar,Employment,Work,25-34,Male,Master's,2022,Married,1138,Yes
3907,Pakistan,Australia,Permanent Residency,Permanent,25-34,Female,Bachelor's,2025,Divorced,701,Yes
3908,Sri Lanka,United States,Refugee/Asylum,Permanent,35-44,Female,Master's,2025,Married,382,No
3909,Nepal,Canada,Permanent Residency,Permanent,45-54,Male,Master's,2011,Married,3475,No
3910,Nepal,Australia,Skilled Worker Visa,Work,35-44,Male,Secondary,2020,Divorced,1145,Yes
3911,India,Germany,Employment,Work,55+,Male,Vocational/Technical,2024,Single,2777,No
3912,Sri Lanka,Japan,Employment,Work,45-54,Female,Secondary,2023,Married,442,Yes
3913,Pakistan,France,Higher Education,Permanent,25-34,Female,Vocational/Technical,2024,Single,9941,Yes
3914,Bangladesh,France,Refugee/Asylum,Permanent,45-54,Female,Vocational/Technical,2008,Married,434,Yes
3915,Nepal,Italy,Skilled Worker Visa,Work,25-34,Male,Master's,2007,Married,584,No
3916,Pakistan,New Zealand,Higher Education,Permanent,18-24,Male,Master's,2013,Married,771,Yes
3917,Pakistan,Canada,Better Quality of Life,Permanent,25-34,Male,Bachelor's,2012,Divorced,2912,Yes
3918,Sri Lanka,UAE,Employment,Work,45-54,Female,Master's,2011,Divorced,1141,No
3919,India,New Zealand,Better Quality of Life,Permanent,25-34,Male,PhD,2008,Married,3186,Yes
3920,India,Saudi Arabia,Employment,Work,25-34,Male,Bachelor's,2023,Divorced,2179,Yes
3921,Pakistan,Malaysia,Permanent Residency,Permanent,25-34,Male,Secondary,2003,Married,870,Yes
3922,Pakistan,UAE,Employment,Work,35-44,Male,PhD,2020,Single,1804,Yes
3923,Pakistan,New Zealand,Family Reunification,Permanent,35-44,Male,Master's,2012,Single,222,Yes
3924,Bangladesh,United Kingdom,Family Reunification,Permanent,25-34,Male,Master's,2024,Married,295,No
3925,Sri Lanka,Norway,Family Reunification,Permanent,25-34,Female,Primary,2018,Married,1439,Yes
3926,Bangladesh,United Kingdom,Employment,Work,25-34,Male,Master's,2025,Divorced,3689,Yes
3927,Nepal,Norway,Employment,Work,25-34,Female,Vocational/Technical,2013,Married,574,Yes
3928,Sri Lanka,Canada,Employment,Work,35-44,Female,Bachelor's,2024,Married,206,Yes
3929,Nepal,United Kingdom,Employment,Work,18-24,Male,Secondary,2021,Divorced,3123,Yes
3930,Nepal,Oman,Marriage/Spouse,Permanent,55+,Male,Master's,2016,Single,3543,No
3931,Bangladesh,New Zealand,Political Instability,Permanent,25-34,Male,Vocational/Technical,2025,Divorced,1474,No
3932,Pakistan,United States,Higher Education,Permanent,25-34,Male,Vocational/Technical,2015,Single,1410,Yes
3933,Pakistan,South Korea,Refugee/Asylum,Permanent,35-44,Male,Master's,2012,Divorced,1499,Yes
3934,India,South Korea,Skilled Worker Visa,Work,55+,Male,Primary,2006,Married,3366,Yes
3935,Nepal,Australia,Marriage/Spouse,Permanent,18-24,Female,PhD,2005,Married,232,Yes
3936,Nepal,UAE,Higher Education,Permanent,25-34,Female,Secondary,2007,Married,1015,Yes
3937,Bangladesh,Australia,Family Reunification,Permanent,45-54,Male,Primary,2020,Single,7521,Yes
3938,India,Norway,Refugee/Asylum,Permanent,55+,Male,Secondary,2011,Divorced,443,Yes
3939,Nepal,Italy,Employment,Work,45-54,Male,Primary,2005,Married,249,Yes
3940,Nepal,Saudi Arabia,Skilled Worker Visa,Work,35-44,Male,Vocational/Technical,2006,Single,258,Yes
3941,Sri Lanka,Malaysia,Permanent Residency,Permanent,35-44,Male,Bachelor's,2011,Married,708,Yes
3942,Nepal,Saudi Arabia,Higher Education,Permanent,45-54,Female,Master's,2022,Divorced,1125,Yes
3943,Pakistan,Qatar,Family Reunification,Permanent,25-34,Male,Secondary,2022,Married,418,Yes
3944,India,Norway,Family Reunification,Permanent,25-34,Female,Bachelor's,2024,Single,1424,Yes
3945,Sri Lanka,United States,Family Reunification,Permanent,45-54,Male,Master's,2019,Married,239,Yes
3946,Pakistan,UAE,Marriage/Spouse,Permanent,45-54,Male,Master's,2006,Divorced,1429,Yes
3947,Sri Lanka,Norway,Refugee/Asylum,Permanent,35-44,Female,Bachelor's,2022,Divorced,1181,Yes
3948,Nepal,Canada,Refugee/Asylum,Permanent,55+,Male,PhD,2006,Single,1119,No
3949,Sri Lanka,Italy,Skilled Worker Visa,Work,35-44,Male,Bachelor's,2023,Single,1269,Yes
3950,Nepal,Italy,Family Reunification,Permanent,25-34,Female,Bachelor's,2024,Divorced,724,Yes
3951,Pakistan,South Korea,Skilled Worker Visa,Work,25-34,Male,Vocational/Technical,2012,Married,1015,Yes
3952,Bangladesh,Japan,Healthcare,Permanent,35-44,Male,Bachelor's,2022,Single,1518,Yes
3953,Nepal,Malaysia,Employment,Work,25-34,Female,Secondary,2007,Divorced,3251,Yes
3954,Sri Lanka,South Korea,Family Reunification,Permanent,18-24,Female,Primary,2003,Divorced,886,Yes
3955,Nepal,South Korea,Better Quality of Life,Permanent,35-44,Male,Secondary,2015,Single,3278,Yes
3956,Nepal,Norway,Skilled Worker Visa,Work,45-54,Male,Bachelor's,2013,Married,335,Yes
3957,Sri Lanka,UAE,Permanent Residency,Permanent,45-54,Male,Secondary,2018,Married,472,No
3958,Sri Lanka,Australia,Employment,Work,25-34,Male,Bachelor's,2000,Divorced,1322,No
3959,India,Malaysia,Economic Hardship,Permanent,25-34,Female,Secondary,2015,Single,405,Yes
3960,Bangladesh,France,Family Reunification,Permanent,35-44,Male,Bachelor's,2010,Divorced,2264,Yes
3961,Sri Lanka,Malaysia,Higher Education,Permanent,25-34,Female,Primary,2018,Married,882,No
3962,Bangladesh,Australia,Family Reunification,Permanent,18-24,Female,Bachelor's,2014,Married,987,No
3963,Sri Lanka,Italy,Family Reunification,Permanent,45-54,Female,Bachelor's,2020,Married,281,Yes
3964,Sri Lanka,France,Refugee/Asylum,Permanent,55+,Female,Primary,2013,Single,893,No
3965,Sri Lanka,South Korea,Higher Education,Permanent,35-44,Female,PhD,2024,Divorced,364,Yes
3966,Sri Lanka,Australia,Employment,Work,55+,Female,Master's,2023,Single,486,No
3967,Pakistan,United States,Employment,Work,45-54,Male,Vocational/Technical,2018,Divorced,5515,No
3968,India,New Zealand,Political Instability,Permanent,25-34,Male,Master's,2019,Divorced,2590,No
3969,India,Malaysia,Higher Education,Permanent,25-34,Male,Secondary,2013,Divorced,2489,No
3970,Sri Lanka,Saudi Arabia,Skilled Worker Visa,Work,25-34,Female,Primary,2016,Single,3880,Yes
3971,India,Canada,Healthcare,Permanent,25-34,Male,Secondary,2015,Married,1120,Yes
3972,Nepal,Qatar,Refugee/Asylum,Permanent,18-24,Male,Master's,2020,Divorced,1410,No
3973,India,Qatar,Family Reunification,Permanent,55+,Male,Vocational/Technical,2023,Divorced,481,No
3974,Pakistan,New Zealand,Higher Education,Permanent,35-44,Female,Bachelor's,2013,Divorced,1018,Yes
3975,Nepal,Japan,Higher Education,Permanent,25-34,Female,Master's,2019,Married,410,No
3976,India,United Kingdom,Marriage/Spouse,Permanent,55+,Male,Bachelor's,2013,Single,3698,Yes
3977,Nepal,Italy,Family Reunification,Permanent,35-44,Female,PhD,2003,Single,11488,Yes
3978,Pakistan,Australia,Business/Investment,Work,45-54,Male,Bachelor's,2024,Divorced,2410,No
3979,India,Oman,Employment,Work,45-54,Female,Secondary,2025,Single,808,Yes
3980,Sri Lanka,France,Permanent Residency,Permanent,18-24,Male,Secondary,2014,Divorced,567,No
3981,Bangladesh,Saudi Arabia,Skilled Worker Visa,Work,25-34,Female,Secondary,2019,Married,3804,Yes
3982,Pakistan,South Korea,Better Quality of Life,Permanent,18-24,Male,Bachelor's,2012,Single,3904,Yes
3983,India,Oman,Business/Investment,Work,18-24,Male,Primary,2019,Divorced,796,Yes
3984,India,United Kingdom,Employment,Work,18-24,Male,PhD,2016,Single,375,Yes
3985,Nepal,Qatar,Employment,Work,18-24,Male,Master's,2021,Married,468,Yes
3986,India,New Zealand,Family Reunification,Permanent,35-44,Male,Vocational/Technical,2010,Divorced,431,Yes
3987,Sri Lanka,Australia,Business/Investment,Work,25-34,Female,Primary,2019,Divorced,498,Yes
3988,India,Canada,Marriage/Spouse,Permanent,18-24,Male,Bachelor's,2018,Single,748,Yes
3989,India,New Zealand,Permanent Residency,Permanent,25-34,Male,Master's,2025,Single,1012,Yes
3990,Nepal,Canada,Employment,Work,18-24,Female,Vocational/Technical,2001,Divorced,682,Yes
3991,Pakistan,Malaysia,Family Reunification,Permanent,25-34,Male,Primary,2010,Married,530,Yes
3992,Sri Lanka,Saudi Arabia,Higher Education,Permanent,45-54,Male,Master's,2024,Divorced,1823,Yes
3993,Bangladesh,Oman,Employment,Work,35-44,Female,Bachelor's,2016,Married,3428,Yes
3994,Nepal,Malaysia,Higher Education,Permanent,25-34,Male,Vocational/Technical,2011,Single,328,Yes
3995,Nepal,Norway,Economic Hardship,Permanent,35-44,Male,Secondary,2018,Single,1186,Yes
3996,Bangladesh,Saudi Arabia,Healthcare,Permanent,25-34,Male,Bachelor's,2022,Divorced,238,Yes
3997,Pakistan,Oman,Economic Hardship,Permanent,18-24,Male,Primary,2005,Divorced,279,Yes
3998,India,Kuwait,Refugee/Asylum,Permanent,18-24,Male,Bachelor's,2022,Married,412,Yes
3999,Nepal,South Korea,Marriage/Spouse,Permanent,25-34,Female,Secondary,2023,Single,582,Yes
4000,Bangladesh,Kuwait,Marriage/Spouse,Permanent,35-44,Male,Master's,2024,Single,292,No
4001,India,United Kingdom,Employment,Work,35-44,Male,Secondary,2019,Single,11121,Yes
4002,Nepal,Norway,Higher Education,Permanent,25-34,Male,Bachelor's,2016,Single,5737,Yes
4003,Sri Lanka,Kuwait,Political Instability,Permanent,35-44,Male,Bachelor's,2025,Divorced,873,Yes
4004,Pakistan,Norway,Higher Education,Permanent,55+,Female,Master's,2018,Married,1011,Yes
4005,Sri Lanka,Qatar,Skilled Worker Visa,Work,55+,Male,Primary,2003,Single,600,Yes
4006,Sri Lanka,United States,Employment,Work,18-24,Male,Master's,2002,Single,3895,Yes
4007,Sri Lanka,UAE,Employment,Work,18-24,Male,Master's,2025,Single,1983,Yes
4008,Bangladesh,Saudi Arabia,Employment,Work,25-34,Male,Master's,2023,Divorced,2144,Yes
4009,Sri Lanka,United States,Marriage/Spouse,Permanent,45-54,Male,Bachelor's,2015,Married,782,Yes
4010,India,Germany,Marriage/Spouse,Permanent,35-44,Female,Primary,2015,Divorced,949,Yes
4011,Pakistan,Norway,Family Reunification,Permanent,25-34,Female,Secondary,2025,Single,352,No
4012,Pakistan,Germany,Employment,Work,35-44,Female,Secondary,2024,Married,476,No
4013,Bangladesh,Saudi Arabia,Economic Hardship,Permanent,35-44,Male,Bachelor's,2020,Divorced,651,Yes
4014,Pakistan,Australia,Family Reunification,Permanent,25-34,Female,Secondary,2003,Married,1449,Yes
4015,India,France,Refugee/Asylum,Permanent,18-24,Female,Primary,2016,Married,408,Yes
4016,Pakistan,France,Better Quality of Life,Permanent,45-54,Female,Secondary,2020,Single,294,No
4017,India,Malaysia,Family Reunification,Permanent,35-44,Male,Master's,2021,Single,1721,No
4018,Pakistan,Australia,Family Reunification,Permanent,18-24,Male,Bachelor's,2009,Single,1105,Yes
4019,Bangladesh,Germany,Family Reunification,Permanent,25-34,Female,Primary,2020,Married,563,No
4020,Nepal,United States,Business/Investment,Work,35-44,Female,Bachelor's,2010,Married,2059,Yes
4021,Nepal,New Zealand,Permanent Residency,Permanent,35-44,Male,Master's,2024,Divorced,3429,Yes
4022,Bangladesh,New Zealand,Permanent Residency,Permanent,25-34,Male,Master's,2017,Married,798,Yes
4023,Nepal,New Zealand,Marriage/Spouse,Permanent,35-44,Male,Secondary,2020,Single,3553,Yes
4024,Nepal,Oman,Skilled Worker Visa,Work,25-34,Male,Bachelor's,2024,Married,2052,Yes
4025,Sri Lanka,Oman,Marriage/Spouse,Permanent,25-34,Male,Bachelor's,2020,Divorced,1342,Yes
4026,Bangladesh,Kuwait,Employment,Work,35-44,Male,Master's,2019,Married,1998,Yes
4027,Pakistan,Norway,Skilled Worker Visa,Work,55+,Female,Secondary,2024,Married,407,Yes
4028,Nepal,United States,Permanent Residency,Permanent,35-44,Male,PhD,2021,Married,829,Yes
4029,Pakistan,Norway,Family Reunification,Permanent,25-34,Male,Vocational/Technical,2015,Divorced,1315,Yes
4030,Nepal,South Korea,Better Quality of Life,Permanent,35-44,Female,Vocational/Technical,2024,Single,902,Yes
4031,Bangladesh,Germany,Employment,Work,18-24,Male,PhD,2018,Divorced,913,Yes
4032,Pakistan,Oman,Employment,Work,25-34,Male,Master's,2020,Divorced,1381,Yes
4033,Nepal,Norway,Employment,Work,55+,Male,Secondary,2012,Married,2308,Yes
4034,Nepal,Australia,Employment,Work,18-24,Female,Secondary,2010,Divorced,1800,No
4035,Bangladesh,United States,Employment,Work,35-44,Male,Bachelor's,2015,Single,3770,Yes
4036,India,Italy,Political Instability,Permanent,55+,Male,Bachelor's,2012,Divorced,2316,Yes
4037,India,Qatar,Family Reunification,Permanent,35-44,Male,Bachelor's,2015,Divorced,638,Yes
4038,Nepal,Japan,Employment,Work,55+,Female,Bachelor's,2013,Married,7778,Yes
4039,India,France,Skilled Worker Visa,Work,45-54,Male,Secondary,2024,Divorced,332,Yes
4040,India,United Kingdom,Higher Education,Permanent,18-24,Male,PhD,2012,Divorced,626,Yes
4041,Sri Lanka,Japan,Higher Education,Permanent,25-34,Male,Vocational/Technical,2012,Single,909,No
4042,Bangladesh,Canada,Refugee/Asylum,Permanent,45-54,Male,Bachelor's,2005,Divorced,1037,No
4043,Pakistan,France,Higher Education,Permanent,18-24,Male,Secondary,2019,Single,538,Yes
4044,Bangladesh,Canada,Refugee/Asylum,Permanent,45-54,Female,Primary,2024,Married,2713,Yes
4045,Nepal,Germany,Permanent Residency,Permanent,25-34,Male,Master's,2022,Married,5202,No
4046,Bangladesh,United Kingdom,Permanent Residency,Permanent,25-34,Female,Master's,2013,Divorced,1263,Yes
4047,Nepal,France,Economic Hardship,Permanent,25-34,Male,Secondary,2022,Married,1042,No
4048,Pakistan,Canada,Higher Education,Permanent,25-34,Male,Bachelor's,2011,Divorced,208,Yes
4049,India,Canada,Business/Investment,Work,35-44,Female,Vocational/Technical,2020,Single,769,No
4050,Sri Lanka,United Kingdom,Higher Education,Permanent,35-44,Male,Vocational/Technical,2020,Single,432,Yes
4051,Pakistan,Norway,Skilled Worker Visa,Work,25-34,Male,Vocational/Technical,2017,Married,3630,Yes
4052,Sri Lanka,Oman,Employment,Work,18-24,Female,Secondary,2024,Divorced,11501,No
4053,Nepal,France,Skilled Worker Visa,Work,55+,Male,Master's,2014,Single,889,No
4054,India,UAE,Employment,Work,45-54,Male,Secondary,2024,Married,1176,No
4055,Nepal,United Kingdom,Permanent Residency,Permanent,35-44,Female,Secondary,2022,Single,284,Yes
4056,Bangladesh,Saudi Arabia,Skilled Worker Visa,Work,35-44,Male,Master's,2010,Single,2692,Yes
4057,Bangladesh,Canada,Refugee/Asylum,Permanent,18-24,Female,Master's,2004,Divorced,11119,Yes
4058,India,Norway,Higher Education,Permanent,45-54,Male,Secondary,2019,Married,902,Yes
4059,Pakistan,Germany,Better Quality of Life,Permanent,18-24,Female,Bachelor's,2018,Married,2343,No
4060,Sri Lanka,France,Higher Education,Permanent,55+,Female,Secondary,2019,Single,8924,Yes
4061,Pakistan,Germany,Economic Hardship,Permanent,25-34,Female,Master's,2020,Married,562,No
4062,Nepal,UAE,Better Quality of Life,Permanent,25-34,Male,Primary,2022,Single,487,No
4063,India,United States,Employment,Work,45-54,Male,Primary,2022,Divorced,1288,No
4064,Bangladesh,Kuwait,Skilled Worker Visa,Work,25-34,Male,Bachelor's,2007,Divorced,583,Yes
4065,Bangladesh,Qatar,Family Reunification,Permanent,55+,Male,Bachelor's,2021,Single,1451,Yes
4066,Sri Lanka,Japan,Permanent Residency,Permanent,55+,Male,Primary,2008,Divorced,439,Yes
4067,Nepal,Australia,Political Instability,Permanent,18-24,Male,Bachelor's,2012,Married,1576,Yes
4068,Nepal,UAE,Employment,Work,25-34,Male,Bachelor's,2015,Married,270,Yes
4069,India,France,Business/Investment,Work,35-44,Male,Secondary,2023,Single,10424,Yes
4070,Pakistan,Malaysia,Political Instability,Permanent,25-34,Male,Master's,2022,Married,898,No
4071,Nepal,France,Skilled Worker Visa,Work,25-34,Male,Secondary,2016,Married,542,Yes
4072,Sri Lanka,United States,Employment,Work,25-34,Male,Primary,2020,Married,234,Yes
4073,Pakistan,Japan,Marriage/Spouse,Permanent,35-44,Female,Secondary,2024,Divorced,3182,Yes
4074,Pakistan,Oman,Skilled Worker Visa,Work,45-54,Female,Master's,2017,Single,3862,Yes
4075,Pakistan,UAE,Business/Investment,Work,25-34,Female,Master's,2015,Married,926,Yes
4076,Nepal,France,Employment,Work,25-34,Female,Secondary,2008,Single,545,Yes
4077,India,United States,Family Reunification,Permanent,18-24,Female,Master's,2020,Married,10249,Yes
4078,India,New Zealand,Economic Hardship,Permanent,25-34,Male,Bachelor's,2010,Married,382,Yes
4079,Bangladesh,Kuwait,Employment,Work,35-44,Male,Bachelor's,2025,Married,3586,No
4080,Nepal,Oman,Employment,Work,25-34,Male,Master's,2025,Married,1414,Yes
4081,Bangladesh,France,Employment,Work,55+,Male,Master's,2024,Married,478,No
4082,Sri Lanka,Australia,Family Reunification,Permanent,18-24,Female,Secondary,2016,Single,979,No
4083,Pakistan,Australia,Better Quality of Life,Permanent,55+,Female,PhD,2018,Divorced,3827,Yes
4084,Sri Lanka,Saudi Arabia,Better Quality of Life,Permanent,35-44,Male,Bachelor's,2020,Married,855,Yes
4085,Bangladesh,United States,Family Reunification,Permanent,25-34,Male,Primary,2016,Married,555,Yes
4086,India,United Kingdom,Marriage/Spouse,Permanent,25-34,Male,Master's,2015,Divorced,1355,No
4087,Pakistan,Norway,Family Reunification,Permanent,25-34,Female,Bachelor's,2010,Single,561,Yes
4088,Bangladesh,Kuwait,Economic Hardship,Permanent,35-44,Male,Bachelor's,2017,Divorced,2024,No
4089,Sri Lanka,Italy,Skilled Worker Visa,Work,35-44,Male,Secondary,2006,Divorced,2911,Yes
4090,Pakistan,Malaysia,Employment,Work,18-24,Male,Secondary,2023,Divorced,6564,Yes
4091,Pakistan,Malaysia,Employment,Work,35-44,Female,Primary,2022,Divorced,2118,Yes
4092,Nepal,Canada,Permanent Residency,Permanent,18-24,Female,Secondary,2020,Single,483,No
4093,Nepal,United States,Marriage/Spouse,Permanent,45-54,Male,Vocational/Technical,2013,Divorced,3519,Yes
4094,Sri Lanka,France,Business/Investment,Work,25-34,Male,Secondary,2013,Married,544,Yes
4095,Pakistan,UAE,Employment,Work,55+,Male,Bachelor's,2002,Single,1402,Yes
4096,Bangladesh,Japan,Skilled Worker Visa,Work,25-34,Female,Bachelor's,2008,Divorced,3954,Yes
4097,Pakistan,Oman,Economic Hardship,Permanent,45-54,Male,Bachelor's,2010,Married,610,No
4098,India,Qatar,Employment,Work,25-34,Male,Bachelor's,2020,Divorced,5147,No
4099,Bangladesh,Oman,Skilled Worker Visa,Work,18-24,Male,Secondary,2022,Single,258,Yes
4100,Sri Lanka,Japan,Higher Education,Permanent,45-54,Male,Bachelor's,2003,Married,1404,Yes
4101,Pakistan,Norway,Better Quality of Life,Permanent,35-44,Male,Bachelor's,2007,Single,960,Yes
4102,Nepal,Oman,Employment,Work,55+,Male,Vocational/Technical,2025,Married,1108,Yes
4103,Nepal,New Zealand,Employment,Work,45-54,Female,Bachelor's,2024,Married,1196,Yes
4104,Pakistan,Norway,Employment,Work,25-34,Male,Secondary,2018,Single,1461,Yes
4105,Pakistan,New Zealand,Employment,Work,18-24,Male,Vocational/Technical,2019,Single,5294,Yes
4106,Bangladesh,UAE,Family Reunification,Permanent,25-34,Male,PhD,2014,Single,3884,Yes
4107,Pakistan,Germany,Family Reunification,Permanent,25-34,Female,Secondary,2017,Married,567,Yes
4108,Nepal,United Kingdom,Permanent Residency,Permanent,35-44,Female,Bachelor's,2017,Divorced,455,Yes
4109,Pakistan,Oman,Permanent Residency,Permanent,25-34,Male,Secondary,2014,Divorced,1954,Yes
4110,Pakistan,Japan,Better Quality of Life,Permanent,35-44,Female,Bachelor's,2015,Married,635,Yes
4111,India,Italy,Higher Education,Permanent,35-44,Male,Master's,2005,Married,6888,Yes
4112,Sri Lanka,Australia,Business/Investment,Work,35-44,Male,Bachelor's,2020,Single,3069,Yes
4113,India,South Korea,Refugee/Asylum,Permanent,55+,Female,Master's,2019,Divorced,3983,No
4114,Pakistan,Oman,Employment,Work,25-34,Male,Primary,2010,Divorced,288,Yes
4115,Bangladesh,Australia,Permanent Residency,Permanent,25-34,Male,Secondary,2016,Married,2667,Yes
4116,Nepal,Kuwait,Employment,Work,45-54,Female,Bachelor's,2010,Single,2525,Yes
4117,Pakistan,Japan,Higher Education,Permanent,35-44,Male,Master's,2020,Married,3675,Yes
4118,Pakistan,New Zealand,Employment,Work,35-44,Female,Bachelor's,2014,Divorced,3879,Yes
4119,Pakistan,France,Refugee/Asylum,Permanent,25-34,Female,Bachelor's,2025,Single,933,No
4120,India,Canada,Permanent Residency,Permanent,55+,Male,Bachelor's,2018,Single,471,No
4121,Pakistan,Australia,Marriage/Spouse,Permanent,45-54,Female,Bachelor's,2013,Married,3824,No
4122,Bangladesh,France,Marriage/Spouse,Permanent,45-54,Male,Primary,2013,Single,2022,Yes
4123,Bangladesh,Malaysia,Marriage/Spouse,Permanent,18-24,Male,Primary,2010,Married,3217,Yes
4124,Nepal,Saudi Arabia,Employment,Work,25-34,Female,Secondary,2024,Divorced,860,Yes
4125,Nepal,Malaysia,Better Quality of Life,Permanent,25-34,Female,Bachelor's,2016,Married,1122,Yes
4126,India,Canada,Family Reunification,Permanent,25-34,Male,Vocational/Technical,2010,Single,333,Yes
4127,Nepal,UAE,Employment,Work,25-34,Male,Bachelor's,2011,Married,10402,Yes
4128,Bangladesh,Kuwait,Employment,Work,25-34,Male,Bachelor's,2023,Single,2235,Yes
4129,India,Japan,Higher Education,Permanent,18-24,Female,Secondary,2021,Divorced,4914,No
4130,Sri Lanka,Germany,Economic Hardship,Permanent,55+,Male,Master's,2022,Married,753,Yes
4131,Sri Lanka,United States,Employment,Work,25-34,Male,Vocational/Technical,2019,Married,331,Yes
4132,Pakistan,Malaysia,Refugee/Asylum,Permanent,25-34,Male,Secondary,2022,Single,952,Yes
4133,Bangladesh,Malaysia,Better Quality of Life,Permanent,45-54,Male,Master's,2019,Married,1433,Yes
4134,Nepal,New Zealand,Family Reunification,Permanent,18-24,Male,Secondary,2024,Single,569,Yes
4135,Pakistan,United States,Employment,Work,25-34,Male,Secondary,2014,Divorced,1164,Yes
4136,India,United States,Family Reunification,Permanent,25-34,Female,PhD,2021,Single,1468,Yes
4137,Bangladesh,New Zealand,Higher Education,Permanent,25-34,Male,Master's,2025,Married,476,No
4138,Bangladesh,Kuwait,Skilled Worker Visa,Work,35-44,Male,Primary,2009,Married,835,Yes
4139,Bangladesh,Norway,Employment,Work,25-34,Female,Secondary,2021,Married,10439,Yes
4140,Nepal,New Zealand,Skilled Worker Visa,Work,35-44,Male,Secondary,2000,Married,1636,Yes
4141,Sri Lanka,France,Marriage/Spouse,Permanent,25-34,Male,Vocational/Technical,2024,Single,2195,No
4142,Pakistan,Australia,Permanent Residency,Permanent,18-24,Male,Secondary,2019,Single,1180,Yes
4143,Pakistan,Saudi Arabia,Business/Investment,Work,18-24,Male,Master's,2009,Divorced,838,Yes
4144,Pakistan,Saudi Arabia,Employment,Work,55+,Male,Secondary,2021,Divorced,3026,Yes
4145,Sri Lanka,Qatar,Employment,Work,18-24,Male,Vocational/Technical,2013,Married,1059,Yes
4146,India,New Zealand,Economic Hardship,Permanent,35-44,Male,Secondary,2002,Married,2552,No
4147,India,Kuwait,Employment,Work,25-34,Male,PhD,2024,Married,3999,No
4148,Nepal,United Kingdom,Employment,Work,25-34,Male,PhD,2015,Divorced,4712,Yes
4149,Bangladesh,Canada,Higher Education,Permanent,45-54,Male,Secondary,2012,Divorced,295,No
4150,Nepal,Germany,Business/Investment,Work,25-34,Female,Bachelor's,2024,Married,2987,Yes
4151,Nepal,UAE,Business/Investment,Work,35-44,Male,Bachelor's,2003,Single,1409,No
4152,Sri Lanka,Australia,Refugee/Asylum,Permanent,55+,Male,Vocational/Technical,2023,Married,1321,Yes
4153,India,Kuwait,Skilled Worker Visa,Work,25-34,Male,Bachelor's,2013,Single,4055,Yes
4154,India,South Korea,Skilled Worker Visa,Work,25-34,Male,Master's,2018,Single,308,Yes
4155,Bangladesh,Qatar,Better Quality of Life,Permanent,35-44,Male,Bachelor's,2015,Single,3571,No
4156,Bangladesh,New Zealand,Family Reunification,Permanent,55+,Male,Secondary,2021,Divorced,1114,Yes
4157,Pakistan,New Zealand,Business/Investment,Work,35-44,Female,Vocational/Technical,2023,Single,707,Yes
4158,Bangladesh,Malaysia,Marriage/Spouse,Permanent,25-34,Male,Primary,2018,Married,348,No
4159,Sri Lanka,United States,Higher Education,Permanent,45-54,Female,Vocational/Technical,2008,Married,612,Yes
4160,Pakistan,Saudi Arabia,Family Reunification,Permanent,35-44,Male,PhD,2022,Single,3196,No
4161,Nepal,Saudi Arabia,Skilled Worker Visa,Work,25-34,Male,Bachelor's,2006,Married,1223,Yes
4162,Pakistan,Qatar,Employment,Work,25-34,Male,Secondary,2021,Divorced,3076,No
4163,India,France,Skilled Worker Visa,Work,35-44,Female,Bachelor's,2010,Single,2107,Yes
4164,Sri Lanka,Japan,Family Reunification,Permanent,55+,Female,Bachelor's,2012,Single,827,Yes
4165,Pakistan,New Zealand,Higher Education,Permanent,35-44,Female,Vocational/Technical,2020,Married,2992,Yes
4166,Bangladesh,South Korea,Higher Education,Permanent,25-34,Male,Secondary,2011,Divorced,1321,Yes
4167,India,UAE,Employment,Work,35-44,Male,Vocational/Technical,2021,Divorced,2676,No
4168,Pakistan,New Zealand,Higher Education,Permanent,35-44,Male,Primary,2020,Divorced,1152,No
4169,Sri Lanka,Saudi Arabia,Skilled Worker Visa,Work,35-44,Male,Bachelor's,2024,Divorced,1289,Yes
4170,Pakistan,New Zealand,Refugee/Asylum,Permanent,35-44,Male,Bachelor's,2023,Married,1431,Yes
4171,Bangladesh,United States,Higher Education,Permanent,45-54,Male,Secondary,2017,Married,1192,Yes
4172,Sri Lanka,Saudi Arabia,Skilled Worker Visa,Work,18-24,Male,Bachelor's,2018,Divorced,10245,Yes
4173,Bangladesh,Oman,Employment,Work,25-34,Male,Vocational/Technical,2004,Married,284,Yes
4174,Bangladesh,Australia,Marriage/Spouse,Permanent,45-54,Female,Bachelor's,2007,Single,976,Yes
4175,Sri Lanka,Japan,Higher Education,Permanent,35-44,Male,Bachelor's,2016,Married,510,No
4176,Nepal,Germany,Skilled Worker Visa,Work,35-44,Male,Bachelor's,2018,Divorced,687,Yes
4177,Pakistan,Germany,Marriage/Spouse,Permanent,55+,Female,Master's,2016,Married,3025,Yes
4178,India,Saudi Arabia,Skilled Worker Visa,Work,25-34,Male,Vocational/Technical,2009,Divorced,336,Yes
4179,Nepal,Italy,Permanent Residency,Permanent,45-54,Male,Bachelor's,2022,Single,8242,Yes
4180,India,Norway,Family Reunification,Permanent,35-44,Male,Primary,2021,Single,1139,Yes
4181,Pakistan,Australia,Permanent Residency,Permanent,25-34,Male,Bachelor's,2012,Married,1059,Yes
4182,Sri Lanka,UAE,Economic Hardship,Permanent,25-34,Male,Bachelor's,2018,Divorced,1841,Yes
4183,India,Malaysia,Employment,Work,25-34,Male,Bachelor's,2012,Married,570,Yes
4184,India,Australia,Business/Investment,Work,25-34,Female,Vocational/Technical,2023,Married,217,No
4185,Sri Lanka,Australia,Skilled Worker Visa,Work,55+,Female,Vocational/Technical,2017,Divorced,467,Yes
4186,Bangladesh,Qatar,Marriage/Spouse,Permanent,25-34,Male,Vocational/Technical,2010,Married,371,Yes
4187,Pakistan,Norway,Permanent Residency,Permanent,35-44,Female,PhD,2024,Divorced,397,Yes
4188,Bangladesh,Malaysia,Refugee/Asylum,Permanent,35-44,Male,PhD,2022,Divorced,1648,Yes
4189,India,Germany,Higher Education,Permanent,25-34,Male,Bachelor's,2020,Single,701,Yes
4190,Bangladesh,Malaysia,Permanent Residency,Permanent,25-34,Male,Bachelor's,2020,Married,3679,Yes
4191,Nepal,United States,Political Instability,Permanent,25-34,Female,Bachelor's,2020,Married,2887,Yes
4192,Pakistan,Japan,Skilled Worker Visa,Work,18-24,Female,PhD,2018,Divorced,805,Yes
4193,Sri Lanka,Italy,Business/Investment,Work,45-54,Male,Secondary,2015,Married,645,Yes
4194,India,Saudi Arabia,Business/Investment,Work,25-34,Female,Master's,2014,Divorced,9072,Yes
4195,Pakistan,United Kingdom,Employment,Work,45-54,Male,Primary,2005,Divorced,8820,Yes
4196,Nepal,UAE,Employment,Work,18-24,Male,Primary,2019,Divorced,3064,Yes
4197,India,UAE,Employment,Work,25-34,Male,PhD,2016,Married,3554,Yes
4198,Sri Lanka,Germany,Skilled Worker Visa,Work,55+,Female,PhD,2015,Single,508,No
4199,Nepal,Norway,Employment,Work,35-44,Male,Bachelor's,2012,Single,1421,Yes
4200,Sri Lanka,Japan,Permanent Residency,Permanent,25-34,Male,Bachelor's,2000,Single,1137,Yes
4201,Sri Lanka,Qatar,Family Reunification,Permanent,25-34,Male,Secondary,2021,Single,2502,Yes
4202,Pakistan,Oman,Family Reunification,Permanent,25-34,Male,Vocational/Technical,2020,Married,3319,Yes
4203,India,Malaysia,Family Reunification,Permanent,25-34,Female,Master's,2020,Divorced,525,Yes
4204,India,Germany,Employment,Work,25-34,Female,Secondary,2023,Single,2589,No
4205,Bangladesh,UAE,Marriage/Spouse,Permanent,35-44,Male,Secondary,2013,Married,1981,No
4206,Bangladesh,Malaysia,Marriage/Spouse,Permanent,18-24,Female,Vocational/Technical,2010,Single,3007,Yes
4207,Pakistan,France,Refugee/Asylum,Permanent,55+,Male,Bachelor's,2002,Divorced,1327,Yes
4208,Pakistan,United Kingdom,Employment,Work,35-44,Male,Bachelor's,2008,Divorced,375,Yes
4209,Bangladesh,Canada,Permanent Residency,Permanent,35-44,Male,Bachelor's,2018,Single,455,Yes
4210,India,UAE,Skilled Worker Visa,Work,45-54,Male,Vocational/Technical,2002,Divorced,1107,Yes
4211,India,Saudi Arabia,Employment,Work,45-54,Male,Secondary,2006,Married,695,Yes
4212,Bangladesh,United Kingdom,Skilled Worker Visa,Work,35-44,Male,Secondary,2010,Married,400,Yes
4213,Nepal,Kuwait,Employment,Work,45-54,Male,Bachelor's,2006,Divorced,1057,Yes
4214,Nepal,Oman,Skilled Worker Visa,Work,18-24,Male,Secondary,2016,Divorced,4321,Yes
4215,Sri Lanka,Italy,Family Reunification,Permanent,25-34,Female,Master's,2023,Married,4128,Yes
4216,Bangladesh,Japan,Better Quality of Life,Permanent,35-44,Male,PhD,2017,Divorced,3142,Yes
4217,India,Italy,Business/Investment,Work,45-54,Male,Secondary,2016,Married,2049,No
4218,India,Kuwait,Skilled Worker Visa,Work,25-34,Male,Bachelor's,2004,Single,1134,Yes
4219,Pakistan,Kuwait,Employment,Work,18-24,Male,Master's,2022,Single,3495,No
4220,Bangladesh,Qatar,Family Reunification,Permanent,18-24,Male,Bachelor's,2022,Single,3875,No
4221,Sri Lanka,Australia,Skilled Worker Visa,Work,45-54,Female,Secondary,2021,Single,1956,Yes
4222,Pakistan,Canada,Skilled Worker Visa,Work,25-34,Female,Secondary,2023,Married,508,Yes
4223,Pakistan,United Kingdom,Employment,Work,25-34,Female,Bachelor's,2011,Single,407,Yes
4224,India,Saudi Arabia,Employment,Work,35-44,Male,Bachelor's,2022,Married,463,Yes
4225,Pakistan,UAE,Employment,Work,25-34,Male,Secondary,2024,Divorced,408,No
4226,Nepal,Oman,Employment,Work,25-34,Male,Bachelor's,2014,Divorced,859,No
4227,Nepal,France,Higher Education,Permanent,25-34,Male,Primary,2010,Single,574,Yes
4228,Bangladesh,Japan,Family Reunification,Permanent,35-44,Male,PhD,2019,Married,3423,Yes
4229,Bangladesh,South Korea,Permanent Residency,Permanent,25-34,Female,Master's,2021,Divorced,541,Yes
4230,Pakistan,Germany,Permanent Residency,Permanent,25-34,Male,PhD,2021,Single,3585,Yes
4231,Pakistan,Malaysia,Marriage/Spouse,Permanent,18-24,Female,Master's,2012,Divorced,1314,Yes
4232,Sri Lanka,France,Permanent Residency,Permanent,45-54,Male,Secondary,2023,Divorced,2845,Yes
4233,Bangladesh,UAE,Employment,Work,35-44,Male,Master's,2016,Single,1174,Yes
4234,India,Australia,Marriage/Spouse,Permanent,45-54,Female,Secondary,2020,Single,565,Yes
4235,Sri Lanka,Norway,Skilled Worker Visa,Work,45-54,Male,Secondary,2010,Single,3622,Yes
4236,Sri Lanka,Italy,Family Reunification,Permanent,45-54,Female,Bachelor's,2015,Married,462,No
4237,Pakistan,France,Skilled Worker Visa,Work,18-24,Female,Bachelor's,2018,Married,7796,Yes
4238,Sri Lanka,Malaysia,Higher Education,Permanent,55+,Female,Secondary,2011,Divorced,3123,Yes
4239,Sri Lanka,United States,Family Reunification,Permanent,25-34,Male,Vocational/Technical,2025,Divorced,242,Yes
4240,Sri Lanka,Malaysia,Family Reunification,Permanent,35-44,Male,Primary,2023,Divorced,708,Yes
4241,Pakistan,Australia,Skilled Worker Visa,Work,25-34,Male,Bachelor's,2020,Married,1298,No
4242,Sri Lanka,Qatar,Family Reunification,Permanent,25-34,Female,Bachelor's,2022,Single,668,Yes
4243,Nepal,Kuwait,Skilled Worker Visa,Work,35-44,Male,Bachelor's,2005,Single,242,Yes
4244,Bangladesh,Norway,Business/Investment,Work,35-44,Male,Bachelor's,2011,Divorced,1117,Yes
4245,Pakistan,Qatar,Marriage/Spouse,Permanent,18-24,Male,Master's,2018,Single,433,No
4246,India,France,Higher Education,Permanent,35-44,Female,Vocational/Technical,2000,Divorced,1009,Yes
4247,India,Oman,Marriage/Spouse,Permanent,35-44,Male,Vocational/Technical,2022,Single,1400,Yes
4248,Nepal,Saudi Arabia,Economic Hardship,Permanent,45-54,Male,Bachelor's,2013,Single,385,Yes
4249,India,New Zealand,Higher Education,Permanent,45-54,Male,Master's,2024,Divorced,2675,Yes
4250,Pakistan,Saudi Arabia,Economic Hardship,Permanent,25-34,Female,Vocational/Technical,2012,Divorced,583,No
4251,Pakistan,New Zealand,Employment,Work,45-54,Male,Vocational/Technical,2012,Single,1112,Yes
4252,Pakistan,Saudi Arabia,Family Reunification,Permanent,35-44,Male,Master's,2012,Divorced,1264,Yes
4253,Sri Lanka,UAE,Economic Hardship,Permanent,35-44,Male,Master's,2013,Divorced,4847,Yes
4254,Nepal,Germany,Better Quality of Life,Permanent,45-54,Male,Bachelor's,2006,Married,4802,Yes
4255,Sri Lanka,Kuwait,Employment,Work,35-44,Male,Bachelor's,2015,Divorced,487,No
4256,India,Oman,Employment,Work,18-24,Female,Primary,2021,Divorced,835,No
4257,Bangladesh,UAE,Employment,Work,45-54,Male,Primary,2020,Single,3454,No
4258,Bangladesh,Germany,Employment,Work,35-44,Male,Master's,2011,Single,839,Yes
4259,India,Qatar,Marriage/Spouse,Permanent,25-34,Male,Bachelor's,2019,Divorced,10074,No
4260,India,Italy,Skilled Worker Visa,Work,25-34,Female,Master's,2012,Single,1553,Yes
4261,Pakistan,Saudi Arabia,Employment,Work,25-34,Male,Secondary,2011,Married,370,Yes
4262,India,Japan,Marriage/Spouse,Permanent,45-54,Male,Master's,2007,Single,593,No
4263,Nepal,Australia,Employment,Work,18-24,Male,Primary,2011,Single,5677,Yes
4264,Bangladesh,United Kingdom,Better Quality of Life,Permanent,35-44,Male,Vocational/Technical,2018,Married,848,Yes
4265,Bangladesh,Kuwait,Employment,Work,18-24,Male,Vocational/Technical,2003,Divorced,270,Yes
4266,India,Malaysia,Skilled Worker Visa,Work,18-24,Female,Primary,2020,Single,687,Yes
4267,Sri Lanka,Oman,Employment,Work,45-54,Male,Secondary,2005,Divorced,407,Yes
4268,Pakistan,Malaysia,Employment,Work,25-34,Male,Secondary,2016,Divorced,1635,Yes
4269,Nepal,Germany,Skilled Worker Visa,Work,35-44,Male,Vocational/Technical,2021,Single,751,Yes
4270,Pakistan,Australia,Employment,Work,45-54,Male,Secondary,2013,Single,445,Yes
4271,India,Germany,Family Reunification,Permanent,45-54,Female,PhD,2013,Married,355,Yes
4272,Nepal,Japan,Employment,Work,55+,Male,Secondary,2013,Married,10336,No
4273,Nepal,Saudi Arabia,Employment,Work,35-44,Male,Master's,2009,Single,765,Yes
4274,India,Malaysia,Employment,Work,45-54,Female,Bachelor's,2021,Divorced,2842,Yes
4275,Bangladesh,Qatar,Employment,Work,35-44,Male,Secondary,2015,Divorced,10425,Yes
4276,Nepal,Qatar,Family Reunification,Permanent,55+,Male,Vocational/Technical,2011,Married,451,No
4277,Sri Lanka,South Korea,Refugee/Asylum,Permanent,18-24,Female,Master's,2005,Married,3388,Yes
4278,Nepal,Oman,Employment,Work,35-44,Male,Primary,2022,Single,1495,No
4279,Nepal,Kuwait,Business/Investment,Work,35-44,Male,Vocational/Technical,2007,Single,1000,No
4280,Bangladesh,Norway,Employment,Work,25-34,Male,Master's,2023,Single,518,Yes
4281,India,France,Permanent Residency,Permanent,45-54,Female,Secondary,2019,Married,2892,Yes
4282,Nepal,Norway,Economic Hardship,Permanent,45-54,Male,Bachelor's,2012,Single,536,Yes
4283,India,Saudi Arabia,Employment,Work,35-44,Female,Secondary,2019,Single,259,Yes
4284,Nepal,France,Higher Education,Permanent,18-24,Female,Bachelor's,2022,Divorced,1257,No
4285,India,Canada,Healthcare,Permanent,25-34,Male,Bachelor's,2023,Divorced,3801,No
4286,India,Qatar,Skilled Worker Visa,Work,25-34,Male,Master's,2022,Divorced,3604,Yes
4287,Nepal,Malaysia,Employment,Work,55+,Male,Bachelor's,2024,Single,3044,Yes
4288,India,Germany,Marriage/Spouse,Permanent,35-44,Female,PhD,2008,Single,1442,Yes
4289,Pakistan,United States,Permanent Residency,Permanent,35-44,Female,Bachelor's,2006,Divorced,388,No
4290,Pakistan,Saudi Arabia,Employment,Work,18-24,Male,Bachelor's,2001,Married,1371,Yes
4291,Bangladesh,Japan,Permanent Residency,Permanent,25-34,Female,Master's,2002,Single,2403,Yes
4292,Nepal,United States,Employment,Work,45-54,Male,Bachelor's,2007,Divorced,456,Yes
4293,India,United Kingdom,Family Reunification,Permanent,18-24,Female,Bachelor's,2003,Single,782,Yes
4294,Bangladesh,Saudi Arabia,Marriage/Spouse,Permanent,45-54,Male,Master's,2024,Single,6967,Yes
4295,Bangladesh,United Kingdom,Family Reunification,Permanent,18-24,Male,Master's,2003,Married,2234,Yes
4296,Sri Lanka,Qatar,Employment,Work,18-24,Male,Vocational/Technical,2007,Single,2514,No
4297,Nepal,Oman,Employment,Work,55+,Male,Master's,2025,Divorced,2691,Yes
4298,Nepal,New Zealand,Healthcare,Permanent,45-54,Male,Vocational/Technical,2006,Married,492,Yes
4299,Pakistan,Qatar,Higher Education,Permanent,25-34,Female,Bachelor's,2019,Single,10214,No
4300,Pakistan,Norway,Better Quality of Life,Permanent,35-44,Male,Primary,2015,Divorced,2656,Yes
4301,Sri Lanka,Kuwait,Employment,Work,25-34,Male,Secondary,2020,Divorced,2017,No
4302,Sri Lanka,South Korea,Healthcare,Permanent,35-44,Female,Bachelor's,2016,Single,2291,No
4303,Bangladesh,UAE,Skilled Worker Visa,Work,35-44,Male,Vocational/Technical,2022,Divorced,3450,No
4304,Nepal,Canada,Political Instability,Permanent,25-34,Male,Vocational/Technical,2017,Single,5231,Yes
4305,India,Australia,Healthcare,Permanent,45-54,Female,Bachelor's,2001,Divorced,7899,Yes
4306,Pakistan,Qatar,Marriage/Spouse,Permanent,55+,Male,PhD,2017,Divorced,819,No
4307,India,Australia,Employment,Work,35-44,Male,Bachelor's,2015,Married,391,Yes
4308,India,Kuwait,Skilled Worker Visa,Work,35-44,Male,Master's,2021,Single,10321,Yes
4309,Pakistan,New Zealand,Skilled Worker Visa,Work,18-24,Male,Master's,2000,Married,2674,Yes
4310,Bangladesh,Japan,Higher Education,Permanent,55+,Female,PhD,2005,Married,307,Yes
4311,Bangladesh,New Zealand,Permanent Residency,Permanent,18-24,Male,Bachelor's,2018,Single,871,Yes
4312,Sri Lanka,New Zealand,Family Reunification,Permanent,25-34,Male,Secondary,2005,Married,708,Yes
4313,Nepal,Qatar,Refugee/Asylum,Permanent,35-44,Male,Primary,2000,Single,977,Yes
4314,India,Italy,Business/Investment,Work,25-34,Female,PhD,2011,Divorced,1498,Yes
4315,Pakistan,Malaysia,Refugee/Asylum,Permanent,35-44,Male,Bachelor's,2018,Divorced,1166,No
4316,India,Kuwait,Refugee/Asylum,Permanent,35-44,Male,Master's,2007,Single,253,No
4317,Bangladesh,United States,Family Reunification,Permanent,35-44,Male,Master's,2016,Married,317,Yes
4318,India,Kuwait,Skilled Worker Visa,Work,25-34,Female,Vocational/Technical,2019,Single,205,Yes
4319,India,Norway,Permanent Residency,Permanent,45-54,Male,Master's,2018,Divorced,668,Yes
4320,Sri Lanka,Australia,Refugee/Asylum,Permanent,35-44,Male,Bachelor's,2023,Married,1630,Yes
4321,Pakistan,United Kingdom,Employment,Work,25-34,Female,Vocational/Technical,2015,Divorced,332,No
4322,Pakistan,United Kingdom,Permanent Residency,Permanent,25-34,Male,Master's,2017,Married,3826,Yes
4323,India,Australia,Permanent Residency,Permanent,18-24,Male,Primary,2016,Divorced,397,Yes
4324,Pakistan,UAE,Better Quality of Life,Permanent,35-44,Male,Master's,2011,Single,242,Yes
4325,India,Saudi Arabia,Skilled Worker Visa,Work,45-54,Male,Vocational/Technical,2020,Married,402,Yes
4326,Sri Lanka,Italy,Healthcare,Permanent,18-24,Male,Primary,2023,Single,428,No
4327,Bangladesh,United Kingdom,Economic Hardship,Permanent,25-34,Female,Master's,2019,Married,1278,No
4328,India,Canada,Skilled Worker Visa,Work,25-34,Female,Master's,2018,Married,1410,No
4329,Bangladesh,Oman,Employment,Work,25-34,Male,Secondary,2012,Divorced,243,No
4330,Sri Lanka,South Korea,Permanent Residency,Permanent,25-34,Male,Master's,2010,Married,1643,No
4331,Bangladesh,Malaysia,Family Reunification,Permanent,35-44,Female,Primary,2023,Single,1191,Yes
4332,Pakistan,Australia,Permanent Residency,Permanent,25-34,Male,Secondary,2025,Divorced,2205,Yes
4333,Pakistan,Germany,Employment,Work,25-34,Female,Master's,2021,Single,580,Yes
4334,Pakistan,New Zealand,Higher Education,Permanent,25-34,Male,Secondary,2022,Married,1243,Yes
4335,Nepal,Oman,Employment,Work,25-34,Male,Master's,2013,Divorced,2620,Yes
4336,Nepal,Malaysia,Skilled Worker Visa,Work,25-34,Male,Secondary,2025,Single,245,Yes
4337,Pakistan,Australia,Higher Education,Permanent,25-34,Male,Bachelor's,2008,Single,513,Yes
4338,India,Canada,Family Reunification,Permanent,55+,Male,Secondary,2008,Single,2250,Yes
4339,Sri Lanka,Germany,Skilled Worker Visa,Work,35-44,Female,Primary,2003,Single,923,No
4340,Nepal,UAE,Permanent Residency,Permanent,25-34,Male,Bachelor's,2025,Single,3567,Yes
4341,Pakistan,South Korea,Skilled Worker Visa,Work,45-54,Female,Master's,2004,Divorced,1277,Yes
4342,Sri Lanka,Japan,Marriage/Spouse,Permanent,35-44,Male,Secondary,2019,Married,9162,No
4343,India,France,Permanent Residency,Permanent,45-54,Female,Vocational/Technical,2018,Divorced,2907,Yes
4344,Sri Lanka,Norway,Employment,Work,25-34,Male,PhD,2010,Single,728,Yes
4345,Sri Lanka,Italy,Marriage/Spouse,Permanent,55+,Female,Primary,2011,Divorced,1105,Yes
4346,India,United Kingdom,Skilled Worker Visa,Work,25-34,Female,PhD,2012,Single,233,No
4347,Nepal,Oman,Skilled Worker Visa,Work,25-34,Female,Master's,2015,Married,3472,Yes
4348,Sri Lanka,Kuwait,Higher Education,Permanent,35-44,Male,Secondary,2017,Divorced,11764,Yes
4349,India,Italy,Skilled Worker Visa,Work,25-34,Male,Secondary,2021,Divorced,976,No
4350,Pakistan,Qatar,Political Instability,Permanent,25-34,Male,Bachelor's,2018,Married,2532,Yes
4351,Pakistan,France,Employment,Work,45-54,Female,Master's,2020,Single,2727,No
4352,India,New Zealand,Employment,Work,18-24,Male,Secondary,2024,Married,3129,Yes
4353,Sri Lanka,Australia,Political Instability,Permanent,35-44,Male,Master's,2011,Married,551,Yes
4354,Nepal,Kuwait,Marriage/Spouse,Permanent,18-24,Male,Master's,2024,Married,525,Yes
4355,Sri Lanka,Qatar,Better Quality of Life,Permanent,25-34,Male,Bachelor's,2008,Married,3890,Yes
4356,Pakistan,Italy,Better Quality of Life,Permanent,25-34,Male,Secondary,2015,Divorced,1250,Yes
4357,Bangladesh,Kuwait,Employment,Work,25-34,Male,Bachelor's,2016,Single,227,Yes
4358,Nepal,Norway,Family Reunification,Permanent,35-44,Male,Vocational/Technical,2014,Divorced,997,Yes
4359,Bangladesh,UAE,Family Reunification,Permanent,25-34,Female,Secondary,2017,Married,436,No
4360,Bangladesh,South Korea,Employment,Work,45-54,Male,Vocational/Technical,2011,Single,1157,Yes
4361,Sri Lanka,Norway,Family Reunification,Permanent,35-44,Male,Primary,2016,Married,208,Yes
4362,Sri Lanka,Japan,Higher Education,Permanent,18-24,Male,Bachelor's,2025,Divorced,2489,Yes
4363,India,Canada,Family Reunification,Permanent,18-24,Male,Bachelor's,2022,Married,2200,Yes
4364,Nepal,United States,Employment,Work,35-44,Female,Bachelor's,2025,Single,958,No
4365,Sri Lanka,UAE,Skilled Worker Visa,Work,18-24,Male,Primary,2010,Married,327,No
4366,India,United Kingdom,Family Reunification,Permanent,18-24,Male,Bachelor's,2022,Married,912,Yes
4367,Pakistan,Japan,Higher Education,Permanent,35-44,Female,Bachelor's,2005,Divorced,3185,Yes
4368,Nepal,Oman,Marriage/Spouse,Permanent,55+,Male,Bachelor's,2021,Single,11178,Yes
4369,Sri Lanka,Kuwait,Employment,Work,35-44,Male,Vocational/Technical,2009,Divorced,235,No
4370,India,Australia,Permanent Residency,Permanent,25-34,Male,Vocational/Technical,2004,Divorced,662,No
4371,India,Japan,Business/Investment,Work,45-54,Female,Master's,2018,Married,11867,No
4372,Sri Lanka,Saudi Arabia,Skilled Worker Visa,Work,55+,Male,Primary,2016,Single,2323,No
4373,Pakistan,Qatar,Skilled Worker Visa,Work,35-44,Male,Secondary,2015,Divorced,570,Yes
4374,Pakistan,United States,Business/Investment,Work,35-44,Female,Primary,2011,Married,3291,No
4375,Pakistan,New Zealand,Family Reunification,Permanent,45-54,Female,Primary,2006,Divorced,8423,Yes
4376,Nepal,Italy,Refugee/Asylum,Permanent,18-24,Male,Bachelor's,2018,Divorced,403,Yes
4377,Pakistan,Oman,Employment,Work,35-44,Male,Bachelor's,2025,Divorced,6476,Yes
4378,India,Qatar,Business/Investment,Work,35-44,Male,Primary,2008,Single,1336,Yes
4379,Sri Lanka,Canada,Employment,Work,18-24,Male,Bachelor's,2021,Divorced,9122,Yes
4380,Pakistan,Japan,Better Quality of Life,Permanent,18-24,Male,Bachelor's,2010,Married,802,No
4381,Nepal,France,Better Quality of Life,Permanent,45-54,Male,Bachelor's,2023,Married,719,Yes
4382,Nepal,Germany,Employment,Work,25-34,Female,Vocational/Technical,2009,Single,1143,Yes
4383,Sri Lanka,Kuwait,Employment,Work,35-44,Male,Secondary,2017,Married,873,Yes
4384,Pakistan,France,Better Quality of Life,Permanent,25-34,Male,Vocational/Technical,2009,Married,6727,No
4385,Pakistan,Germany,Skilled Worker Visa,Work,25-34,Female,Bachelor's,2019,Married,594,Yes
4386,Nepal,Saudi Arabia,Marriage/Spouse,Permanent,25-34,Male,Primary,2022,Single,393,Yes
4387,India,New Zealand,Family Reunification,Permanent,35-44,Female,Secondary,2014,Single,2953,Yes
4388,Sri Lanka,Italy,Family Reunification,Permanent,25-34,Male,Secondary,2012,Single,3145,Yes
4389,India,Italy,Skilled Worker Visa,Work,55+,Male,Master's,2025,Divorced,8136,Yes
4390,Pakistan,Canada,Skilled Worker Visa,Work,25-34,Female,Master's,2024,Married,471,Yes
4391,Pakistan,Saudi Arabia,Marriage/Spouse,Permanent,55+,Male,Secondary,2023,Divorced,3660,Yes
4392,Pakistan,Malaysia,Permanent Residency,Permanent,18-24,Male,Master's,2015,Divorced,373,Yes
4393,India,UAE,Employment,Work,18-24,Male,Vocational/Technical,2021,Divorced,3050,No
4394,Bangladesh,United States,Family Reunification,Permanent,25-34,Female,Bachelor's,2003,Married,770,No
4395,Pakistan,France,Higher Education,Permanent,25-34,Female,Vocational/Technical,2023,Married,1217,Yes
4396,Nepal,Oman,Employment,Work,25-34,Male,Vocational/Technical,2025,Divorced,2223,Yes
4397,Nepal,Qatar,Skilled Worker Visa,Work,18-24,Male,Bachelor's,2025,Divorced,260,No
4398,Nepal,Kuwait,Skilled Worker Visa,Work,55+,Male,Secondary,2011,Divorced,2345,Yes
4399,Bangladesh,United Kingdom,Family Reunification,Permanent,45-54,Male,Secondary,2019,Divorced,614,Yes
4400,Sri Lanka,United Kingdom,Healthcare,Permanent,25-34,Female,Secondary,2021,Divorced,2568,No
4401,Bangladesh,Qatar,Marriage/Spouse,Permanent,35-44,Female,Primary,2024,Single,1177,No
4402,Nepal,UAE,Employment,Work,55+,Male,Secondary,2017,Divorced,3143,Yes
4403,Bangladesh,United Kingdom,Business/Investment,Work,18-24,Male,Secondary,2022,Married,1324,Yes
4404,Bangladesh,Kuwait,Employment,Work,18-24,Male,Bachelor's,2015,Single,733,Yes
4405,Pakistan,Kuwait,Marriage/Spouse,Permanent,25-34,Male,Vocational/Technical,2007,Married,451,No
4406,India,Australia,Skilled Worker Visa,Work,25-34,Female,PhD,2017,Single,1487,Yes
4407,Pakistan,Norway,Family Reunification,Permanent,55+,Male,Bachelor's,2020,Married,856,Yes
4408,Bangladesh,New Zealand,Economic Hardship,Permanent,35-44,Male,PhD,2022,Divorced,1325,Yes
4409,Sri Lanka,Australia,Family Reunification,Permanent,45-54,Male,Master's,2020,Single,1702,Yes
4410,Bangladesh,United Kingdom,Skilled Worker Visa,Work,45-54,Male,Primary,2006,Divorced,1511,No
4411,Nepal,Australia,Better Quality of Life,Permanent,55+,Female,Master's,2012,Divorced,1262,No
4412,Sri Lanka,Malaysia,Higher Education,Permanent,25-34,Female,Bachelor's,2017,Married,958,Yes
4413,Pakistan,Australia,Employment,Work,25-34,Male,Bachelor's,2021,Married,307,No
4414,Nepal,Germany,Higher Education,Permanent,35-44,Male,Bachelor's,2003,Divorced,3035,Yes
4415,Nepal,South Korea,Skilled Worker Visa,Work,55+,Male,Vocational/Technical,2021,Single,845,Yes
4416,India,Oman,Skilled Worker Visa,Work,45-54,Male,Master's,2021,Married,1735,Yes
4417,Nepal,South Korea,Business/Investment,Work,25-34,Male,Master's,2015,Single,242,No
4418,Pakistan,Norway,Higher Education,Permanent,45-54,Female,Secondary,2020,Single,11124,Yes
4419,Pakistan,Italy,Refugee/Asylum,Permanent,25-34,Male,Primary,2005,Single,3913,Yes
4420,Bangladesh,Qatar,Employment,Work,45-54,Male,Vocational/Technical,2007,Single,2936,Yes
4421,Nepal,Australia,Skilled Worker Visa,Work,25-34,Female,PhD,2009,Single,275,Yes
4422,Nepal,Norway,Permanent Residency,Permanent,35-44,Male,Vocational/Technical,2019,Married,907,Yes
4423,Sri Lanka,UAE,Higher Education,Permanent,25-34,Male,Vocational/Technical,2003,Divorced,1491,Yes
4424,Sri Lanka,United Kingdom,Family Reunification,Permanent,35-44,Male,Secondary,2006,Divorced,1408,Yes
4425,Bangladesh,Qatar,Employment,Work,35-44,Male,Master's,2024,Divorced,600,No
4426,Pakistan,Saudi Arabia,Skilled Worker Visa,Work,35-44,Male,Secondary,2013,Single,1225,Yes
4427,Bangladesh,United Kingdom,Employment,Work,45-54,Female,Bachelor's,2016,Single,422,No
4428,Bangladesh,UAE,Political Instability,Permanent,45-54,Male,Master's,2022,Married,406,Yes
4429,Pakistan,Malaysia,Economic Hardship,Permanent,25-34,Male,PhD,2012,Single,364,Yes
4430,India,Saudi Arabia,Family Reunification,Permanent,45-54,Male,Master's,2022,Married,5370,Yes
4431,Bangladesh,Japan,Refugee/Asylum,Permanent,55+,Male,Master's,2010,Divorced,585,Yes
4432,Nepal,Australia,Employment,Work,25-34,Female,Bachelor's,2008,Single,2282,Yes
4433,Bangladesh,Japan,Permanent Residency,Permanent,18-24,Male,Vocational/Technical,2010,Single,7081,Yes
4434,Nepal,Norway,Better Quality of Life,Permanent,35-44,Male,Vocational/Technical,2021,Married,5766,No
4435,Sri Lanka,Australia,Employment,Work,35-44,Female,Master's,2022,Single,902,Yes
4436,Bangladesh,Malaysia,Refugee/Asylum,Permanent,18-24,Female,Secondary,2015,Divorced,2505,Yes
4437,India,United States,Better Quality of Life,Permanent,25-34,Male,Bachelor's,2024,Divorced,1126,Yes
4438,Nepal,Oman,Employment,Work,45-54,Male,Secondary,2025,Divorced,450,Yes
4439,Bangladesh,Japan,Skilled Worker Visa,Work,25-34,Male,Bachelor's,2010,Single,854,Yes
4440,Pakistan,France,Permanent Residency,Permanent,25-34,Female,PhD,2021,Married,524,Yes
4441,Bangladesh,Saudi Arabia,Employment,Work,25-34,Female,Bachelor's,2010,Single,958,Yes
4442,Nepal,Kuwait,Better Quality of Life,Permanent,55+,Male,Bachelor's,2021,Single,10654,No
4443,Nepal,France,Better Quality of Life,Permanent,35-44,Male,Vocational/Technical,2019,Married,2892,Yes
4444,India,Australia,Permanent Residency,Permanent,25-34,Male,Secondary,2019,Married,746,No
4445,Sri Lanka,UAE,Employment,Work,18-24,Male,Bachelor's,2012,Married,1331,Yes
4446,India,Canada,Economic Hardship,Permanent,18-24,Female,Master's,2018,Married,1178,Yes
4447,Sri Lanka,South Korea,Employment,Work,18-24,Male,Bachelor's,2011,Married,1734,No
4448,Bangladesh,United States,Family Reunification,Permanent,45-54,Male,Bachelor's,2019,Divorced,339,No
4449,Nepal,Oman,Refugee/Asylum,Permanent,35-44,Male,Bachelor's,2017,Divorced,1467,Yes
4450,India,Saudi Arabia,Business/Investment,Work,25-34,Male,Bachelor's,2005,Married,7495,No
4451,Sri Lanka,Kuwait,Employment,Work,18-24,Female,Secondary,2006,Divorced,2674,Yes
4452,Pakistan,Canada,Skilled Worker Visa,Work,45-54,Male,Bachelor's,2014,Married,236,Yes
4453,Nepal,Kuwait,Employment,Work,25-34,Female,Master's,2024,Divorced,903,Yes
4454,Bangladesh,Qatar,Business/Investment,Work,25-34,Male,Secondary,2023,Single,7630,Yes
4455,Sri Lanka,United Kingdom,Family Reunification,Permanent,35-44,Male,Vocational/Technical,2013,Divorced,10666,Yes
4456,Nepal,Germany,Employment,Work,25-34,Male,Primary,2007,Married,406,Yes
4457,Pakistan,Germany,Higher Education,Permanent,25-34,Female,Bachelor's,2019,Divorced,352,Yes
4458,Nepal,Saudi Arabia,Business/Investment,Work,45-54,Male,PhD,2016,Married,681,Yes
4459,Pakistan,Kuwait,Economic Hardship,Permanent,25-34,Male,Secondary,2023,Single,542,Yes
4460,Nepal,Oman,Refugee/Asylum,Permanent,25-34,Male,PhD,2024,Single,405,Yes
4461,Sri Lanka,Oman,Skilled Worker Visa,Work,45-54,Male,Bachelor's,2018,Single,755,Yes
4462,Pakistan,United States,Permanent Residency,Permanent,35-44,Male,Secondary,2013,Divorced,5463,No
4463,Nepal,Italy,Employment,Work,35-44,Male,Master's,2017,Single,863,Yes
4464,India,Qatar,Family Reunification,Permanent,18-24,Male,Bachelor's,2021,Divorced,3602,Yes
4465,India,France,Higher Education,Permanent,18-24,Male,Bachelor's,2019,Single,897,No
4466,Sri Lanka,Germany,Skilled Worker Visa,Work,45-54,Male,Bachelor's,2024,Divorced,415,Yes
4467,Nepal,New Zealand,Higher Education,Permanent,35-44,Female,Master's,2024,Single,3540,Yes
4468,India,United States,Permanent Residency,Permanent,18-24,Male,Vocational/Technical,2025,Married,594,Yes
4469,Sri Lanka,Australia,Family Reunification,Permanent,25-34,Male,PhD,2016,Married,2349,Yes
4470,Pakistan,Japan,Permanent Residency,Permanent,45-54,Female,Bachelor's,2019,Divorced,1398,Yes
4471,Sri Lanka,Italy,Permanent Residency,Permanent,25-34,Male,Secondary,2022,Married,262,No
4472,Nepal,Oman,Employment,Work,18-24,Male,Vocational/Technical,2010,Single,669,Yes
4473,Sri Lanka,Qatar,Employment,Work,18-24,Male,Bachelor's,2000,Married,3534,No
4474,Nepal,Saudi Arabia,Marriage/Spouse,Permanent,35-44,Male,Master's,2024,Married,1553,Yes
4475,Nepal,Australia,Employment,Work,45-54,Female,Secondary,2015,Single,911,Yes
4476,India,United Kingdom,Business/Investment,Work,45-54,Male,Primary,2014,Divorced,877,Yes
4477,Pakistan,South Korea,Family Reunification,Permanent,25-34,Male,Primary,2021,Divorced,219,Yes
4478,Pakistan,Canada,Family Reunification,Permanent,25-34,Female,Master's,2025,Single,9236,No
4479,Nepal,UAE,Skilled Worker Visa,Work,35-44,Female,Master's,2022,Married,959,Yes
4480,Bangladesh,Kuwait,Marriage/Spouse,Permanent,55+,Male,Bachelor's,2007,Married,3615,No
4481,Bangladesh,United States,Refugee/Asylum,Permanent,25-34,Female,Master's,2006,Divorced,202,Yes
4482,Nepal,Norway,Business/Investment,Work,35-44,Female,Master's,2019,Single,1216,Yes
4483,India,Norway,Employment,Work,25-34,Female,Bachelor's,2019,Married,1225,Yes
4484,Nepal,Germany,Family Reunification,Permanent,35-44,Male,Bachelor's,2013,Married,978,Yes
4485,Pakistan,United Kingdom,Economic Hardship,Permanent,25-34,Female,Primary,2020,Divorced,398,Yes
4486,Pakistan,Australia,Employment,Work,35-44,Male,Primary,2021,Divorced,727,Yes
4487,Nepal,Italy,Family Reunification,Permanent,55+,Female,Secondary,2009,Divorced,2924,Yes
4488,India,Oman,Skilled Worker Visa,Work,45-54,Male,Master's,2024,Divorced,6938,Yes
4489,Sri Lanka,United Kingdom,Employment,Work,25-34,Male,Bachelor's,2023,Single,469,No
4490,Pakistan,France,Permanent Residency,Permanent,18-24,Female,Bachelor's,2024,Divorced,875,No
4491,Sri Lanka,United Kingdom,Family Reunification,Permanent,25-34,Male,Primary,2022,Married,986,Yes
4492,Pakistan,Australia,Permanent Residency,Permanent,25-34,Male,Bachelor's,2023,Married,477,Yes
4493,Nepal,Norway,Skilled Worker Visa,Work,45-54,Female,Vocational/Technical,2013,Single,304,No
4494,Nepal,Oman,Skilled Worker Visa,Work,25-34,Male,Master's,2022,Divorced,5135,Yes
4495,Pakistan,France,Family Reunification,Permanent,55+,Male,Vocational/Technical,2011,Divorced,1063,No
4496,Pakistan,France,Economic Hardship,Permanent,35-44,Male,Master's,2010,Single,2119,No
4497,Sri Lanka,UAE,Marriage/Spouse,Permanent,35-44,Male,Bachelor's,2010,Single,1467,Yes
4498,Bangladesh,South Korea,Employment,Work,25-34,Male,Master's,2022,Divorced,5340,Yes
4499,Nepal,Italy,Higher Education,Permanent,45-54,Male,Vocational/Technical,2020,Divorced,3766,Yes
4500,Pakistan,Japan,Business/Investment,Work,18-24,Male,Vocational/Technical,2017,Divorced,2882,Yes
4501,Bangladesh,Qatar,Skilled Worker Visa,Work,18-24,Male,Vocational/Technical,2025,Single,1318,Yes
4502,Nepal,Japan,Family Reunification,Permanent,18-24,Female,Bachelor's,2019,Single,6343,Yes
4503,India,United States,Marriage/Spouse,Permanent,55+,Male,Master's,2017,Married,8686,No
4504,Pakistan,Japan,Refugee/Asylum,Permanent,25-34,Male,Primary,2012,Divorced,1472,No
4505,Pakistan,UAE,Employment,Work,25-34,Male,Bachelor's,2016,Divorced,10191,Yes
4506,Sri Lanka,UAE,Business/Investment,Work,25-34,Male,Master's,2016,Single,6931,Yes
4507,Bangladesh,France,Higher Education,Permanent,25-34,Male,Master's,2000,Divorced,536,Yes
4508,Nepal,Germany,Business/Investment,Work,45-54,Male,Bachelor's,2016,Married,735,No
4509,India,Oman,Family Reunification,Permanent,45-54,Female,Vocational/Technical,2019,Married,3261,Yes
4510,Sri Lanka,Malaysia,Employment,Work,25-34,Female,Bachelor's,2008,Single,680,Yes
4511,Nepal,Australia,Higher Education,Permanent,25-34,Male,Master's,2016,Single,2738,Yes
4512,Nepal,Japan,Employment,Work,35-44,Male,Primary,2023,Married,2260,Yes
4513,Bangladesh,Canada,Skilled Worker Visa,Work,25-34,Female,Secondary,2010,Divorced,916,No
4514,Nepal,Saudi Arabia,Healthcare,Permanent,18-24,Male,Vocational/Technical,2020,Single,504,Yes
4515,Nepal,France,Employment,Work,35-44,Female,Bachelor's,2020,Single,708,Yes
4516,Sri Lanka,United States,Employment,Work,35-44,Male,Secondary,2013,Married,1288,Yes
4517,Sri Lanka,Germany,Skilled Worker Visa,Work,35-44,Male,Master's,2002,Single,8345,Yes
4518,Bangladesh,France,Higher Education,Permanent,55+,Female,Bachelor's,2024,Single,1918,Yes
4519,Sri Lanka,UAE,Skilled Worker Visa,Work,45-54,Male,Master's,2000,Single,431,Yes
4520,India,Canada,Refugee/Asylum,Permanent,25-34,Male,Master's,2020,Single,1958,Yes
4521,Nepal,Japan,Higher Education,Permanent,18-24,Female,Bachelor's,2006,Divorced,2270,Yes
4522,Sri Lanka,Malaysia,Employment,Work,18-24,Male,Bachelor's,2014,Single,10324,Yes
4523,Nepal,United States,Family Reunification,Permanent,45-54,Male,PhD,2009,Single,3608,No
4524,India,Norway,Employment,Work,25-34,Female,Bachelor's,2018,Divorced,2034,Yes
4525,India,Saudi Arabia,Skilled Worker Visa,Work,25-34,Female,Secondary,2020,Single,1418,Yes
4526,Sri Lanka,Kuwait,Skilled Worker Visa,Work,55+,Male,Bachelor's,2015,Married,11426,Yes
4527,Nepal,United Kingdom,Employment,Work,35-44,Male,Secondary,2010,Divorced,2887,Yes
4528,Bangladesh,South Korea,Employment,Work,25-34,Female,Bachelor's,2018,Married,5696,Yes
4529,Nepal,Malaysia,Higher Education,Permanent,18-24,Female,Bachelor's,2013,Single,546,Yes
4530,Sri Lanka,Germany,Higher Education,Permanent,25-34,Male,Master's,2022,Divorced,1194,Yes
4531,India,UAE,Marriage/Spouse,Permanent,25-34,Male,Bachelor's,2022,Married,2220,Yes
4532,Sri Lanka,Qatar,Employment,Work,35-44,Male,PhD,2020,Divorced,681,Yes
4533,Bangladesh,Japan,Healthcare,Permanent,25-34,Female,Bachelor's,2008,Divorced,1025,No
4534,Bangladesh,Saudi Arabia,Employment,Work,25-34,Male,Master's,2017,Single,337,Yes
4535,India,New Zealand,Skilled Worker Visa,Work,18-24,Male,Bachelor's,2021,Single,333,No
4536,Nepal,Japan,Political Instability,Permanent,18-24,Male,Vocational/Technical,2018,Single,2025,No
4537,Nepal,Canada,Marriage/Spouse,Permanent,25-34,Female,Master's,2025,Single,2552,No
4538,Sri Lanka,Germany,Skilled Worker Visa,Work,35-44,Male,Bachelor's,2024,Divorced,2804,Yes
4539,India,Kuwait,Skilled Worker Visa,Work,18-24,Male,Bachelor's,2025,Divorced,301,Yes
4540,Pakistan,United Kingdom,Marriage/Spouse,Permanent,45-54,Female,Vocational/Technical,2021,Married,223,Yes
4541,Nepal,Saudi Arabia,Employment,Work,25-34,Male,PhD,2024,Divorced,2723,Yes
4542,Nepal,Oman,Employment,Work,35-44,Female,Secondary,2024,Divorced,3895,Yes
4543,Sri Lanka,United States,Better Quality of Life,Permanent,25-34,Male,Vocational/Technical,2006,Single,3874,Yes
4544,Nepal,Kuwait,Economic Hardship,Permanent,35-44,Male,Bachelor's,2023,Divorced,1219,Yes
4545,India,Australia,Employment,Work,25-34,Male,Bachelor's,2024,Married,414,Yes
4546,Nepal,Kuwait,Employment,Work,25-34,Male,Vocational/Technical,2017,Divorced,10293,Yes
4547,Nepal,Qatar,Employment,Work,25-34,Female,Bachelor's,2013,Single,6252,Yes
4548,India,Oman,Employment,Work,25-34,Male,PhD,2009,Divorced,3440,Yes
4549,Bangladesh,Oman,Employment,Work,55+,Female,Primary,2021,Married,5490,Yes
4550,Bangladesh,UAE,Higher Education,Permanent,35-44,Male,Bachelor's,2011,Single,1145,Yes
4551,Sri Lanka,Japan,Better Quality of Life,Permanent,55+,Male,Bachelor's,2025,Married,1342,Yes
4552,Pakistan,Oman,Employment,Work,18-24,Male,Vocational/Technical,2006,Married,4380,Yes
4553,Pakistan,United Kingdom,Refugee/Asylum,Permanent,35-44,Female,Master's,2024,Divorced,3954,Yes
4554,Sri Lanka,Canada,Economic Hardship,Permanent,25-34,Female,Bachelor's,2021,Married,668,No
4555,Sri Lanka,Kuwait,Employment,Work,35-44,Female,Vocational/Technical,2023,Divorced,1316,No
4556,Bangladesh,Canada,Marriage/Spouse,Permanent,35-44,Male,Secondary,2009,Single,572,Yes
4557,Sri Lanka,Germany,Employment,Work,18-24,Male,Master's,2022,Divorced,244,Yes
4558,Pakistan,UAE,Skilled Worker Visa,Work,45-54,Male,Bachelor's,2021,Married,388,No
4559,Sri Lanka,Saudi Arabia,Employment,Work,35-44,Male,PhD,2020,Single,765,Yes
4560,Sri Lanka,New Zealand,Permanent Residency,Permanent,18-24,Female,Vocational/Technical,2016,Single,456,Yes
4561,India,France,Family Reunification,Permanent,25-34,Male,PhD,2019,Single,573,Yes
4562,Nepal,New Zealand,Healthcare,Permanent,45-54,Male,Primary,2024,Single,1389,Yes
4563,Sri Lanka,Germany,Family Reunification,Permanent,25-34,Female,Vocational/Technical,2015,Married,4582,Yes
4564,Bangladesh,United Kingdom,Permanent Residency,Permanent,18-24,Male,Primary,2024,Married,481,Yes
4565,Nepal,South Korea,Family Reunification,Permanent,35-44,Female,Master's,2022,Divorced,3869,No
4566,Bangladesh,United States,Higher Education,Permanent,25-34,Male,Bachelor's,2009,Married,964,Yes
4567,Bangladesh,UAE,Employment,Work,25-34,Male,Secondary,2017,Single,1515,Yes
4568,India,UAE,Economic Hardship,Permanent,35-44,Male,Secondary,2016,Divorced,319,Yes
4569,Bangladesh,Japan,Family Reunification,Permanent,25-34,Male,Secondary,2024,Married,268,Yes
4570,Pakistan,United Kingdom,Employment,Work,55+,Male,Master's,2014,Single,316,Yes
4571,India,Australia,Employment,Work,25-34,Female,Secondary,2018,Single,272,Yes
4572,Bangladesh,Canada,Employment,Work,55+,Female,Master's,2003,Divorced,1889,No
4573,Sri Lanka,Australia,Employment,Work,45-54,Male,Bachelor's,2011,Married,963,Yes
4574,Bangladesh,South Korea,Permanent Residency,Permanent,45-54,Male,Bachelor's,2017,Divorced,1431,Yes
4575,India,Japan,Family Reunification,Permanent,45-54,Male,Vocational/Technical,2018,Divorced,1351,Yes
4576,Bangladesh,Germany,Permanent Residency,Permanent,45-54,Female,Master's,2021,Married,340,Yes
4577,Pakistan,Australia,Refugee/Asylum,Permanent,18-24,Male,Bachelor's,2023,Single,226,Yes
4578,Sri Lanka,UAE,Employment,Work,18-24,Male,Vocational/Technical,2017,Married,5020,No
4579,Bangladesh,Saudi Arabia,Marriage/Spouse,Permanent,35-44,Male,Bachelor's,2025,Married,3691,Yes
4580,India,Kuwait,Skilled Worker Visa,Work,25-34,Male,Primary,2020,Single,2091,Yes
4581,Sri Lanka,Canada,Higher Education,Permanent,25-34,Male,Master's,2019,Single,414,Yes
4582,Bangladesh,United Kingdom,Skilled Worker Visa,Work,18-24,Female,Bachelor's,2016,Divorced,7344,Yes
4583,Nepal,Qatar,Skilled Worker Visa,Work,55+,Male,Bachelor's,2025,Single,4241,Yes
4584,Nepal,Italy,Permanent Residency,Permanent,25-34,Male,Bachelor's,2017,Divorced,3445,Yes
4585,Nepal,Australia,Higher Education,Permanent,18-24,Female,Master's,2024,Single,985,Yes
4586,India,Norway,Family Reunification,Permanent,45-54,Male,Secondary,2012,Single,1056,Yes
4587,Bangladesh,Japan,Employment,Work,45-54,Female,Primary,2014,Single,277,Yes
4588,Nepal,United Kingdom,Business/Investment,Work,25-34,Male,Primary,2011,Married,2648,Yes
4589,Bangladesh,Qatar,Employment,Work,25-34,Male,Primary,2016,Single,3281,Yes
4590,Bangladesh,Canada,Employment,Work,25-34,Male,Master's,2016,Married,491,Yes
4591,Pakistan,Japan,Employment,Work,45-54,Female,Vocational/Technical,2015,Divorced,494,No
4592,India,Australia,Employment,Work,55+,Male,Bachelor's,2011,Married,1730,Yes
4593,Pakistan,South Korea,Employment,Work,25-34,Male,Secondary,2016,Divorced,431,Yes
4594,Sri Lanka,UAE,Employment,Work,25-34,Male,Secondary,2013,Single,497,Yes
4595,Sri Lanka,Italy,Higher Education,Permanent,45-54,Male,Vocational/Technical,2025,Single,465,No
4596,Pakistan,Germany,Skilled Worker Visa,Work,35-44,Female,PhD,2010,Married,789,Yes
4597,Sri Lanka,Germany,Family Reunification,Permanent,18-24,Male,Vocational/Technical,2008,Single,2982,Yes
4598,Nepal,Saudi Arabia,Employment,Work,25-34,Female,Secondary,2011,Married,2445,Yes
4599,Nepal,Norway,Marriage/Spouse,Permanent,25-34,Female,Master's,2009,Single,1640,Yes
4600,Sri Lanka,Malaysia,Family Reunification,Permanent,25-34,Male,Secondary,2011,Married,2578,Yes
4601,India,Saudi Arabia,Family Reunification,Permanent,35-44,Male,Bachelor's,2017,Single,280,No
4602,Sri Lanka,Kuwait,Skilled Worker Visa,Work,35-44,Male,Primary,2011,Married,391,No
4603,India,United Kingdom,Marriage/Spouse,Permanent,55+,Female,Vocational/Technical,2023,Divorced,1141,Yes
4604,Nepal,Malaysia,Higher Education,Permanent,18-24,Male,Bachelor's,2016,Divorced,1295,Yes
4605,India,Japan,Employment,Work,45-54,Male,Secondary,2023,Married,476,Yes
4606,Bangladesh,France,Family Reunification,Permanent,25-34,Male,Vocational/Technical,2022,Divorced,240,Yes
4607,Nepal,South Korea,Employment,Work,18-24,Male,Vocational/Technical,2014,Married,6704,Yes
4608,Pakistan,Norway,Family Reunification,Permanent,55+,Female,Primary,2023,Married,1185,No
4609,Nepal,Kuwait,Marriage/Spouse,Permanent,18-24,Male,Primary,2023,Single,3385,Yes
4610,India,Japan,Permanent Residency,Permanent,45-54,Female,Secondary,2008,Single,2877,Yes
4611,India,France,Family Reunification,Permanent,55+,Male,Secondary,2018,Single,446,No
4612,Sri Lanka,France,Business/Investment,Work,25-34,Female,Bachelor's,2025,Divorced,2417,Yes
4613,Nepal,United States,Skilled Worker Visa,Work,45-54,Male,Bachelor's,2006,Married,1326,Yes
4614,Nepal,Malaysia,Employment,Work,45-54,Female,Secondary,2009,Married,1244,Yes
4615,Pakistan,Norway,Employment,Work,25-34,Male,Master's,2025,Single,214,Yes
4616,Nepal,Kuwait,Economic Hardship,Permanent,25-34,Male,Bachelor's,2016,Married,768,Yes
4617,Sri Lanka,Australia,Marriage/Spouse,Permanent,25-34,Male,Vocational/Technical,2021,Married,2831,Yes
4618,Pakistan,United Kingdom,Business/Investment,Work,25-34,Female,Secondary,2013,Married,929,Yes
4619,Pakistan,United States,Skilled Worker Visa,Work,45-54,Female,Vocational/Technical,2023,Divorced,240,Yes
4620,India,Canada,Family Reunification,Permanent,35-44,Female,Bachelor's,2025,Single,6593,Yes
4621,Pakistan,Norway,Business/Investment,Work,18-24,Male,Secondary,2020,Married,553,Yes
4622,Nepal,Qatar,Skilled Worker Visa,Work,25-34,Male,Secondary,2013,Married,344,Yes
4623,India,United States,Employment,Work,18-24,Male,Master's,2019,Married,731,No
4624,Pakistan,Qatar,Employment,Work,25-34,Male,Secondary,2007,Divorced,777,Yes
4625,Nepal,Japan,Employment,Work,55+,Male,Master's,2022,Single,3068,Yes
4626,India,Japan,Business/Investment,Work,25-34,Female,PhD,2010,Married,2618,Yes
4627,India,France,Skilled Worker Visa,Work,25-34,Female,Primary,2025,Single,990,Yes
4628,Nepal,Australia,Better Quality of Life,Permanent,55+,Male,Master's,2018,Married,356,No
4629,Bangladesh,Norway,Permanent Residency,Permanent,35-44,Female,Vocational/Technical,2000,Divorced,1941,Yes
4630,Sri Lanka,Malaysia,Employment,Work,35-44,Female,Secondary,2016,Divorced,1083,No
4631,Pakistan,Kuwait,Employment,Work,45-54,Male,Vocational/Technical,2023,Divorced,730,Yes
4632,Pakistan,Australia,Family Reunification,Permanent,35-44,Female,Bachelor's,2010,Divorced,2164,No
4633,Nepal,Australia,Permanent Residency,Permanent,45-54,Male,Master's,2010,Divorced,1460,Yes
4634,Nepal,South Korea,Skilled Worker Visa,Work,35-44,Female,Vocational/Technical,2020,Married,475,Yes
4635,Bangladesh,Qatar,Higher Education,Permanent,45-54,Male,Bachelor's,2001,Divorced,201,Yes
4636,Nepal,Japan,Employment,Work,18-24,Male,Secondary,2005,Married,1259,No
4637,Sri Lanka,Kuwait,Employment,Work,25-34,Male,Master's,2010,Single,402,No
4638,Bangladesh,Saudi Arabia,Permanent Residency,Permanent,55+,Male,Bachelor's,2021,Divorced,344,No
4639,India,Italy,Refugee/Asylum,Permanent,55+,Male,Primary,2025,Married,1143,No
4640,Nepal,Japan,Permanent Residency,Permanent,25-34,Male,Bachelor's,2018,Single,3010,Yes
4641,Pakistan,Saudi Arabia,Employment,Work,35-44,Male,Master's,2014,Married,8200,Yes
4642,Nepal,United Kingdom,Skilled Worker Visa,Work,55+,Male,Master's,2022,Married,3647,Yes
4643,Sri Lanka,Qatar,Permanent Residency,Permanent,18-24,Male,Secondary,2022,Married,475,No
4644,Pakistan,New Zealand,Permanent Residency,Permanent,25-34,Female,Master's,2001,Single,2091,Yes
4645,Pakistan,Japan,Permanent Residency,Permanent,18-24,Male,Master's,2020,Single,674,Yes
4646,Bangladesh,Malaysia,Skilled Worker Visa,Work,35-44,Male,Primary,2025,Single,1962,Yes
4647,Bangladesh,Qatar,Skilled Worker Visa,Work,35-44,Male,Bachelor's,2009,Divorced,591,Yes
4648,Nepal,Australia,Marriage/Spouse,Permanent,45-54,Male,Bachelor's,2023,Divorced,625,No
4649,Sri Lanka,United States,Family Reunification,Permanent,25-34,Male,Bachelor's,2023,Single,527,Yes
4650,Nepal,Saudi Arabia,Family Reunification,Permanent,25-34,Male,Vocational/Technical,2022,Single,475,Yes
4651,India,Germany,Higher Education,Permanent,45-54,Male,PhD,2018,Single,1485,Yes
4652,India,Kuwait,Permanent Residency,Permanent,45-54,Male,Master's,2003,Single,1207,Yes
4653,India,Germany,Business/Investment,Work,35-44,Male,Bachelor's,2024,Single,1347,Yes
4654,Nepal,Australia,Family Reunification,Permanent,18-24,Male,Secondary,2020,Divorced,1000,Yes
4655,India,United Kingdom,Family Reunification,Permanent,45-54,Male,Secondary,2000,Divorced,662,Yes
4656,India,Germany,Family Reunification,Permanent,35-44,Male,Secondary,2004,Single,817,Yes
4657,Bangladesh,Norway,Family Reunification,Permanent,55+,Male,Primary,2008,Married,1325,Yes
4658,India,Canada,Higher Education,Permanent,18-24,Male,Bachelor's,2016,Single,551,Yes
4659,Pakistan,Malaysia,Employment,Work,35-44,Female,Secondary,2015,Single,271,Yes
4660,Sri Lanka,Australia,Family Reunification,Permanent,25-34,Male,Secondary,2015,Married,1332,Yes
4661,Nepal,South Korea,Higher Education,Permanent,25-34,Male,Bachelor's,2015,Single,233,Yes
4662,Pakistan,Qatar,Employment,Work,45-54,Male,Master's,2021,Divorced,583,Yes
4663,Bangladesh,Saudi Arabia,Permanent Residency,Permanent,55+,Male,Vocational/Technical,2004,Single,3998,No
4664,India,New Zealand,Skilled Worker Visa,Work,18-24,Male,Master's,2011,Single,701,No
4665,Nepal,Saudi Arabia,Family Reunification,Permanent,18-24,Male,Master's,2020,Single,9237,No
4666,Bangladesh,Norway,Skilled Worker Visa,Work,35-44,Male,Secondary,2011,Single,1239,Yes
4667,Sri Lanka,France,Marriage/Spouse,Permanent,18-24,Female,Bachelor's,2017,Divorced,1266,Yes
4668,Sri Lanka,New Zealand,Political Instability,Permanent,55+,Male,Vocational/Technical,2025,Divorced,310,Yes
4669,Bangladesh,Saudi Arabia,Skilled Worker Visa,Work,25-34,Male,Bachelor's,2021,Single,6777,Yes
4670,Sri Lanka,United Kingdom,Employment,Work,55+,Male,Secondary,2011,Married,938,Yes
4671,Bangladesh,Kuwait,Employment,Work,45-54,Male,Bachelor's,2022,Single,2149,Yes
4672,Pakistan,Oman,Skilled Worker Visa,Work,25-34,Male,Master's,2008,Married,1291,Yes
4673,Nepal,Italy,Skilled Worker Visa,Work,25-34,Female,Bachelor's,2000,Married,6921,Yes
4674,Sri Lanka,United States,Permanent Residency,Permanent,45-54,Male,Master's,2024,Single,378,Yes
4675,Sri Lanka,Canada,Refugee/Asylum,Permanent,25-34,Male,Vocational/Technical,2022,Married,995,No
4676,Sri Lanka,Japan,Refugee/Asylum,Permanent,25-34,Female,Vocational/Technical,2014,Divorced,3054,No
4677,Sri Lanka,Italy,Higher Education,Permanent,25-34,Male,Bachelor's,2002,Divorced,1126,Yes
4678,Bangladesh,Qatar,Family Reunification,Permanent,18-24,Male,Bachelor's,2006,Married,647,Yes
4679,Sri Lanka,Saudi Arabia,Economic Hardship,Permanent,55+,Male,PhD,2018,Single,728,No
4680,Sri Lanka,New Zealand,Better Quality of Life,Permanent,35-44,Male,Vocational/Technical,2023,Divorced,325,No
4681,India,Australia,Economic Hardship,Permanent,35-44,Male,Vocational/Technical,2007,Divorced,1306,Yes
4682,Bangladesh,United Kingdom,Skilled Worker Visa,Work,18-24,Male,Master's,2022,Married,1462,Yes
4683,Sri Lanka,Kuwait,Permanent Residency,Permanent,25-34,Male,Master's,2019,Single,2812,Yes
4684,Pakistan,United States,Business/Investment,Work,25-34,Male,Primary,2002,Married,1038,Yes
4685,Nepal,UAE,Permanent Residency,Permanent,35-44,Male,Vocational/Technical,2021,Single,2372,Yes
4686,Pakistan,United Kingdom,Employment,Work,45-54,Female,Bachelor's,2025,Married,7368,Yes
4687,India,France,Refugee/Asylum,Permanent,25-34,Female,Bachelor's,2024,Married,3688,Yes
4688,Nepal,Oman,Family Reunification,Permanent,25-34,Male,Bachelor's,2010,Divorced,251,Yes
4689,Bangladesh,Qatar,Employment,Work,18-24,Male,PhD,2002,Married,444,Yes
4690,Bangladesh,Kuwait,Skilled Worker Visa,Work,25-34,Male,Vocational/Technical,2013,Married,536,Yes
4691,Bangladesh,United States,Skilled Worker Visa,Work,35-44,Male,Master's,2021,Divorced,969,Yes
4692,Pakistan,Qatar,Skilled Worker Visa,Work,35-44,Male,Master's,2025,Divorced,368,No
4693,Sri Lanka,Oman,Skilled Worker Visa,Work,18-24,Male,Master's,2023,Married,10025,Yes
4694,Pakistan,United Kingdom,Employment,Work,25-34,Female,Master's,2008,Divorced,311,Yes
4695,Pakistan,Canada,Skilled Worker Visa,Work,18-24,Male,Master's,2020,Single,1888,Yes
4696,Nepal,Qatar,Marriage/Spouse,Permanent,18-24,Female,Bachelor's,2010,Divorced,1416,Yes
4697,Sri Lanka,Qatar,Skilled Worker Visa,Work,35-44,Male,Bachelor's,2017,Single,989,No
4698,Pakistan,Malaysia,Marriage/Spouse,Permanent,25-34,Male,Bachelor's,2014,Single,4734,Yes
4699,Nepal,UAE,Permanent Residency,Permanent,25-34,Male,Vocational/Technical,2023,Divorced,585,Yes
4700,Bangladesh,United Kingdom,Family Reunification,Permanent,18-24,Female,PhD,2024,Divorced,11645,Yes
4701,Bangladesh,Qatar,Higher Education,Permanent,35-44,Male,Master's,2013,Divorced,1413,Yes
4702,India,France,Marriage/Spouse,Permanent,35-44,Male,Master's,2010,Divorced,1211,Yes
4703,Sri Lanka,UAE,Employment,Work,18-24,Female,Master's,2023,Single,902,No
4704,Bangladesh,UAE,Employment,Work,25-34,Male,Master's,2012,Married,746,Yes
4705,Nepal,New Zealand,Refugee/Asylum,Permanent,55+,Male,Vocational/Technical,2007,Married,3286,Yes
4706,India,Malaysia,Refugee/Asylum,Permanent,25-34,Male,Secondary,2016,Divorced,753,Yes
4707,Nepal,Australia,Employment,Work,25-34,Female,Secondary,2018,Single,1138,Yes
4708,Bangladesh,United Kingdom,Higher Education,Permanent,18-24,Female,Master's,2002,Married,1413,Yes
4709,Pakistan,Germany,Higher Education,Permanent,45-54,Male,Primary,2018,Married,464,Yes
4710,Pakistan,Italy,Permanent Residency,Permanent,25-34,Female,Bachelor's,2002,Divorced,2941,Yes
4711,Pakistan,Kuwait,Family Reunification,Permanent,25-34,Male,Bachelor's,2001,Divorced,1685,No
4712,Nepal,New Zealand,Higher Education,Permanent,45-54,Male,Vocational/Technical,2025,Divorced,515,Yes
4713,India,Norway,Better Quality of Life,Permanent,25-34,Male,Primary,2011,Married,3295,No
4714,Sri Lanka,United Kingdom,Better Quality of Life,Permanent,45-54,Male,Bachelor's,2022,Married,240,Yes
4715,Sri Lanka,Saudi Arabia,Employment,Work,55+,Male,Vocational/Technical,2018,Divorced,3516,Yes
4716,Bangladesh,Canada,Employment,Work,35-44,Female,Bachelor's,2003,Divorced,1351,No
4717,Bangladesh,Qatar,Employment,Work,35-44,Male,Secondary,2020,Single,2834,Yes
4718,India,United States,Higher Education,Permanent,35-44,Male,Vocational/Technical,2022,Divorced,1611,Yes
4719,India,Malaysia,Higher Education,Permanent,45-54,Female,Bachelor's,2016,Married,2430,Yes
4720,Pakistan,UAE,Economic Hardship,Permanent,25-34,Male,Secondary,2017,Married,4992,Yes
4721,Nepal,France,Higher Education,Permanent,35-44,Male,Vocational/Technical,2010,Married,275,Yes
4722,India,Oman,Employment,Work,55+,Female,Primary,2003,Divorced,1130,Yes
4723,Pakistan,Oman,Business/Investment,Work,18-24,Female,Secondary,2011,Married,994,Yes
4724,Sri Lanka,New Zealand,Refugee/Asylum,Permanent,55+,Male,Secondary,2018,Divorced,1319,Yes
4725,Pakistan,UAE,Economic Hardship,Permanent,35-44,Male,Secondary,2007,Divorced,535,Yes
4726,Nepal,France,Family Reunification,Permanent,25-34,Female,Bachelor's,2003,Single,365,Yes
4727,Pakistan,Malaysia,Higher Education,Permanent,18-24,Female,Bachelor's,2005,Married,1946,No
4728,Nepal,United States,Employment,Work,55+,Male,Bachelor's,2014,Married,1194,No
4729,Nepal,Qatar,Economic Hardship,Permanent,35-44,Male,Vocational/Technical,2011,Divorced,628,Yes
4730,Sri Lanka,Norway,Family Reunification,Permanent,55+,Female,Master's,2025,Single,331,Yes
4731,Sri Lanka,Malaysia,Higher Education,Permanent,25-34,Female,Master's,2016,Single,255,Yes
4732,Bangladesh,United States,Permanent Residency,Permanent,25-34,Male,Secondary,2005,Single,3504,Yes
4733,Pakistan,United Kingdom,Permanent Residency,Permanent,35-44,Male,Master's,2019,Married,3689,Yes
4734,Bangladesh,Italy,Higher Education,Permanent,35-44,Male,Bachelor's,2016,Married,1188,Yes
4735,Bangladesh,Oman,Refugee/Asylum,Permanent,18-24,Male,Secondary,2019,Divorced,3071,No
4736,India,UAE,Skilled Worker Visa,Work,35-44,Male,Secondary,2019,Married,408,No
4737,Bangladesh,Germany,Economic Hardship,Permanent,55+,Male,Secondary,2016,Divorced,1184,Yes
4738,Sri Lanka,Saudi Arabia,Employment,Work,35-44,Male,Primary,2010,Single,822,No
4739,Pakistan,United Kingdom,Employment,Work,35-44,Female,Secondary,2008,Single,1351,Yes
4740,Bangladesh,Saudi Arabia,Skilled Worker Visa,Work,25-34,Male,Secondary,2024,Married,1025,Yes
4741,Pakistan,France,Higher Education,Permanent,35-44,Male,Secondary,2020,Single,555,Yes
4742,Pakistan,Norway,Employment,Work,25-34,Female,Secondary,2013,Married,451,No
4743,Pakistan,Australia,Refugee/Asylum,Permanent,25-34,Male,Master's,2021,Divorced,3734,No
4744,India,Oman,Better Quality of Life,Permanent,45-54,Male,Bachelor's,2018,Single,3338,Yes
4745,Bangladesh,United Kingdom,Skilled Worker Visa,Work,35-44,Female,Master's,2025,Married,643,Yes
4746,Bangladesh,Canada,Higher Education,Permanent,35-44,Male,Vocational/Technical,2010,Divorced,1617,Yes
4747,Pakistan,Australia,Employment,Work,45-54,Male,Master's,2023,Divorced,566,No
4748,India,UAE,Skilled Worker Visa,Work,25-34,Male,Master's,2014,Divorced,3444,No
4749,Bangladesh,Italy,Employment,Work,25-34,Male,Bachelor's,2012,Single,6602,Yes
4750,Pakistan,Canada,Skilled Worker Visa,Work,35-44,Female,Bachelor's,2019,Married,828,Yes
4751,Sri Lanka,Canada,Employment,Work,45-54,Female,Secondary,2010,Single,1097,Yes
4752,Nepal,Qatar,Skilled Worker Visa,Work,18-24,Male,Master's,2006,Married,2186,Yes
4753,Pakistan,France,Higher Education,Permanent,18-24,Male,Bachelor's,2019,Single,203,No
4754,Pakistan,Australia,Business/Investment,Work,25-34,Male,Master's,2021,Single,1223,No
4755,India,Kuwait,Employment,Work,25-34,Male,Bachelor's,2006,Single,476,Yes
4756,Bangladesh,Italy,Marriage/Spouse,Permanent,25-34,Male,Secondary,2003,Divorced,559,Yes
4757,Pakistan,United Kingdom,Economic Hardship,Permanent,18-24,Male,Primary,2004,Single,749,Yes
4758,Sri Lanka,Kuwait,Employment,Work,25-34,Male,PhD,2014,Single,615,Yes
4759,Nepal,United States,Skilled Worker Visa,Work,45-54,Male,Vocational/Technical,2016,Divorced,1662,Yes
4760,Pakistan,Italy,Better Quality of Life,Permanent,25-34,Male,Secondary,2021,Single,5505,Yes
4761,Bangladesh,Saudi Arabia,Refugee/Asylum,Permanent,35-44,Male,Bachelor's,2000,Divorced,1363,Yes
4762,India,United States,Family Reunification,Permanent,18-24,Female,Secondary,2023,Divorced,2028,Yes
4763,Pakistan,United Kingdom,Employment,Work,55+,Female,Master's,2012,Single,244,Yes
4764,Pakistan,Norway,Skilled Worker Visa,Work,35-44,Male,Bachelor's,2000,Married,818,Yes
4765,Bangladesh,Saudi Arabia,Better Quality of Life,Permanent,25-34,Female,Bachelor's,2018,Married,598,No
4766,India,France,Business/Investment,Work,18-24,Male,Primary,2014,Married,1292,No
4767,Nepal,Japan,Employment,Work,18-24,Female,Primary,2011,Married,2329,Yes
4768,Nepal,Australia,Employment,Work,45-54,Female,PhD,2023,Single,393,Yes
4769,Pakistan,Italy,Family Reunification,Permanent,35-44,Female,Master's,2011,Single,3298,Yes
4770,Bangladesh,Australia,Skilled Worker Visa,Work,25-34,Female,Secondary,2014,Single,537,Yes
4771,Nepal,UAE,Employment,Work,45-54,Female,Bachelor's,2018,Single,285,No
4772,Nepal,Saudi Arabia,Employment,Work,35-44,Male,Primary,2014,Married,1965,Yes
4773,India,United States,Employment,Work,55+,Female,Primary,2021,Single,1036,No
4774,Bangladesh,United Kingdom,Higher Education,Permanent,25-34,Female,Bachelor's,2001,Divorced,2618,No
4775,Nepal,South Korea,Employment,Work,35-44,Male,Bachelor's,2015,Married,2367,Yes
4776,Nepal,Kuwait,Marriage/Spouse,Permanent,25-34,Male,Bachelor's,2011,Married,295,Yes
4777,Sri Lanka,United Kingdom,Skilled Worker Visa,Work,25-34,Female,Bachelor's,2004,Single,2576,Yes
4778,Sri Lanka,Australia,Marriage/Spouse,Permanent,18-24,Female,Master's,2021,Divorced,1244,Yes
4779,Bangladesh,Kuwait,Employment,Work,45-54,Male,Secondary,2013,Married,1134,Yes
4780,Bangladesh,Canada,Better Quality of Life,Permanent,55+,Female,Bachelor's,2022,Divorced,1095,Yes
4781,Bangladesh,United Kingdom,Employment,Work,25-34,Female,Bachelor's,2025,Single,1279,Yes
4782,Bangladesh,Kuwait,Employment,Work,45-54,Male,Vocational/Technical,2023,Divorced,496,Yes
4783,Sri Lanka,UAE,Skilled Worker Visa,Work,25-34,Female,Bachelor's,2014,Divorced,212,Yes
4784,Nepal,Italy,Better Quality of Life,Permanent,45-54,Male,Vocational/Technical,2025,Divorced,2398,No
4785,Sri Lanka,Norway,Employment,Work,35-44,Male,Master's,2014,Divorced,3211,Yes
4786,India,France,Skilled Worker Visa,Work,35-44,Female,Secondary,2021,Married,419,No
4787,Bangladesh,UAE,Employment,Work,18-24,Male,Bachelor's,2011,Divorced,426,Yes
4788,India,Germany,Employment,Work,45-54,Female,Bachelor's,2021,Divorced,757,Yes
4789,Pakistan,Canada,Employment,Work,25-34,Male,Vocational/Technical,2007,Single,333,No
4790,India,Norway,Family Reunification,Permanent,35-44,Male,Vocational/Technical,2010,Divorced,339,No
4791,Nepal,Japan,Employment,Work,25-34,Female,Vocational/Technical,2005,Married,720,Yes
4792,India,France,Refugee/Asylum,Permanent,18-24,Female,Bachelor's,2020,Divorced,1423,No
4793,Bangladesh,Norway,Family Reunification,Permanent,18-24,Female,Secondary,2024,Married,2288,Yes
4794,Bangladesh,UAE,Employment,Work,25-34,Male,Bachelor's,2015,Divorced,682,Yes
4795,Sri Lanka,Japan,Economic Hardship,Permanent,55+,Female,Master's,2003,Single,553,Yes
4796,India,Malaysia,Business/Investment,Work,25-34,Male,Master's,2017,Divorced,524,Yes
4797,Sri Lanka,Norway,Permanent Residency,Permanent,35-44,Male,Vocational/Technical,2025,Married,261,Yes
4798,Sri Lanka,Qatar,Skilled Worker Visa,Work,35-44,Male,Vocational/Technical,2004,Single,2667,Yes
4799,Sri Lanka,United States,Permanent Residency,Permanent,18-24,Male,Vocational/Technical,2025,Single,1546,Yes
4800,Sri Lanka,Japan,Permanent Residency,Permanent,35-44,Female,Secondary,2019,Married,531,No
4801,Nepal,Australia,Employment,Work,35-44,Male,Secondary,2024,Divorced,224,Yes
4802,India,Malaysia,Family Reunification,Permanent,35-44,Male,Vocational/Technical,2023,Divorced,1339,No
4803,Pakistan,Australia,Marriage/Spouse,Permanent,45-54,Female,Primary,2024,Single,228,Yes
4804,Nepal,Australia,Refugee/Asylum,Permanent,35-44,Male,Bachelor's,2017,Married,291,Yes
4805,Bangladesh,Norway,Healthcare,Permanent,55+,Male,Master's,2019,Single,311,Yes
4806,Bangladesh,Qatar,Higher Education,Permanent,25-34,Male,Bachelor's,2016,Single,724,No
4807,Pakistan,Japan,Business/Investment,Work,18-24,Male,Primary,2024,Married,2034,No
4808,Nepal,France,Employment,Work,25-34,Female,Bachelor's,2003,Divorced,820,Yes
4809,Sri Lanka,Oman,Employment,Work,18-24,Female,Bachelor's,2014,Married,1489,No
4810,Nepal,United Kingdom,Skilled Worker Visa,Work,18-24,Male,Primary,2020,Divorced,492,Yes
4811,Nepal,Malaysia,Skilled Worker Visa,Work,45-54,Male,Bachelor's,2018,Divorced,223,No
4812,Nepal,United Kingdom,Marriage/Spouse,Permanent,35-44,Male,Master's,2012,Divorced,282,No
4813,Nepal,New Zealand,Permanent Residency,Permanent,35-44,Male,Vocational/Technical,2017,Divorced,1260,Yes
4814,Nepal,Canada,Family Reunification,Permanent,25-34,Male,Primary,2010,Single,212,Yes
4815,Nepal,South Korea,Business/Investment,Work,25-34,Female,Vocational/Technical,2007,Married,1512,No
4816,Sri Lanka,South Korea,Skilled Worker Visa,Work,45-54,Female,Bachelor's,2013,Married,1053,Yes
4817,Pakistan,Italy,Political Instability,Permanent,45-54,Female,Bachelor's,2024,Single,2615,No
4818,Pakistan,United Kingdom,Employment,Work,35-44,Female,PhD,2010,Married,937,Yes
4819,Pakistan,Italy,Family Reunification,Permanent,18-24,Male,Bachelor's,2011,Single,1519,Yes
4820,Pakistan,Australia,Skilled Worker Visa,Work,55+,Male,PhD,2011,Divorced,1041,Yes
4821,India,UAE,Employment,Work,25-34,Male,PhD,2002,Single,1613,Yes
4822,Nepal,Japan,Better Quality of Life,Permanent,25-34,Male,Bachelor's,2018,Single,1036,Yes
4823,Nepal,France,Higher Education,Permanent,35-44,Male,Vocational/Technical,2011,Divorced,1089,No
4824,India,Germany,Higher Education,Permanent,18-24,Male,Vocational/Technical,2022,Married,2352,Yes
4825,Nepal,France,Family Reunification,Permanent,35-44,Female,Secondary,2015,Married,853,No
4826,Sri Lanka,Canada,Family Reunification,Permanent,35-44,Male,Vocational/Technical,2000,Single,1084,No
4827,Pakistan,Japan,Employment,Work,18-24,Male,Primary,2011,Single,3830,Yes
4828,Bangladesh,United States,Better Quality of Life,Permanent,25-34,Male,Bachelor's,2021,Married,4260,Yes
4829,Pakistan,New Zealand,Permanent Residency,Permanent,55+,Female,Vocational/Technical,2011,Married,3873,No
4830,Bangladesh,South Korea,Marriage/Spouse,Permanent,18-24,Male,Bachelor's,2009,Married,2811,Yes
4831,Pakistan,Norway,Permanent Residency,Permanent,18-24,Male,Vocational/Technical,2011,Single,1769,Yes
4832,Pakistan,Italy,Employment,Work,45-54,Male,Vocational/Technical,2022,Married,235,Yes
4833,Pakistan,Canada,Family Reunification,Permanent,18-24,Male,Bachelor's,2019,Single,1094,Yes
4834,Pakistan,France,Family Reunification,Permanent,25-34,Male,Bachelor's,2012,Single,1050,No
4835,Pakistan,Norway,Marriage/Spouse,Permanent,45-54,Male,Vocational/Technical,2010,Single,465,Yes
4836,India,Malaysia,Business/Investment,Work,35-44,Male,Secondary,2022,Single,496,Yes
4837,Nepal,Canada,Better Quality of Life,Permanent,45-54,Male,Master's,2021,Divorced,296,No
4838,Sri Lanka,Qatar,Skilled Worker Visa,Work,35-44,Male,Primary,2001,Divorced,1670,Yes
4839,Sri Lanka,Japan,Higher Education,Permanent,18-24,Male,Primary,2023,Divorced,833,Yes
4840,Sri Lanka,United Kingdom,Employment,Work,25-34,Female,Secondary,2011,Married,1262,Yes
4841,Nepal,Oman,Employment,Work,25-34,Male,Secondary,2010,Divorced,277,Yes
4842,Nepal,Kuwait,Employment,Work,35-44,Male,Master's,2013,Divorced,1672,No
4843,Pakistan,Italy,Higher Education,Permanent,45-54,Male,Master's,2025,Married,6620,Yes
4844,Pakistan,Canada,Refugee/Asylum,Permanent,25-34,Male,Secondary,2024,Married,1146,No
4845,Sri Lanka,Italy,Economic Hardship,Permanent,25-34,Male,PhD,2009,Divorced,3908,No
4846,Bangladesh,South Korea,Employment,Work,35-44,Male,Secondary,2016,Single,1138,Yes
4847,Bangladesh,Kuwait,Employment,Work,25-34,Female,Bachelor's,2016,Married,255,No
4848,Bangladesh,United States,Business/Investment,Work,18-24,Female,Vocational/Technical,2009,Divorced,2901,Yes
4849,Nepal,Australia,Healthcare,Permanent,25-34,Male,Bachelor's,2022,Married,583,Yes
4850,Nepal,Italy,Employment,Work,35-44,Female,Bachelor's,2022,Married,855,Yes
4851,Bangladesh,Kuwait,Employment,Work,25-34,Male,Bachelor's,2015,Married,519,Yes
4852,Sri Lanka,Australia,Skilled Worker Visa,Work,25-34,Female,Bachelor's,2008,Single,515,Yes
4853,India,Italy,Permanent Residency,Permanent,18-24,Male,Bachelor's,2023,Divorced,210,Yes
4854,Pakistan,United States,Economic Hardship,Permanent,18-24,Male,Secondary,2023,Single,691,No
4855,Pakistan,Japan,Business/Investment,Work,25-34,Female,Vocational/Technical,2015,Married,3946,Yes
4856,Sri Lanka,Italy,Marriage/Spouse,Permanent,35-44,Female,Bachelor's,2015,Married,11465,No
4857,Sri Lanka,New Zealand,Family Reunification,Permanent,25-34,Female,Bachelor's,2018,Divorced,1241,No
4858,Bangladesh,Japan,Employment,Work,25-34,Male,Master's,2011,Single,3951,Yes
4859,India,Germany,Skilled Worker Visa,Work,45-54,Male,Secondary,2014,Married,3527,Yes
4860,Nepal,Kuwait,Employment,Work,35-44,Male,Vocational/Technical,2025,Single,884,Yes
4861,Bangladesh,South Korea,Skilled Worker Visa,Work,18-24,Male,Secondary,2010,Divorced,592,No
4862,Nepal,South Korea,Higher Education,Permanent,18-24,Male,Master's,2000,Divorced,912,Yes
4863,Bangladesh,Kuwait,Family Reunification,Permanent,25-34,Male,Primary,2019,Divorced,1238,Yes
4864,Bangladesh,United Kingdom,Employment,Work,18-24,Male,Bachelor's,2012,Divorced,3098,Yes
4865,Pakistan,Australia,Employment,Work,35-44,Male,Secondary,2017,Married,473,Yes
4866,Sri Lanka,Kuwait,Higher Education,Permanent,25-34,Male,Vocational/Technical,2003,Married,425,Yes
4867,Sri Lanka,Japan,Higher Education,Permanent,35-44,Male,Bachelor's,2009,Single,313,No
4868,Nepal,United States,Higher Education,Permanent,35-44,Female,Bachelor's,2020,Married,479,Yes
4869,India,Malaysia,Marriage/Spouse,Permanent,25-34,Male,Primary,2022,Married,435,Yes
4870,Sri Lanka,Malaysia,Higher Education,Permanent,45-54,Male,Bachelor's,2013,Divorced,522,Yes
4871,Bangladesh,Qatar,Employment,Work,25-34,Female,Bachelor's,2017,Married,538,No
4872,Nepal,Norway,Higher Education,Permanent,35-44,Female,Primary,2018,Divorced,388,No
4873,Nepal,Qatar,Marriage/Spouse,Permanent,25-34,Male,Secondary,2024,Divorced,7140,Yes
4874,Sri Lanka,Kuwait,Skilled Worker Visa,Work,18-24,Male,Bachelor's,2010,Divorced,885,Yes
4875,India,Germany,Permanent Residency,Permanent,55+,Male,Bachelor's,2023,Single,3417,Yes
4876,Nepal,UAE,Skilled Worker Visa,Work,55+,Male,Master's,2006,Married,1441,No
4877,Pakistan,Kuwait,Employment,Work,45-54,Female,Bachelor's,2023,Single,4663,Yes
4878,Sri Lanka,Germany,Employment,Work,25-34,Male,Bachelor's,2023,Married,1825,Yes
4879,Bangladesh,Australia,Family Reunification,Permanent,18-24,Female,Bachelor's,2020,Single,579,Yes
4880,Pakistan,Kuwait,Economic Hardship,Permanent,35-44,Male,Master's,2000,Married,11585,Yes
4881,Sri Lanka,Japan,Skilled Worker Visa,Work,45-54,Male,Vocational/Technical,2017,Single,1307,Yes
4882,Pakistan,Saudi Arabia,Economic Hardship,Permanent,35-44,Male,Bachelor's,2021,Single,354,Yes
4883,Pakistan,New Zealand,Higher Education,Permanent,55+,Female,Bachelor's,2010,Divorced,755,No
4884,Nepal,Qatar,Employment,Work,55+,Male,Master's,2024,Married,2229,Yes
4885,Bangladesh,South Korea,Marriage/Spouse,Permanent,25-34,Female,Master's,2021,Single,3947,Yes
4886,India,UAE,Skilled Worker Visa,Work,25-34,Male,Vocational/Technical,2013,Divorced,4497,Yes
4887,Bangladesh,Canada,Employment,Work,18-24,Male,Master's,2011,Married,998,Yes
4888,Pakistan,United States,Economic Hardship,Permanent,18-24,Female,Master's,2019,Single,3371,Yes
4889,Pakistan,Australia,Employment,Work,25-34,Female,Master's,2022,Divorced,1962,Yes
4890,Sri Lanka,Saudi Arabia,Skilled Worker Visa,Work,35-44,Male,Secondary,2024,Single,454,Yes
4891,India,Canada,Skilled Worker Visa,Work,55+,Male,Master's,2014,Divorced,1298,Yes
4892,Bangladesh,United Kingdom,Permanent Residency,Permanent,25-34,Male,Bachelor's,2019,Married,11720,No
4893,Bangladesh,New Zealand,Healthcare,Permanent,45-54,Female,Master's,2021,Married,1003,Yes
4894,India,New Zealand,Better Quality of Life,Permanent,18-24,Male,Primary,2024,Married,423,No
4895,Bangladesh,Malaysia,Skilled Worker Visa,Work,25-34,Female,Primary,2006,Divorced,5744,Yes
4896,Bangladesh,Saudi Arabia,Employment,Work,25-34,Male,Bachelor's,2013,Single,599,Yes
4897,Bangladesh,United States,Marriage/Spouse,Permanent,25-34,Male,Vocational/Technical,2021,Divorced,1880,Yes
4898,Nepal,United Kingdom,Permanent Residency,Permanent,18-24,Male,Bachelor's,2009,Single,770,Yes
4899,India,Oman,Employment,Work,25-34,Male,Master's,2021,Single,570,Yes
4900,India,South Korea,Family Reunification,Permanent,18-24,Male,Bachelor's,2004,Married,3937,Yes
4901,India,New Zealand,Refugee/Asylum,Permanent,55+,Male,Bachelor's,2011,Married,3951,No
4902,Pakistan,Japan,Marriage/Spouse,Permanent,45-54,Female,Master's,2017,Divorced,474,Yes
4903,Nepal,Germany,Employment,Work,35-44,Male,Secondary,2019,Married,1890,Yes
4904,India,Qatar,Employment,Work,35-44,Female,Master's,2023,Divorced,352,Yes
4905,Nepal,Qatar,Employment,Work,35-44,Male,Primary,2016,Married,4654,No
4906,India,Saudi Arabia,Better Quality of Life,Permanent,55+,Male,Master's,2010,Divorced,1182,Yes
4907,Nepal,UAE,Marriage/Spouse,Permanent,35-44,Female,Secondary,2020,Married,867,Yes
4908,Sri Lanka,Canada,Marriage/Spouse,Permanent,35-44,Female,Bachelor's,2023,Single,1390,Yes
4909,Sri Lanka,Canada,Family Reunification,Permanent,18-24,Female,Vocational/Technical,2020,Divorced,2908,Yes
4910,Nepal,United Kingdom,Employment,Work,45-54,Male,Primary,2023,Married,10035,No
4911,Bangladesh,UAE,Marriage/Spouse,Permanent,35-44,Male,Vocational/Technical,2015,Married,3254,Yes
4912,India,United States,Skilled Worker Visa,Work,25-34,Male,Secondary,2022,Married,2711,Yes
4913,Bangladesh,Malaysia,Business/Investment,Work,18-24,Male,Master's,2021,Single,5511,Yes
4914,Nepal,New Zealand,Family Reunification,Permanent,45-54,Male,Bachelor's,2022,Single,538,Yes
4915,Pakistan,Malaysia,Family Reunification,Permanent,35-44,Female,Bachelor's,2012,Married,365,Yes
4916,Sri Lanka,Japan,Healthcare,Permanent,35-44,Male,Secondary,2018,Divorced,2722,No
4917,Nepal,France,Skilled Worker Visa,Work,25-34,Female,Vocational/Technical,2010,Married,2068,Yes
4918,India,South Korea,Higher Education,Permanent,25-34,Female,Master's,2021,Married,544,Yes
4919,Bangladesh,Australia,Skilled Worker Visa,Work,25-34,Female,Master's,2017,Single,1387,Yes
4920,India,Malaysia,Higher Education,Permanent,35-44,Male,Primary,2018,Single,1420,No
4921,Pakistan,New Zealand,Employment,Work,35-44,Male,Bachelor's,2019,Divorced,1302,Yes
4922,Pakistan,New Zealand,Higher Education,Permanent,18-24,Male,Bachelor's,2021,Divorced,929,Yes
4923,Nepal,Qatar,Employment,Work,18-24,Female,Bachelor's,2009,Married,1458,No
4924,Bangladesh,Qatar,Family Reunification,Permanent,18-24,Male,Bachelor's,2012,Single,9175,Yes
4925,India,New Zealand,Refugee/Asylum,Permanent,25-34,Male,Secondary,2009,Single,569,Yes
4926,Sri Lanka,Germany,Employment,Work,25-34,Female,Secondary,2022,Married,363,Yes
4927,Nepal,United States,Higher Education,Permanent,45-54,Female,Master's,2018,Single,8425,Yes
4928,Bangladesh,UAE,Marriage/Spouse,Permanent,45-54,Male,Bachelor's,2013,Divorced,10948,No
4929,India,United Kingdom,Permanent Residency,Permanent,25-34,Female,Bachelor's,2022,Married,947,Yes
4930,India,New Zealand,Skilled Worker Visa,Work,18-24,Male,Primary,2023,Married,2791,Yes
4931,India,Oman,Employment,Work,25-34,Male,Bachelor's,2025,Divorced,2246,Yes
4932,Pakistan,Saudi Arabia,Skilled Worker Visa,Work,25-34,Male,Master's,2025,Divorced,491,Yes
4933,Nepal,Germany,Family Reunification,Permanent,45-54,Male,Bachelor's,2022,Single,3820,Yes
4934,Pakistan,Kuwait,Employment,Work,25-34,Male,Primary,2015,Divorced,390,No
4935,Pakistan,Kuwait,Marriage/Spouse,Permanent,25-34,Male,Vocational/Technical,2014,Married,270,No
4936,Bangladesh,Italy,Higher Education,Permanent,25-34,Male,Secondary,2020,Divorced,461,Yes
4937,Pakistan,Australia,Higher Education,Permanent,25-34,Male,Bachelor's,2019,Divorced,973,Yes
4938,Bangladesh,South Korea,Economic Hardship,Permanent,25-34,Male,Secondary,2009,Single,490,Yes
4939,Nepal,Malaysia,Economic Hardship,Permanent,35-44,Male,Secondary,2001,Married,893,Yes
4940,Nepal,Malaysia,Employment,Work,25-34,Female,Bachelor's,2014,Married,226,No
4941,Nepal,Malaysia,Higher Education,Permanent,18-24,Male,Master's,2017,Married,953,Yes
4942,Sri Lanka,South Korea,Family Reunification,Permanent,25-34,Male,Bachelor's,2014,Single,1293,Yes
4943,India,United Kingdom,Business/Investment,Work,18-24,Male,Master's,2024,Divorced,1272,No
4944,Nepal,South Korea,Higher Education,Permanent,55+,Male,Vocational/Technical,2006,Single,631,No
4945,Pakistan,Canada,Better Quality of Life,Permanent,25-34,Female,Master's,2014,Single,1696,Yes
4946,Pakistan,Malaysia,Employment,Work,35-44,Male,Primary,2021,Single,484,No
4947,Bangladesh,Oman,Skilled Worker Visa,Work,18-24,Male,Vocational/Technical,2012,Married,9994,Yes
4948,Sri Lanka,Germany,Family Reunification,Permanent,18-24,Male,PhD,2006,Single,1083,Yes
4949,Pakistan,Kuwait,Marriage/Spouse,Permanent,25-34,Female,Master's,2024,Married,236,No
4950,India,Malaysia,Employment,Work,25-34,Male,Master's,2020,Divorced,442,Yes
4951,Pakistan,UAE,Employment,Work,18-24,Male,Bachelor's,2009,Single,1190,Yes
4952,Sri Lanka,United States,Family Reunification,Permanent,55+,Male,Master's,2000,Married,828,Yes
4953,Bangladesh,United Kingdom,Skilled Worker Visa,Work,45-54,Female,Secondary,2019,Married,441,Yes
4954,Nepal,Saudi Arabia,Employment,Work,25-34,Female,Secondary,2016,Married,963,No
4955,Bangladesh,Norway,Higher Education,Permanent,25-34,Male,Primary,2014,Divorced,755,Yes
4956,Sri Lanka,Norway,Marriage/Spouse,Permanent,35-44,Male,Bachelor's,2014,Divorced,921,Yes
4957,India,Germany,Family Reunification,Permanent,45-54,Female,Vocational/Technical,2024,Single,1421,Yes
4958,Nepal,Australia,Employment,Work,35-44,Male,Vocational/Technical,2018,Married,1399,Yes
4959,Bangladesh,France,Better Quality of Life,Permanent,18-24,Male,Master's,2018,Divorced,761,Yes
4960,Nepal,France,Marriage/Spouse,Permanent,18-24,Male,Vocational/Technical,2020,Married,1143,No
4961,Bangladesh,New Zealand,Employment,Work,35-44,Male,Secondary,2007,Married,8224,Yes
4962,Nepal,Italy,Higher Education,Permanent,35-44,Male,Vocational/Technical,2014,Married,325,Yes
4963,Sri Lanka,Australia,Skilled Worker Visa,Work,25-34,Male,Vocational/Technical,2011,Single,307,Yes
4964,Nepal,Malaysia,Employment,Work,55+,Male,Vocational/Technical,2017,Divorced,1847,Yes
4965,Nepal,France,Better Quality of Life,Permanent,35-44,Male,Secondary,2011,Single,2914,Yes
4966,Sri Lanka,United States,Permanent Residency,Permanent,25-34,Male,Vocational/Technical,2020,Married,1166,Yes
4967,Bangladesh,France,Family Reunification,Permanent,35-44,Male,Bachelor's,2022,Divorced,2811,No
4968,Nepal,Australia,Employment,Work,25-34,Male,Bachelor's,2009,Single,1468,Yes
4969,Sri Lanka,Saudi Arabia,Better Quality of Life,Permanent,35-44,Male,Master's,2016,Married,747,Yes
4970,Pakistan,New Zealand,Employment,Work,45-54,Female,Master's,2009,Divorced,388,Yes
4971,Sri Lanka,Norway,Marriage/Spouse,Permanent,55+,Male,Vocational/Technical,2021,Divorced,3106,Yes
4972,India,Malaysia,Family Reunification,Permanent,35-44,Female,Vocational/Technical,2019,Married,493,Yes
4973,Nepal,Japan,Marriage/Spouse,Permanent,25-34,Male,Master's,2012,Married,1206,Yes
4974,India,United States,Healthcare,Permanent,25-34,Male,Secondary,2024,Divorced,1245,Yes
4975,Nepal,New Zealand,Skilled Worker Visa,Work,25-34,Female,Vocational/Technical,2010,Single,1483,Yes
4976,India,Japan,Higher Education,Permanent,35-44,Male,Secondary,2013,Single,225,Yes
4977,India,Germany,Employment,Work,35-44,Male,Bachelor's,2024,Divorced,1639,Yes
4978,Bangladesh,Oman,Employment,Work,25-34,Male,Bachelor's,2020,Married,989,Yes
4979,India,France,Skilled Worker Visa,Work,25-34,Female,Secondary,2011,Divorced,270,Yes
4980,Pakistan,Norway,Employment,Work,18-24,Male,Secondary,2015,Divorced,1097,Yes
4981,Sri Lanka,Saudi Arabia,Permanent Residency,Permanent,45-54,Female,Bachelor's,2022,Divorced,637,Yes
4982,Nepal,Malaysia,Refugee/Asylum,Permanent,35-44,Female,Bachelor's,2023,Single,3646,Yes
4983,Bangladesh,United States,Skilled Worker Visa,Work,25-34,Female,Secondary,2009,Married,2902,Yes
4984,Bangladesh,Japan,Refugee/Asylum,Permanent,55+,Male,Bachelor's,2006,Divorced,241,Yes
4985,Bangladesh,Japan,Employment,Work,25-34,Male,Primary,2024,Married,596,Yes
4986,Bangladesh,Kuwait,Higher Education,Permanent,25-34,Male,Master's,2001,Single,340,No
4987,Nepal,Italy,Higher Education,Permanent,25-34,Male,Bachelor's,2004,Divorced,592,No
4988,Pakistan,South Korea,Family Reunification,Permanent,35-44,Male,Vocational/Technical,2014,Single,558,No
4989,India,Australia,Skilled Worker Visa,Work,18-24,Female,PhD,2003,Single,458,Yes
4990,Bangladesh,Oman,Political Instability,Permanent,35-44,Male,Secondary,2012,Divorced,1412,No
4991,India,UAE,Employment,Work,25-34,Male,Secondary,2015,Single,352,Yes
4992,Pakistan,South Korea,Marriage/Spouse,Permanent,25-34,Female,Bachelor's,2022,Married,2539,Yes
4993,Pakistan,United States,Economic Hardship,Permanent,25-34,Male,Secondary,2024,Single,1087,Yes
4994,Pakistan,Malaysia,Family Reunification,Permanent,18-24,Male,Secondary,2006,Married,5293,Yes
4995,Pakistan,United States,Skilled Worker Visa,Work,45-54,Male,Bachelor's,2017,Married,374,Yes
4996,Nepal,Saudi Arabia,Employment,Work,35-44,Male,Master's,2023,Single,564,Yes
4997,Bangladesh,Australia,Permanent Residency,Permanent,18-24,Female,Secondary,2020,Single,208,Yes
4998,Sri Lanka,United Kingdom,Employment,Work,18-24,Female,Bachelor's,2015,Married,377,No
4999,Bangladesh,Kuwait,Skilled Worker Visa,Work,55+,Male,Master's,2017,Divorced,376,Yes
5000,India,Norway,Marriage/Spouse,Permanent,35-44,Male,Bachelor's,2011,Married,10297,Yes
